CaseMasterID,ActID,SectionID,ActOrderID,SectionOrderID
1,BNS,303,1,1
2,BNS,309,1,1
3,BNS,303,1,1
4,BNS,303,1,1
5,BNS,309,1,1
6,BNS,303,1,1
7,BNS,309,1,1
8,BNS,303,1,1
9,BNS,303,1,1
10,BNS,303,1,1
11,BNS,303,1,1
12,BNS,309,1,1
13,BNS,303,1,1
14,BNS,303,1,1
15,BNS,331,1,1
15,BNS,303,2,2
16,BNS,331,1,1
16,BNS,303,2,2
17,BNS,331,1,1
17,BNS,303,2,2
18,BNS,331,1,1
18,BNS,303,2,2
19,BNS,331,1,1
19,BNS,303,2,2
20,BNS,331,1,1
20,BNS,303,2,2
21,BNS,331,1,1
21,BNS,303,2,2
22,BNS,331,1,1
22,BNS,303,2,2
23,BNS,331,1,1
23,BNS,303,2,2
24,BNS,331,1,1
24,BNS,303,2,2
25,BNS,331,1,1
25,BNS,303,2,2
26,BNS,331,1,1
26,BNS,303,2,2
27,BNS,331,1,1
27,BNS,303,2,2
28,BNS,331,1,1
28,BNS,303,2,2
29,BNS,331,1,1
29,BNS,303,2,2
30,BNS,331,1,1
30,BNS,303,2,2
31,BNS,331,1,1
31,BNS,303,2,2
32,BNS,331,1,1
32,BNS,303,2,2
33,BNS,331,1,1
33,BNS,303,2,2
34,BNS,331,1,1
34,BNS,303,2,2
35,BNS,331,1,1
35,BNS,303,2,2
36,BNS,331,1,1
36,BNS,303,2,2
37,BNS,331,1,1
37,BNS,303,2,2
38,BNS,331,1,1
38,BNS,303,2,2
39,BNS,331,1,1
39,BNS,303,2,2
40,BNS,331,1,1
40,BNS,303,2,2
41,BNS,331,1,1
41,BNS,303,2,2
42,BNS,331,1,1
42,BNS,303,2,2
43,BNS,331,1,1
43,BNS,303,2,2
44,BNS,331,1,1
44,BNS,303,2,2
45,BNS,331,1,1
45,BNS,303,2,2
46,BNS,331,1,1
46,BNS,303,2,2
47,BNS,331,1,1
47,BNS,303,2,2
48,BNS,331,1,1
48,BNS,303,2,2
49,BNS,331,1,1
49,BNS,303,2,2
50,BNS,331,1,1
50,BNS,303,2,2
51,BNS,331,1,1
51,BNS,303,2,2
52,BNS,331,1,1
52,BNS,303,2,2
53,BNS,331,1,1
53,BNS,303,2,2
54,BNS,331,1,1
54,BNS,303,2,2
55,BNS,331,1,1
55,BNS,303,2,2
56,BNS,331,1,1
56,BNS,303,2,2
57,BNS,331,1,1
57,BNS,303,2,2
58,BNS,331,1,1
58,BNS,303,2,2
59,BNS,331,1,1
59,BNS,303,2,2
60,BNS,331,1,1
60,BNS,303,2,2
61,BNS,331,1,1
61,BNS,303,2,2
62,BNS,331,1,1
62,BNS,303,2,2
63,BNS,331,1,1
63,BNS,303,2,2
64,BNS,331,1,1
64,BNS,303,2,2
65,BNS,331,1,1
65,BNS,303,2,2
66,BNS,331,1,1
66,BNS,303,2,2
67,BNS,331,1,1
67,BNS,303,2,2
68,BNS,331,1,1
68,BNS,303,2,2
69,BNS,331,1,1
69,BNS,303,2,2
70,BNS,331,1,1
70,BNS,303,2,2
71,BNS,331,1,1
71,BNS,303,2,2
72,BNS,331,1,1
72,BNS,303,2,2
73,BNS,331,1,1
73,BNS,303,2,2
74,BNS,331,1,1
74,BNS,303,2,2
75,BNS,331,1,1
75,BNS,303,2,2
76,BNS,331,1,1
76,BNS,303,2,2
77,BNS,331,1,1
77,BNS,303,2,2
78,BNS,331,1,1
78,BNS,303,2,2
79,BNS,331,1,1
79,BNS,303,2,2
80,BNS,331,1,1
80,BNS,303,2,2
81,BNS,331,1,1
81,BNS,303,2,2
82,BNS,331,1,1
82,BNS,303,2,2
83,BNS,331,1,1
83,BNS,303,2,2
84,BNS,331,1,1
84,BNS,303,2,2
85,BNS,331,1,1
85,BNS,303,2,2
86,BNS,331,1,1
86,BNS,303,2,2
87,BNS,331,1,1
87,BNS,303,2,2
88,BNS,331,1,1
88,BNS,303,2,2
89,BNS,331,1,1
89,BNS,303,2,2
90,BNS,331,1,1
90,BNS,303,2,2
91,BNS,331,1,1
91,BNS,303,2,2
92,BNS,331,1,1
92,BNS,303,2,2
93,BNS,331,1,1
93,BNS,303,2,2
94,BNS,331,1,1
94,BNS,303,2,2
95,BNS,331,1,1
95,BNS,303,2,2
96,BNS,331,1,1
96,BNS,303,2,2
97,BNS,331,1,1
97,BNS,303,2,2
98,BNS,331,1,1
98,BNS,303,2,2
99,BNS,331,1,1
99,BNS,303,2,2
100,BNS,331,1,1
100,BNS,303,2,2
101,BNS,331,1,1
101,BNS,303,2,2
102,BNS,331,1,1
102,BNS,303,2,2
103,BNS,331,1,1
103,BNS,303,2,2
104,BNS,331,1,1
104,BNS,303,2,2
105,BNS,331,1,1
105,BNS,303,2,2
106,BNS,331,1,1
106,BNS,303,2,2
107,BNS,331,1,1
107,BNS,303,2,2
108,BNS,331,1,1
108,BNS,303,2,2
109,BNS,331,1,1
109,BNS,303,2,2
110,BNS,331,1,1
110,BNS,303,2,2
111,BNS,331,1,1
111,BNS,303,2,2
112,BNS,331,1,1
112,BNS,303,2,2
113,BNS,331,1,1
113,BNS,303,2,2
114,BNS,331,1,1
114,BNS,303,2,2
115,BNS,331,1,1
115,BNS,303,2,2
116,BNS,331,1,1
116,BNS,303,2,2
117,BNS,331,1,1
117,BNS,303,2,2
118,BNS,331,1,1
118,BNS,303,2,2
119,BNS,331,1,1
119,BNS,303,2,2
120,BNS,331,1,1
120,BNS,303,2,2
121,BNS,331,1,1
121,BNS,303,2,2
122,BNS,331,1,1
122,BNS,303,2,2
123,BNS,331,1,1
123,BNS,303,2,2
124,BNS,331,1,1
124,BNS,303,2,2
125,BNS,331,1,1
125,BNS,303,2,2
126,BNS,331,1,1
126,BNS,303,2,2
127,BNS,331,1,1
127,BNS,303,2,2
128,BNS,331,1,1
128,BNS,303,2,2
129,BNS,331,1,1
129,BNS,303,2,2
130,BNS,331,1,1
130,BNS,303,2,2
131,BNS,331,1,1
131,BNS,303,2,2
132,BNS,331,1,1
132,BNS,303,2,2
133,BNS,331,1,1
133,BNS,303,2,2
134,BNS,331,1,1
134,BNS,303,2,2
135,BNS,331,1,1
135,BNS,303,2,2
136,BNS,115,1,1
137,BNS,303,1,1
138,BNS,303,1,1
139,BNS,318,1,1
140,BNS,189,1,1
141,ITACT,66D,1,1
141,BNS,318,2,2
142,BNS,303,1,1
143,BNS,304,1,1
144,NDPS,20,1,1
145,BNS,103,1,1
146,BNS,303,1,1
147,BNS,303,1,1
148,BNS,303,1,1
149,BNS,85,1,1
150,BNS,303,1,1
151,BNS,318,1,1
152,BNS,304,1,1
153,BNS,304,1,1
154,ITACT,66D,1,1
154,BNS,318,2,2
155,BNS,117,1,1
156,BNS,303,1,1
157,NDPS,21,1,1
158,BNS,85,1,1
159,BNS,303,1,1
160,BNS,85,1,1
161,BNS,309,1,1
162,BNS,303,1,1
163,BNS,304,1,1
164,BNS,115,1,1
165,ITACT,66C,1,1
166,BNS,304,1,1
167,BNS,318,1,1
168,ITACT,66C,1,1
169,ITACT,66D,1,1
169,BNS,318,2,2
170,BNS,318,1,1
171,BNS,318,1,1
172,ITACT,66D,1,1
172,BNS,318,2,2
173,BNS,85,1,1
174,BNS,117,1,1
175,BNS,115,1,1
176,BNS,318,1,1
177,NDPS,21,1,1
178,BNS,310,1,1
179,BNS,309,1,1
180,BNS,318,1,1
181,BNS,85,1,1
182,BNS,309,1,1
183,BNS,331,1,1
183,BNS,303,2,2
184,ITACT,66D,1,1
184,BNS,318,2,2
185,BNS,303,1,1
186,BNS,115,1,1
187,BNS,85,1,1
188,BNS,303,1,1
189,BNS,303,1,1
190,BNS,117,1,1
191,BNS,309,1,1
192,ITACT,66C,1,1
193,BNS,85,1,1
194,ITACT,66D,1,1
194,BNS,318,2,2
195,BNS,115,1,1
196,BNS,191,1,1
197,BNS,331,1,1
197,BNS,303,2,2
198,BNS,74,1,1
199,BNS,74,1,1
200,BNS,115,1,1
201,ITACT,66C,1,1
202,BNS,303,1,1
203,BNS,115,1,1
204,BNS,74,1,1
205,BNS,189,1,1
206,BNS,303,1,1
207,BNS,115,1,1
208,BNS,318,1,1
209,BNS,331,1,1
209,BNS,303,2,2
210,NDPS,20,1,1
211,NDPS,20,1,1
212,BNS,318,1,1
213,BNS,318,1,1
214,BNS,303,1,1
215,ITACT,66D,1,1
215,BNS,318,2,2
216,ITACT,66D,1,1
216,BNS,318,2,2
217,ITACT,66D,1,1
217,BNS,318,2,2
218,BNS,303,1,1
219,BNS,331,1,1
219,BNS,303,2,2
220,BNS,74,1,1
221,BNS,331,1,1
221,BNS,303,2,2
222,BNS,115,1,1
223,BNS,85,1,1
224,BNS,331,1,1
224,BNS,303,2,2
225,NDPS,20,1,1
226,BNS,331,1,1
226,BNS,303,2,2
227,ITACT,66C,1,1
228,ITACT,66D,1,1
228,BNS,318,2,2
229,BNS,109,1,1
230,BNS,117,1,1
231,BNS,303,1,1
232,NDPS,20,1,1
233,BNS,303,1,1
234,BNS,303,1,1
235,BNS,115,1,1
236,BNS,304,1,1
237,BNS,115,1,1
238,BNS,109,1,1
239,ITACT,66C,1,1
240,BNS,117,1,1
241,BNS,109,1,1
242,NDPS,21,1,1
243,BNS,85,1,1
244,BNS,189,1,1
245,BNS,331,1,1
245,BNS,303,2,2
246,BNS,304,1,1
247,BNS,117,1,1
248,ITACT,66D,1,1
248,BNS,318,2,2
249,BNS,103,1,1
250,BNS,318,1,1
251,BNS,115,1,1
252,BNS,303,1,1
253,ITACT,66D,1,1
253,BNS,318,2,2
254,BNS,310,1,1
255,ITACT,66D,1,1
255,BNS,318,2,2
256,BNS,117,1,1
257,BNS,303,1,1
258,BNS,74,1,1
259,BNS,331,1,1
259,BNS,303,2,2
260,BNS,316,1,1
261,BNS,303,1,1
262,BNS,85,1,1
263,ITACT,66C,1,1
264,BNS,316,1,1
265,BNS,85,1,1
266,ITACT,66D,1,1
266,BNS,318,2,2
267,BNS,74,1,1
268,BNS,85,1,1
269,NDPS,21,1,1
270,BNS,304,1,1
271,BNS,303,1,1
272,BNS,103,1,1
273,BNS,85,1,1
274,BNS,103,1,1
275,BNS,304,1,1
276,BNS,303,1,1
277,BNS,304,1,1
278,BNS,331,1,1
278,BNS,303,2,2
279,BNS,117,1,1
280,NDPS,21,1,1
281,BNS,115,1,1
282,BNS,303,1,1
283,BNS,115,1,1
284,BNS,303,1,1
285,BNS,303,1,1
286,BNS,316,1,1
287,BNS,303,1,1
288,BNS,309,1,1
289,BNS,304,1,1
290,BNS,115,1,1
291,BNS,303,1,1
292,BNS,103,1,1
293,BNS,115,1,1
294,BNS,85,1,1
295,BNS,303,1,1
296,NDPS,20,1,1
297,BNS,115,1,1
298,BNS,303,1,1
299,BNS,309,1,1
300,BNS,117,1,1
301,BNS,189,1,1
302,BNS,309,1,1
303,BNS,331,1,1
303,BNS,303,2,2
304,BNS,117,1,1
305,BNS,303,1,1
306,BNS,115,1,1
307,BNS,304,1,1
308,BNS,318,1,1
309,BNS,74,1,1
310,BNS,318,1,1
311,BNS,117,1,1
312,NDPS,20,1,1
313,BNS,115,1,1
314,BNS,303,1,1
315,BNS,331,1,1
315,BNS,303,2,2
316,BNS,115,1,1
317,BNS,303,1,1
318,BNS,115,1,1
319,BNS,189,1,1
320,BNS,85,1,1
321,BNS,303,1,1
322,BNS,303,1,1
323,BNS,115,1,1
324,BNS,303,1,1
325,BNS,304,1,1
326,BNS,115,1,1
327,BNS,109,1,1
328,BNS,331,1,1
328,BNS,303,2,2
329,BNS,74,1,1
330,BNS,303,1,1
331,BNS,303,1,1
332,ITACT,66D,1,1
332,BNS,318,2,2
333,BNS,103,1,1
334,BNS,303,1,1
335,ITACT,66D,1,1
335,BNS,318,2,2
336,ITACT,66D,1,1
336,BNS,318,2,2
337,BNS,331,1,1
337,BNS,303,2,2
338,BNS,303,1,1
339,BNS,303,1,1
340,BNS,74,1,1
341,BNS,115,1,1
342,BNS,304,1,1
343,BNS,103,1,1
344,ITACT,66C,1,1
345,BNS,191,1,1
346,BNS,318,1,1
347,ITACT,66D,1,1
347,BNS,318,2,2
348,BNS,304,1,1
349,BNS,304,1,1
350,BNS,309,1,1
351,NDPS,20,1,1
352,BNS,304,1,1
353,BNS,318,1,1
354,BNS,309,1,1
355,BNS,303,1,1
356,ITACT,66D,1,1
356,BNS,318,2,2
357,BNS,318,1,1
358,BNS,115,1,1
359,BNS,117,1,1
360,BNS,318,1,1
361,BNS,303,1,1
362,BNS,303,1,1
363,BNS,109,1,1
364,BNS,304,1,1
365,BNS,316,1,1
366,BNS,85,1,1
367,ITACT,66D,1,1
367,BNS,318,2,2
368,BNS,303,1,1
369,BNS,117,1,1
370,BNS,115,1,1
371,BNS,191,1,1
372,BNS,331,1,1
372,BNS,303,2,2
373,BNS,309,1,1
374,BNS,303,1,1
375,BNS,303,1,1
376,BNS,331,1,1
376,BNS,303,2,2
377,NDPS,20,1,1
378,BNS,109,1,1
379,BNS,85,1,1
380,NDPS,20,1,1
381,BNS,189,1,1
382,BNS,331,1,1
382,BNS,303,2,2
383,BNS,117,1,1
384,BNS,189,1,1
385,BNS,115,1,1
386,BNS,316,1,1
387,ITACT,66C,1,1
388,BNS,303,1,1
389,BNS,303,1,1
390,BNS,303,1,1
391,BNS,331,1,1
391,BNS,303,2,2
392,BNS,303,1,1
393,BNS,309,1,1
394,BNS,309,1,1
395,BNS,309,1,1
396,BNS,303,1,1
397,BNS,189,1,1
398,BNS,303,1,1
399,BNS,331,1,1
399,BNS,303,2,2
400,BNS,189,1,1
401,BNS,303,1,1
402,BNS,303,1,1
403,BNS,303,1,1
404,BNS,316,1,1
405,BNS,103,1,1
406,BNS,304,1,1
407,BNS,189,1,1
408,ITACT,66D,1,1
408,BNS,318,2,2
409,BNS,331,1,1
409,BNS,303,2,2
410,BNS,109,1,1
411,ITACT,66C,1,1
412,BNS,303,1,1
413,BNS,318,1,1
414,BNS,316,1,1
415,BNS,331,1,1
415,BNS,303,2,2
416,BNS,318,1,1
417,BNS,309,1,1
418,BNS,331,1,1
418,BNS,303,2,2
419,BNS,117,1,1
420,BNS,303,1,1
421,BNS,303,1,1
422,BNS,303,1,1
423,NDPS,20,1,1
424,BNS,85,1,1
425,BNS,189,1,1
426,BNS,304,1,1
427,ITACT,66D,1,1
427,BNS,318,2,2
428,BNS,331,1,1
428,BNS,303,2,2
429,BNS,303,1,1
430,BNS,115,1,1
431,BNS,103,1,1
432,BNS,303,1,1
433,BNS,318,1,1
434,BNS,304,1,1
435,BNS,303,1,1
436,BNS,303,1,1
437,NDPS,21,1,1
438,BNS,309,1,1
439,BNS,303,1,1
440,BNS,303,1,1
441,BNS,74,1,1
442,NDPS,20,1,1
443,BNS,74,1,1
444,BNS,74,1,1
445,BNS,309,1,1
446,BNS,318,1,1
447,BNS,117,1,1
448,BNS,318,1,1
449,BNS,303,1,1
450,BNS,318,1,1
451,BNS,303,1,1
452,BNS,85,1,1
453,BNS,303,1,1
454,BNS,117,1,1
455,BNS,303,1,1
456,BNS,331,1,1
456,BNS,303,2,2
457,BNS,303,1,1
458,NDPS,21,1,1
459,BNS,304,1,1
460,BNS,318,1,1
461,BNS,85,1,1
462,BNS,109,1,1
463,BNS,304,1,1
464,BNS,115,1,1
465,BNS,115,1,1
466,BNS,115,1,1
467,BNS,331,1,1
467,BNS,303,2,2
468,NDPS,20,1,1
469,BNS,331,1,1
469,BNS,303,2,2
470,BNS,115,1,1
471,BNS,85,1,1
472,BNS,304,1,1
473,BNS,74,1,1
474,BNS,316,1,1
475,BNS,109,1,1
476,BNS,303,1,1
477,BNS,303,1,1
478,BNS,303,1,1
479,BNS,318,1,1
480,BNS,189,1,1
481,BNS,103,1,1
482,BNS,331,1,1
482,BNS,303,2,2
483,BNS,310,1,1
484,BNS,304,1,1
485,BNS,331,1,1
485,BNS,303,2,2
486,BNS,303,1,1
487,BNS,318,1,1
488,BNS,115,1,1
489,BNS,304,1,1
490,BNS,303,1,1
491,BNS,115,1,1
492,NDPS,20,1,1
493,BNS,303,1,1
494,BNS,303,1,1
495,NDPS,20,1,1
496,ITACT,66D,1,1
496,BNS,318,2,2
497,BNS,304,1,1
498,BNS,109,1,1
499,NDPS,20,1,1
500,BNS,318,1,1
501,BNS,316,1,1
502,ITACT,66D,1,1
502,BNS,318,2,2
503,BNS,303,1,1
504,ITACT,66D,1,1
504,BNS,318,2,2
505,BNS,109,1,1
506,BNS,318,1,1
507,BNS,304,1,1
508,NDPS,21,1,1
509,BNS,189,1,1
510,BNS,189,1,1
511,BNS,303,1,1
512,BNS,303,1,1
513,BNS,85,1,1
514,BNS,115,1,1
515,BNS,117,1,1
516,BNS,309,1,1
517,ITACT,66D,1,1
517,BNS,318,2,2
518,BNS,189,1,1
519,BNS,303,1,1
520,ITACT,66D,1,1
520,BNS,318,2,2
521,BNS,303,1,1
522,ITACT,66D,1,1
522,BNS,318,2,2
523,BNS,303,1,1
524,BNS,304,1,1
525,ITACT,66D,1,1
525,BNS,318,2,2
526,BNS,117,1,1
527,BNS,316,1,1
528,NDPS,20,1,1
529,BNS,303,1,1
530,BNS,303,1,1
531,BNS,117,1,1
532,ITACT,66C,1,1
533,BNS,303,1,1
534,BNS,303,1,1
535,BNS,331,1,1
535,BNS,303,2,2
536,ITACT,66C,1,1
537,BNS,303,1,1
538,BNS,74,1,1
539,BNS,85,1,1
540,BNS,331,1,1
540,BNS,303,2,2
541,ITACT,66D,1,1
541,BNS,318,2,2
542,BNS,191,1,1
543,BNS,318,1,1
544,BNS,303,1,1
545,BNS,303,1,1
546,BNS,117,1,1
547,BNS,331,1,1
547,BNS,303,2,2
548,BNS,304,1,1
549,BNS,331,1,1
549,BNS,303,2,2
550,BNS,303,1,1
551,BNS,303,1,1
552,ITACT,66C,1,1
553,BNS,309,1,1
554,NDPS,20,1,1
555,BNS,310,1,1
556,BNS,115,1,1
557,BNS,74,1,1
558,BNS,303,1,1
559,BNS,303,1,1
560,ITACT,66C,1,1
561,BNS,318,1,1
562,BNS,303,1,1
563,BNS,331,1,1
563,BNS,303,2,2
564,BNS,303,1,1
565,BNS,318,1,1
566,BNS,303,1,1
567,BNS,117,1,1
568,ITACT,66D,1,1
568,BNS,318,2,2
569,BNS,309,1,1
570,BNS,331,1,1
570,BNS,303,2,2
571,BNS,303,1,1
572,BNS,115,1,1
573,BNS,304,1,1
574,BNS,310,1,1
575,BNS,331,1,1
575,BNS,303,2,2
576,BNS,191,1,1
577,BNS,303,1,1
578,BNS,303,1,1
579,BNS,103,1,1
580,BNS,303,1,1
581,BNS,109,1,1
582,BNS,303,1,1
583,NDPS,20,1,1
584,BNS,115,1,1
585,BNS,309,1,1
586,BNS,303,1,1
587,ITACT,66D,1,1
587,BNS,318,2,2
588,BNS,191,1,1
589,BNS,103,1,1
590,BNS,309,1,1
591,BNS,85,1,1
592,NDPS,20,1,1
593,NDPS,20,1,1
594,BNS,103,1,1
595,BNS,316,1,1
596,BNS,316,1,1
597,BNS,303,1,1
598,BNS,115,1,1
599,BNS,189,1,1
600,BNS,303,1,1
601,BNS,304,1,1
602,BNS,85,1,1
603,BNS,318,1,1
604,BNS,117,1,1
605,BNS,331,1,1
605,BNS,303,2,2
606,BNS,303,1,1
607,BNS,303,1,1
608,BNS,304,1,1
609,BNS,331,1,1
609,BNS,303,2,2
610,BNS,115,1,1
611,BNS,304,1,1
612,NDPS,20,1,1
613,BNS,331,1,1
613,BNS,303,2,2
614,BNS,117,1,1
615,ITACT,66D,1,1
615,BNS,318,2,2
616,BNS,304,1,1
617,BNS,303,1,1
618,BNS,318,1,1
619,BNS,115,1,1
620,BNS,318,1,1
621,BNS,303,1,1
622,BNS,318,1,1
623,BNS,303,1,1
624,BNS,191,1,1
625,BNS,304,1,1
626,BNS,115,1,1
627,BNS,318,1,1
628,BNS,331,1,1
628,BNS,303,2,2
629,ITACT,66D,1,1
629,BNS,318,2,2
630,BNS,303,1,1
631,BNS,303,1,1
632,BNS,303,1,1
633,BNS,316,1,1
634,BNS,303,1,1
635,ITACT,66D,1,1
635,BNS,318,2,2
636,BNS,304,1,1
637,BNS,303,1,1
638,BNS,316,1,1
639,BNS,303,1,1
640,BNS,304,1,1
641,ITACT,66C,1,1
642,BNS,74,1,1
643,ITACT,66D,1,1
643,BNS,318,2,2
644,BNS,303,1,1
645,BNS,331,1,1
645,BNS,303,2,2
646,BNS,309,1,1
647,BNS,303,1,1
648,BNS,304,1,1
649,ITACT,66D,1,1
649,BNS,318,2,2
650,BNS,303,1,1
651,ITACT,66D,1,1
651,BNS,318,2,2
652,BNS,331,1,1
652,BNS,303,2,2
653,BNS,303,1,1
654,BNS,85,1,1
655,ITACT,66D,1,1
655,BNS,318,2,2
656,BNS,85,1,1
657,NDPS,20,1,1
658,BNS,303,1,1
659,BNS,331,1,1
659,BNS,303,2,2
660,BNS,303,1,1
661,BNS,191,1,1
662,BNS,303,1,1
663,ITACT,66D,1,1
663,BNS,318,2,2
664,BNS,331,1,1
664,BNS,303,2,2
665,BNS,115,1,1
666,BNS,303,1,1
667,BNS,318,1,1
668,BNS,303,1,1
669,BNS,303,1,1
670,BNS,303,1,1
671,BNS,303,1,1
672,BNS,303,1,1
673,BNS,109,1,1
674,BNS,191,1,1
675,BNS,303,1,1
676,NDPS,20,1,1
677,BNS,189,1,1
678,BNS,331,1,1
678,BNS,303,2,2
679,BNS,316,1,1
680,BNS,309,1,1
681,NDPS,20,1,1
682,BNS,189,1,1
683,BNS,115,1,1
684,BNS,304,1,1
685,NDPS,20,1,1
686,BNS,189,1,1
687,BNS,74,1,1
688,BNS,309,1,1
689,BNS,303,1,1
690,BNS,191,1,1
691,BNS,303,1,1
692,BNS,303,1,1
693,BNS,303,1,1
694,ITACT,66D,1,1
694,BNS,318,2,2
695,BNS,117,1,1
696,ITACT,66D,1,1
696,BNS,318,2,2
697,BNS,304,1,1
698,BNS,115,1,1
699,BNS,109,1,1
700,BNS,303,1,1
701,BNS,115,1,1
702,BNS,303,1,1
703,NDPS,20,1,1
704,BNS,303,1,1
705,BNS,189,1,1
706,BNS,331,1,1
706,BNS,303,2,2
707,BNS,304,1,1
708,BNS,303,1,1
709,BNS,115,1,1
710,BNS,115,1,1
711,ITACT,66D,1,1
711,BNS,318,2,2
712,BNS,85,1,1
713,BNS,303,1,1
714,BNS,85,1,1
715,BNS,74,1,1
716,BNS,189,1,1
717,BNS,303,1,1
718,BNS,191,1,1
719,BNS,331,1,1
719,BNS,303,2,2
720,ITACT,66D,1,1
720,BNS,318,2,2
721,BNS,304,1,1
722,BNS,191,1,1
723,ITACT,66D,1,1
723,BNS,318,2,2
724,BNS,318,1,1
725,BNS,74,1,1
726,BNS,303,1,1
727,BNS,318,1,1
728,BNS,331,1,1
728,BNS,303,2,2
729,BNS,318,1,1
730,BNS,318,1,1
731,NDPS,20,1,1
732,BNS,303,1,1
733,BNS,303,1,1
734,ITACT,66D,1,1
734,BNS,318,2,2
735,BNS,304,1,1
736,BNS,117,1,1
737,BNS,331,1,1
737,BNS,303,2,2
738,BNS,309,1,1
739,NDPS,20,1,1
740,BNS,303,1,1
741,BNS,303,1,1
742,BNS,316,1,1
743,BNS,304,1,1
744,BNS,318,1,1
745,BNS,331,1,1
745,BNS,303,2,2
746,BNS,303,1,1
747,BNS,303,1,1
748,BNS,303,1,1
749,BNS,303,1,1
750,BNS,303,1,1
751,BNS,318,1,1
752,BNS,318,1,1
753,ITACT,66D,1,1
753,BNS,318,2,2
754,ITACT,66D,1,1
754,BNS,318,2,2
755,BNS,74,1,1
756,ITACT,66D,1,1
756,BNS,318,2,2
757,BNS,304,1,1
758,BNS,303,1,1
759,ITACT,66D,1,1
759,BNS,318,2,2
760,BNS,304,1,1
761,BNS,115,1,1
762,BNS,103,1,1
763,BNS,304,1,1
764,BNS,109,1,1
765,BNS,117,1,1
766,BNS,331,1,1
766,BNS,303,2,2
767,BNS,191,1,1
768,BNS,331,1,1
768,BNS,303,2,2
769,BNS,303,1,1
770,BNS,318,1,1
771,BNS,115,1,1
772,ITACT,66C,1,1
773,BNS,303,1,1
774,BNS,115,1,1
775,BNS,303,1,1
776,ITACT,66D,1,1
776,BNS,318,2,2
777,BNS,303,1,1
778,BNS,309,1,1
779,BNS,303,1,1
780,BNS,109,1,1
781,BNS,303,1,1
782,BNS,117,1,1
783,BNS,117,1,1
784,BNS,304,1,1
785,BNS,318,1,1
786,BNS,316,1,1
787,BNS,318,1,1
788,NDPS,20,1,1
789,BNS,304,1,1
790,ITACT,66D,1,1
790,BNS,318,2,2
791,BNS,117,1,1
792,ITACT,66D,1,1
792,BNS,318,2,2
793,ITACT,66D,1,1
793,BNS,318,2,2
794,BNS,303,1,1
795,BNS,115,1,1
796,BNS,318,1,1
797,BNS,318,1,1
798,BNS,115,1,1
799,BNS,303,1,1
800,BNS,331,1,1
800,BNS,303,2,2
801,BNS,304,1,1
802,BNS,318,1,1
803,BNS,303,1,1
804,BNS,304,1,1
805,BNS,318,1,1
806,NDPS,20,1,1
807,BNS,304,1,1
808,BNS,304,1,1
809,BNS,318,1,1
810,BNS,115,1,1
811,BNS,316,1,1
812,BNS,189,1,1
813,BNS,74,1,1
814,BNS,303,1,1
815,BNS,316,1,1
816,BNS,318,1,1
817,BNS,117,1,1
818,BNS,304,1,1
819,ITACT,66C,1,1
820,BNS,304,1,1
821,BNS,309,1,1
822,BNS,316,1,1
823,BNS,309,1,1
824,BNS,303,1,1
825,BNS,331,1,1
825,BNS,303,2,2
826,BNS,303,1,1
827,BNS,318,1,1
828,BNS,303,1,1
829,BNS,331,1,1
829,BNS,303,2,2
830,BNS,85,1,1
831,BNS,303,1,1
832,BNS,304,1,1
833,BNS,117,1,1
834,BNS,304,1,1
835,BNS,303,1,1
836,BNS,117,1,1
837,ITACT,66D,1,1
837,BNS,318,2,2
838,BNS,331,1,1
838,BNS,303,2,2
839,BNS,303,1,1
840,BNS,103,1,1
841,BNS,318,1,1
842,ITACT,66D,1,1
842,BNS,318,2,2
843,BNS,309,1,1
844,BNS,85,1,1
845,ITACT,66D,1,1
845,BNS,318,2,2
846,ITACT,66C,1,1
847,BNS,103,1,1
848,BNS,303,1,1
849,BNS,303,1,1
850,BNS,331,1,1
850,BNS,303,2,2
851,BNS,74,1,1
852,BNS,74,1,1
853,ITACT,66D,1,1
853,BNS,318,2,2
854,ITACT,66C,1,1
855,NDPS,21,1,1
856,BNS,303,1,1
857,BNS,74,1,1
858,ITACT,66D,1,1
858,BNS,318,2,2
859,BNS,189,1,1
860,BNS,74,1,1
861,BNS,117,1,1
862,BNS,303,1,1
863,BNS,189,1,1
864,NDPS,20,1,1
865,BNS,303,1,1
866,BNS,74,1,1
867,BNS,109,1,1
868,NDPS,21,1,1
869,BNS,331,1,1
869,BNS,303,2,2
870,BNS,117,1,1
871,BNS,303,1,1
872,BNS,318,1,1
873,NDPS,20,1,1
874,BNS,303,1,1
875,BNS,115,1,1
876,NDPS,20,1,1
877,BNS,331,1,1
877,BNS,303,2,2
878,BNS,115,1,1
879,BNS,304,1,1
880,BNS,304,1,1
881,NDPS,21,1,1
882,ITACT,66D,1,1
882,BNS,318,2,2
883,BNS,303,1,1
884,BNS,115,1,1
885,BNS,331,1,1
885,BNS,303,2,2
886,BNS,115,1,1
887,BNS,303,1,1
888,BNS,85,1,1
889,BNS,191,1,1
890,NDPS,21,1,1
891,BNS,303,1,1
892,BNS,303,1,1
893,BNS,303,1,1
894,BNS,316,1,1
895,BNS,331,1,1
895,BNS,303,2,2
896,BNS,303,1,1
897,BNS,303,1,1
898,BNS,85,1,1
899,BNS,303,1,1
900,BNS,117,1,1
901,BNS,303,1,1
902,NDPS,20,1,1
903,BNS,304,1,1
904,BNS,191,1,1
905,BNS,303,1,1
906,BNS,303,1,1
907,BNS,303,1,1
908,ITACT,66C,1,1
909,BNS,304,1,1
910,ITACT,66C,1,1
911,BNS,303,1,1
912,BNS,303,1,1
913,BNS,115,1,1
914,ITACT,66C,1,1
915,BNS,74,1,1
916,NDPS,21,1,1
917,ITACT,66D,1,1
917,BNS,318,2,2
918,BNS,304,1,1
919,BNS,309,1,1
920,BNS,318,1,1
921,BNS,85,1,1
922,BNS,303,1,1
923,BNS,85,1,1
924,ITACT,66D,1,1
924,BNS,318,2,2
925,BNS,303,1,1
926,BNS,109,1,1
927,BNS,316,1,1
928,BNS,331,1,1
928,BNS,303,2,2
929,BNS,103,1,1
930,BNS,303,1,1
931,BNS,189,1,1
932,ITACT,66D,1,1
932,BNS,318,2,2
933,ITACT,66D,1,1
933,BNS,318,2,2
934,BNS,74,1,1
935,BNS,303,1,1
936,BNS,331,1,1
936,BNS,303,2,2
937,ITACT,66D,1,1
937,BNS,318,2,2
938,BNS,303,1,1
939,BNS,303,1,1
940,BNS,303,1,1
941,NDPS,20,1,1
942,BNS,115,1,1
943,BNS,309,1,1
944,BNS,304,1,1
945,BNS,303,1,1
946,BNS,115,1,1
947,BNS,318,1,1
948,BNS,316,1,1
949,BNS,303,1,1
950,BNS,303,1,1
951,BNS,309,1,1
952,BNS,304,1,1
953,BNS,74,1,1
954,ITACT,66D,1,1
954,BNS,318,2,2
955,ITACT,66D,1,1
955,BNS,318,2,2
956,BNS,103,1,1
957,BNS,318,1,1
958,BNS,309,1,1
959,BNS,109,1,1
960,BNS,303,1,1
961,ITACT,66D,1,1
961,BNS,318,2,2
962,BNS,115,1,1
963,BNS,331,1,1
963,BNS,303,2,2
964,BNS,304,1,1
965,BNS,304,1,1
966,BNS,117,1,1
967,BNS,303,1,1
968,BNS,318,1,1
969,BNS,318,1,1
970,BNS,304,1,1
971,BNS,115,1,1
972,ITACT,66D,1,1
972,BNS,318,2,2
973,NDPS,20,1,1
974,ITACT,66D,1,1
974,BNS,318,2,2
975,BNS,303,1,1
976,ITACT,66C,1,1
977,BNS,115,1,1
978,BNS,303,1,1
979,BNS,189,1,1
980,ITACT,66D,1,1
980,BNS,318,2,2
981,BNS,303,1,1
982,BNS,304,1,1
983,ITACT,66C,1,1
984,BNS,310,1,1
985,BNS,117,1,1
986,BNS,303,1,1
987,BNS,115,1,1
988,BNS,304,1,1
989,NDPS,20,1,1
990,NDPS,20,1,1
991,BNS,303,1,1
992,BNS,109,1,1
993,BNS,316,1,1
994,BNS,303,1,1
995,BNS,103,1,1
996,ITACT,66D,1,1
996,BNS,318,2,2
997,NDPS,21,1,1
998,BNS,74,1,1
999,ITACT,66C,1,1
1000,BNS,318,1,1
1001,BNS,304,1,1
1002,ITACT,66D,1,1
1002,BNS,318,2,2
1003,BNS,310,1,1
1004,ITACT,66D,1,1
1004,BNS,318,2,2
1005,BNS,303,1,1
1006,ITACT,66D,1,1
1006,BNS,318,2,2
1007,BNS,109,1,1
1008,BNS,74,1,1
1009,BNS,85,1,1
1010,ITACT,66D,1,1
1010,BNS,318,2,2
1011,BNS,85,1,1
1012,BNS,303,1,1
1013,BNS,309,1,1
1014,BNS,117,1,1
1015,BNS,303,1,1
1016,BNS,303,1,1
1017,BNS,318,1,1
1018,BNS,303,1,1
1019,BNS,303,1,1
1020,BNS,303,1,1
1021,ITACT,66C,1,1
1022,ITACT,66D,1,1
1022,BNS,318,2,2
1023,BNS,331,1,1
1023,BNS,303,2,2
1024,BNS,85,1,1
1025,BNS,316,1,1
1026,BNS,303,1,1
1027,BNS,115,1,1
1028,BNS,309,1,1
1029,BNS,191,1,1
1030,ITACT,66C,1,1
1031,BNS,310,1,1
1032,BNS,115,1,1
1033,BNS,74,1,1
1034,BNS,303,1,1
1035,BNS,331,1,1
1035,BNS,303,2,2
1036,BNS,304,1,1
1037,BNS,191,1,1
1038,NDPS,20,1,1
1039,BNS,191,1,1
1040,ITACT,66D,1,1
1040,BNS,318,2,2
1041,BNS,304,1,1
1042,BNS,303,1,1
1043,BNS,303,1,1
1044,BNS,309,1,1
1045,BNS,318,1,1
1046,BNS,303,1,1
1047,BNS,304,1,1
1048,BNS,109,1,1
1049,BNS,115,1,1
1050,BNS,304,1,1
1051,BNS,303,1,1
1052,BNS,304,1,1
1053,BNS,309,1,1
1054,BNS,115,1,1
1055,NDPS,20,1,1
1056,BNS,318,1,1
1057,BNS,318,1,1
1058,BNS,331,1,1
1058,BNS,303,2,2
1059,BNS,303,1,1
1060,BNS,115,1,1
1061,BNS,303,1,1
1062,ITACT,66D,1,1
1062,BNS,318,2,2
1063,ITACT,66D,1,1
1063,BNS,318,2,2
1064,NDPS,21,1,1
1065,BNS,115,1,1
1066,BNS,74,1,1
1067,BNS,309,1,1
1068,BNS,115,1,1
1069,BNS,115,1,1
1070,BNS,304,1,1
1071,BNS,74,1,1
1072,BNS,117,1,1
1073,ITACT,66D,1,1
1073,BNS,318,2,2
1074,ITACT,66D,1,1
1074,BNS,318,2,2
1075,BNS,117,1,1
1076,BNS,115,1,1
1077,BNS,74,1,1
1078,BNS,318,1,1
1079,BNS,318,1,1
1080,BNS,189,1,1
1081,BNS,303,1,1
1082,BNS,303,1,1
1083,NDPS,20,1,1
1084,BNS,115,1,1
1085,BNS,303,1,1
1086,ITACT,66D,1,1
1086,BNS,318,2,2
1087,BNS,74,1,1
1088,BNS,117,1,1
1089,BNS,318,1,1
1090,BNS,309,1,1
1091,BNS,115,1,1
1092,BNS,303,1,1
1093,BNS,309,1,1
1094,NDPS,20,1,1
1095,BNS,117,1,1
1096,BNS,309,1,1
1097,BNS,304,1,1
1098,BNS,117,1,1
1099,BNS,309,1,1
1100,BNS,74,1,1
1101,BNS,318,1,1
1102,ITACT,66D,1,1
1102,BNS,318,2,2
1103,BNS,303,1,1
1104,BNS,85,1,1
1105,BNS,318,1,1
1106,ITACT,66C,1,1
1107,BNS,304,1,1
1108,BNS,303,1,1
1109,BNS,115,1,1
1110,BNS,117,1,1
1111,BNS,303,1,1
1112,ITACT,66C,1,1
1113,BNS,303,1,1
1114,ITACT,66C,1,1
1115,BNS,117,1,1
1116,BNS,115,1,1
1117,BNS,331,1,1
1117,BNS,303,2,2
1118,NDPS,20,1,1
1119,BNS,318,1,1
1120,BNS,318,1,1
1121,BNS,303,1,1
1122,BNS,303,1,1
1123,BNS,303,1,1
1124,BNS,309,1,1
1125,BNS,331,1,1
1125,BNS,303,2,2
1126,BNS,103,1,1
1127,BNS,115,1,1
1128,BNS,115,1,1
1129,BNS,303,1,1
1130,BNS,85,1,1
1131,BNS,117,1,1
1132,BNS,318,1,1
1133,BNS,303,1,1
1134,ITACT,66C,1,1
1135,BNS,309,1,1
1136,BNS,189,1,1
1137,BNS,310,1,1
1138,ITACT,66D,1,1
1138,BNS,318,2,2
1139,BNS,318,1,1
1140,ITACT,66D,1,1
1140,BNS,318,2,2
1141,BNS,103,1,1
1142,NDPS,20,1,1
1143,BNS,318,1,1
1144,NDPS,21,1,1
1145,BNS,316,1,1
1146,BNS,304,1,1
1147,BNS,85,1,1
1148,ITACT,66D,1,1
1148,BNS,318,2,2
1149,BNS,318,1,1
1150,BNS,303,1,1
1151,BNS,331,1,1
1151,BNS,303,2,2
1152,BNS,318,1,1
1153,BNS,117,1,1
1154,NDPS,20,1,1
1155,BNS,304,1,1
1156,BNS,74,1,1
1157,BNS,303,1,1
1158,BNS,316,1,1
1159,BNS,331,1,1
1159,BNS,303,2,2
1160,BNS,109,1,1
1161,BNS,117,1,1
1162,BNS,318,1,1
1163,BNS,303,1,1
1164,BNS,309,1,1
1165,BNS,303,1,1
1166,ITACT,66C,1,1
1167,BNS,117,1,1
1168,BNS,303,1,1
1169,NDPS,20,1,1
1170,NDPS,21,1,1
1171,BNS,109,1,1
1172,BNS,331,1,1
1172,BNS,303,2,2
1173,BNS,316,1,1
1174,ITACT,66D,1,1
1174,BNS,318,2,2
1175,BNS,303,1,1
1176,BNS,303,1,1
1177,BNS,303,1,1
1178,ITACT,66D,1,1
1178,BNS,318,2,2
1179,BNS,117,1,1
1180,NDPS,21,1,1
1181,BNS,318,1,1
1182,BNS,318,1,1
1183,BNS,115,1,1
1184,BNS,74,1,1
1185,BNS,85,1,1
1186,ITACT,66D,1,1
1186,BNS,318,2,2
1187,BNS,191,1,1
1188,ITACT,66C,1,1
1189,BNS,85,1,1
1190,BNS,318,1,1
1191,BNS,316,1,1
1192,ITACT,66D,1,1
1192,BNS,318,2,2
1193,BNS,303,1,1
1194,BNS,189,1,1
1195,BNS,85,1,1
1196,BNS,331,1,1
1196,BNS,303,2,2
1197,BNS,309,1,1
1198,BNS,103,1,1
1199,BNS,331,1,1
1199,BNS,303,2,2
1200,BNS,303,1,1
1201,BNS,318,1,1
1202,BNS,117,1,1
1203,BNS,304,1,1
1204,BNS,331,1,1
1204,BNS,303,2,2
1205,BNS,304,1,1
1206,BNS,318,1,1
1207,ITACT,66D,1,1
1207,BNS,318,2,2
1208,BNS,303,1,1
1209,ITACT,66D,1,1
1209,BNS,318,2,2
1210,BNS,74,1,1
1211,ITACT,66C,1,1
1212,BNS,309,1,1
1213,BNS,318,1,1
1214,BNS,309,1,1
1215,BNS,103,1,1
1216,BNS,316,1,1
1217,BNS,115,1,1
1218,BNS,115,1,1
1219,BNS,318,1,1
1220,BNS,309,1,1
1221,BNS,189,1,1
1222,NDPS,20,1,1
1223,BNS,303,1,1
1224,BNS,303,1,1
1225,BNS,331,1,1
1225,BNS,303,2,2
1226,ITACT,66D,1,1
1226,BNS,318,2,2
1227,BNS,304,1,1
1228,BNS,303,1,1
1229,BNS,74,1,1
1230,BNS,303,1,1
1231,NDPS,21,1,1
1232,BNS,303,1,1
1233,BNS,331,1,1
1233,BNS,303,2,2
1234,BNS,303,1,1
1235,BNS,310,1,1
1236,BNS,303,1,1
1237,BNS,74,1,1
1238,BNS,117,1,1
1239,BNS,309,1,1
1240,BNS,303,1,1
1241,BNS,303,1,1
1242,BNS,85,1,1
1243,BNS,318,1,1
1244,ITACT,66C,1,1
1245,BNS,85,1,1
1246,BNS,309,1,1
1247,BNS,74,1,1
1248,BNS,303,1,1
1249,BNS,117,1,1
1250,BNS,115,1,1
1251,BNS,309,1,1
1252,BNS,74,1,1
1253,BNS,331,1,1
1253,BNS,303,2,2
1254,ITACT,66D,1,1
1254,BNS,318,2,2
1255,BNS,318,1,1
1256,BNS,309,1,1
1257,ITACT,66D,1,1
1257,BNS,318,2,2
1258,ITACT,66C,1,1
1259,BNS,189,1,1
1260,BNS,117,1,1
1261,BNS,331,1,1
1261,BNS,303,2,2
1262,BNS,331,1,1
1262,BNS,303,2,2
1263,BNS,331,1,1
1263,BNS,303,2,2
1264,BNS,303,1,1
1265,BNS,303,1,1
1266,BNS,303,1,1
1267,BNS,303,1,1
1268,BNS,331,1,1
1268,BNS,303,2,2
1269,BNS,303,1,1
1270,BNS,117,1,1
1271,BNS,303,1,1
1272,BNS,318,1,1
1273,BNS,303,1,1
1274,BNS,331,1,1
1274,BNS,303,2,2
1275,BNS,304,1,1
1276,BNS,318,1,1
1277,BNS,304,1,1
1278,NDPS,21,1,1
1279,BNS,191,1,1
1280,BNS,303,1,1
1281,BNS,74,1,1
1282,BNS,309,1,1
1283,BNS,316,1,1
1284,BNS,303,1,1
1285,BNS,316,1,1
1286,BNS,303,1,1
1287,BNS,117,1,1
1288,BNS,318,1,1
1289,BNS,309,1,1
1290,BNS,331,1,1
1290,BNS,303,2,2
1291,BNS,304,1,1
1292,BNS,303,1,1
1293,BNS,331,1,1
1293,BNS,303,2,2
1294,NDPS,21,1,1
1295,NDPS,21,1,1
1296,BNS,189,1,1
1297,BNS,191,1,1
1298,BNS,303,1,1
1299,BNS,331,1,1
1299,BNS,303,2,2
1300,BNS,303,1,1
1301,BNS,117,1,1
1302,BNS,331,1,1
1302,BNS,303,2,2
1303,ITACT,66D,1,1
1303,BNS,318,2,2
1304,ITACT,66D,1,1
1304,BNS,318,2,2
1305,BNS,304,1,1
1306,BNS,303,1,1
1307,BNS,115,1,1
1308,BNS,309,1,1
1309,BNS,309,1,1
1310,BNS,191,1,1
1311,BNS,318,1,1
1312,BNS,331,1,1
1312,BNS,303,2,2
1313,ITACT,66D,1,1
1313,BNS,318,2,2
1314,BNS,303,1,1
1315,BNS,316,1,1
1316,BNS,303,1,1
1317,BNS,109,1,1
1318,BNS,303,1,1
1319,BNS,331,1,1
1319,BNS,303,2,2
1320,BNS,103,1,1
1321,BNS,303,1,1
1322,BNS,331,1,1
1322,BNS,303,2,2
1323,BNS,303,1,1
1324,NDPS,21,1,1
1325,BNS,117,1,1
1326,BNS,316,1,1
1327,BNS,303,1,1
1328,BNS,115,1,1
1329,BNS,117,1,1
1330,BNS,316,1,1
1331,BNS,309,1,1
1332,NDPS,20,1,1
1333,BNS,304,1,1
1334,BNS,309,1,1
1335,NDPS,20,1,1
1336,BNS,303,1,1
1337,NDPS,20,1,1
1338,BNS,318,1,1
1339,ITACT,66D,1,1
1339,BNS,318,2,2
1340,BNS,117,1,1
1341,ITACT,66C,1,1
1342,BNS,117,1,1
1343,BNS,117,1,1
1344,BNS,309,1,1
1345,BNS,103,1,1
1346,BNS,331,1,1
1346,BNS,303,2,2
1347,BNS,331,1,1
1347,BNS,303,2,2
1348,BNS,303,1,1
1349,BNS,303,1,1
1350,BNS,303,1,1
1351,BNS,304,1,1
1352,BNS,309,1,1
1353,BNS,304,1,1
1354,BNS,303,1,1
1355,BNS,303,1,1
1356,BNS,309,1,1
1357,ITACT,66D,1,1
1357,BNS,318,2,2
1358,BNS,316,1,1
1359,BNS,303,1,1
1360,BNS,115,1,1
1361,BNS,115,1,1
1362,BNS,304,1,1
1363,BNS,304,1,1
1364,BNS,303,1,1
1365,BNS,117,1,1
1366,BNS,303,1,1
1367,BNS,303,1,1
1368,BNS,303,1,1
1369,BNS,309,1,1
1370,BNS,117,1,1
1371,BNS,316,1,1
1372,BNS,115,1,1
1373,BNS,304,1,1
1374,BNS,318,1,1
1375,BNS,117,1,1
1376,BNS,117,1,1
1377,BNS,318,1,1
1378,BNS,304,1,1
1379,BNS,103,1,1
1380,BNS,189,1,1
1381,BNS,304,1,1
1382,BNS,85,1,1
1383,BNS,303,1,1
1384,BNS,309,1,1
1385,BNS,331,1,1
1385,BNS,303,2,2
1386,BNS,303,1,1
1387,NDPS,20,1,1
1388,BNS,115,1,1
1389,BNS,303,1,1
1390,BNS,85,1,1
1391,BNS,331,1,1
1391,BNS,303,2,2
1392,BNS,303,1,1
1393,BNS,115,1,1
1394,BNS,303,1,1
1395,BNS,331,1,1
1395,BNS,303,2,2
1396,BNS,309,1,1
1397,BNS,303,1,1
1398,BNS,318,1,1
1399,BNS,316,1,1
1400,BNS,303,1,1
1401,BNS,331,1,1
1401,BNS,303,2,2
1402,BNS,309,1,1
1403,BNS,303,1,1
1404,BNS,74,1,1
1405,BNS,115,1,1
1406,NDPS,21,1,1
1407,BNS,303,1,1
1408,ITACT,66D,1,1
1408,BNS,318,2,2
1409,BNS,303,1,1
1410,BNS,303,1,1
1411,BNS,115,1,1
1412,BNS,74,1,1
1413,BNS,331,1,1
1413,BNS,303,2,2
1414,ITACT,66D,1,1
1414,BNS,318,2,2
1415,ITACT,66D,1,1
1415,BNS,318,2,2
1416,NDPS,20,1,1
1417,BNS,316,1,1
1418,ITACT,66D,1,1
1418,BNS,318,2,2
1419,ITACT,66C,1,1
1420,BNS,318,1,1
1421,ITACT,66D,1,1
1421,BNS,318,2,2
1422,BNS,304,1,1
1423,BNS,309,1,1
1424,BNS,303,1,1
1425,BNS,303,1,1
1426,BNS,304,1,1
1427,BNS,304,1,1
1428,BNS,303,1,1
1429,BNS,109,1,1
1430,ITACT,66C,1,1
1431,BNS,109,1,1
1432,ITACT,66D,1,1
1432,BNS,318,2,2
1433,BNS,331,1,1
1433,BNS,303,2,2
1434,BNS,303,1,1
1435,BNS,115,1,1
1436,BNS,304,1,1
1437,BNS,85,1,1
1438,NDPS,20,1,1
1439,BNS,303,1,1
1440,BNS,310,1,1
1441,BNS,117,1,1
1442,BNS,303,1,1
1443,BNS,303,1,1
1444,BNS,331,1,1
1444,BNS,303,2,2
1445,BNS,117,1,1
1446,BNS,318,1,1
1447,BNS,115,1,1
1448,BNS,304,1,1
1449,BNS,303,1,1
1450,BNS,303,1,1
1451,ITACT,66D,1,1
1451,BNS,318,2,2
1452,BNS,103,1,1
1453,BNS,318,1,1
1454,BNS,331,1,1
1454,BNS,303,2,2
1455,BNS,303,1,1
1456,BNS,331,1,1
1456,BNS,303,2,2
1457,BNS,303,1,1
1458,BNS,316,1,1
1459,BNS,303,1,1
1460,BNS,318,1,1
1461,BNS,115,1,1
1462,BNS,303,1,1
1463,BNS,309,1,1
1464,ITACT,66D,1,1
1464,BNS,318,2,2
1465,BNS,304,1,1
1466,BNS,331,1,1
1466,BNS,303,2,2
1467,BNS,303,1,1
1468,BNS,191,1,1
1469,BNS,303,1,1
1470,BNS,316,1,1
1471,BNS,303,1,1
1472,NDPS,20,1,1
1473,BNS,109,1,1
1474,BNS,85,1,1
1475,BNS,115,1,1
1476,BNS,115,1,1
1477,BNS,310,1,1
1478,BNS,331,1,1
1478,BNS,303,2,2
1479,ITACT,66C,1,1
1480,BNS,115,1,1
1481,ITACT,66D,1,1
1481,BNS,318,2,2
1482,BNS,303,1,1
1483,BNS,303,1,1
1484,BNS,303,1,1
1485,BNS,304,1,1
1486,BNS,304,1,1
1487,BNS,303,1,1
1488,BNS,318,1,1
1489,BNS,318,1,1
1490,BNS,115,1,1
1491,BNS,331,1,1
1491,BNS,303,2,2
1492,NDPS,20,1,1
1493,BNS,316,1,1
1494,BNS,115,1,1
1495,BNS,109,1,1
1496,BNS,303,1,1
1497,ITACT,66D,1,1
1497,BNS,318,2,2
1498,ITACT,66C,1,1
1499,BNS,303,1,1
1500,BNS,318,1,1
1501,ITACT,66D,1,1
1501,BNS,318,2,2
1502,BNS,304,1,1
1503,BNS,85,1,1
1504,BNS,191,1,1
1505,BNS,303,1,1
1506,NDPS,20,1,1
1507,BNS,303,1,1
1508,BNS,189,1,1
1509,BNS,74,1,1
1510,BNS,303,1,1
1511,BNS,109,1,1
1512,BNS,303,1,1
1513,BNS,303,1,1
1514,BNS,115,1,1
1515,BNS,303,1,1
1516,BNS,331,1,1
1516,BNS,303,2,2
1517,BNS,303,1,1
1518,BNS,310,1,1
1519,ITACT,66D,1,1
1519,BNS,318,2,2
1520,BNS,331,1,1
1520,BNS,303,2,2
1521,BNS,303,1,1
1522,BNS,318,1,1
1523,BNS,117,1,1
1524,BNS,303,1,1
1525,BNS,331,1,1
1525,BNS,303,2,2
1526,BNS,303,1,1
1527,BNS,117,1,1
1528,BNS,309,1,1
1529,NDPS,20,1,1
1530,BNS,304,1,1
1531,BNS,85,1,1
1532,BNS,331,1,1
1532,BNS,303,2,2
1533,BNS,304,1,1
1534,BNS,316,1,1
1535,BNS,109,1,1
1536,BNS,316,1,1
1537,BNS,303,1,1
1538,BNS,316,1,1
1539,BNS,331,1,1
1539,BNS,303,2,2
1540,BNS,115,1,1
1541,BNS,303,1,1
1542,BNS,331,1,1
1542,BNS,303,2,2
1543,NDPS,20,1,1
1544,BNS,109,1,1
1545,BNS,303,1,1
1546,ITACT,66C,1,1
1547,BNS,318,1,1
1548,NDPS,20,1,1
1549,ITACT,66C,1,1
1550,BNS,115,1,1
1551,NDPS,20,1,1
1552,ITACT,66D,1,1
1552,BNS,318,2,2
1553,BNS,304,1,1
1554,BNS,304,1,1
1555,BNS,331,1,1
1555,BNS,303,2,2
1556,NDPS,20,1,1
1557,BNS,309,1,1
1558,NDPS,20,1,1
1559,BNS,74,1,1
1560,BNS,115,1,1
1561,BNS,316,1,1
1562,BNS,309,1,1
1563,BNS,103,1,1
1564,BNS,303,1,1
1565,BNS,331,1,1
1565,BNS,303,2,2
1566,BNS,331,1,1
1566,BNS,303,2,2
1567,BNS,318,1,1
1568,BNS,303,1,1
1569,BNS,303,1,1
1570,ITACT,66D,1,1
1570,BNS,318,2,2
1571,BNS,115,1,1
1572,BNS,331,1,1
1572,BNS,303,2,2
1573,BNS,303,1,1
1574,BNS,85,1,1
1575,BNS,304,1,1
1576,BNS,331,1,1
1576,BNS,303,2,2
1577,BNS,74,1,1
1578,ITACT,66D,1,1
1578,BNS,318,2,2
1579,BNS,189,1,1
1580,BNS,303,1,1
1581,BNS,318,1,1
1582,BNS,115,1,1
1583,BNS,109,1,1
1584,BNS,303,1,1
1585,BNS,318,1,1
1586,BNS,85,1,1
1587,BNS,318,1,1
1588,BNS,303,1,1
1589,BNS,109,1,1
1590,BNS,331,1,1
1590,BNS,303,2,2
1591,BNS,303,1,1
1592,BNS,115,1,1
1593,BNS,309,1,1
1594,BNS,331,1,1
1594,BNS,303,2,2
1595,BNS,303,1,1
1596,BNS,316,1,1
1597,BNS,74,1,1
1598,BNS,316,1,1
1599,BNS,191,1,1
1600,BNS,318,1,1
1601,ITACT,66D,1,1
1601,BNS,318,2,2
1602,BNS,189,1,1
1603,BNS,318,1,1
1604,BNS,191,1,1
1605,BNS,189,1,1
1606,ITACT,66C,1,1
1607,BNS,316,1,1
1608,BNS,74,1,1
1609,BNS,74,1,1
1610,BNS,117,1,1
1611,BNS,74,1,1
1612,BNS,117,1,1
1613,BNS,303,1,1
1614,BNS,303,1,1
1615,BNS,103,1,1
1616,BNS,85,1,1
1617,BNS,331,1,1
1617,BNS,303,2,2
1618,BNS,331,1,1
1618,BNS,303,2,2
1619,BNS,115,1,1
1620,BNS,303,1,1
1621,BNS,303,1,1
1622,BNS,303,1,1
1623,BNS,103,1,1
1624,NDPS,20,1,1
1625,BNS,303,1,1
1626,BNS,303,1,1
1627,BNS,303,1,1
1628,BNS,310,1,1
1629,BNS,303,1,1
1630,BNS,303,1,1
1631,BNS,303,1,1
1632,ITACT,66D,1,1
1632,BNS,318,2,2
1633,BNS,318,1,1
1634,BNS,331,1,1
1634,BNS,303,2,2
1635,BNS,304,1,1
1636,BNS,309,1,1
1637,BNS,115,1,1
1638,ITACT,66D,1,1
1638,BNS,318,2,2
1639,BNS,316,1,1
1640,BNS,303,1,1
1641,BNS,303,1,1
1642,BNS,117,1,1
1643,BNS,115,1,1
1644,NDPS,20,1,1
1645,BNS,303,1,1
1646,BNS,303,1,1
1647,BNS,303,1,1
1648,BNS,303,1,1
1649,BNS,189,1,1
1650,BNS,309,1,1
1651,BNS,303,1,1
1652,ITACT,66C,1,1
1653,ITACT,66D,1,1
1653,BNS,318,2,2
1654,BNS,303,1,1
1655,BNS,318,1,1
1656,BNS,303,1,1
1657,BNS,191,1,1
1658,BNS,303,1,1
1659,ITACT,66C,1,1
1660,BNS,189,1,1
1661,BNS,103,1,1
1662,BNS,303,1,1
1663,BNS,74,1,1
1664,BNS,303,1,1
1665,BNS,303,1,1
1666,NDPS,20,1,1
1667,BNS,74,1,1
1668,BNS,303,1,1
1669,BNS,304,1,1
1670,BNS,331,1,1
1670,BNS,303,2,2
1671,BNS,74,1,1
1672,BNS,304,1,1
1673,NDPS,20,1,1
1674,BNS,303,1,1
1675,BNS,304,1,1
1676,BNS,303,1,1
1677,BNS,303,1,1
1678,BNS,303,1,1
1679,BNS,74,1,1
1680,BNS,109,1,1
1681,BNS,85,1,1
1682,BNS,318,1,1
1683,ITACT,66D,1,1
1683,BNS,318,2,2
1684,BNS,74,1,1
1685,BNS,115,1,1
1686,BNS,115,1,1
1687,BNS,303,1,1
1688,BNS,303,1,1
1689,BNS,303,1,1
1690,BNS,303,1,1
1691,BNS,74,1,1
1692,ITACT,66D,1,1
1692,BNS,318,2,2
1693,ITACT,66D,1,1
1693,BNS,318,2,2
1694,BNS,303,1,1
1695,BNS,304,1,1
1696,BNS,331,1,1
1696,BNS,303,2,2
1697,BNS,115,1,1
1698,BNS,304,1,1
1699,BNS,303,1,1
1700,BNS,115,1,1
1701,BNS,115,1,1
1702,BNS,115,1,1
1703,BNS,117,1,1
1704,ITACT,66D,1,1
1704,BNS,318,2,2
1705,NDPS,20,1,1
1706,BNS,303,1,1
1707,BNS,191,1,1
1708,BNS,304,1,1
1709,ITACT,66D,1,1
1709,BNS,318,2,2
1710,BNS,303,1,1
1711,ITACT,66C,1,1
1712,BNS,74,1,1
1713,NDPS,21,1,1
1714,BNS,303,1,1
1715,ITACT,66D,1,1
1715,BNS,318,2,2
1716,BNS,318,1,1
1717,BNS,304,1,1
1718,BNS,85,1,1
1719,BNS,303,1,1
1720,BNS,115,1,1
1721,BNS,303,1,1
1722,BNS,304,1,1
1723,BNS,318,1,1
1724,BNS,331,1,1
1724,BNS,303,2,2
1725,BNS,303,1,1
1726,BNS,318,1,1
1727,BNS,318,1,1
1728,BNS,318,1,1
1729,BNS,331,1,1
1729,BNS,303,2,2
1730,BNS,85,1,1
1731,BNS,303,1,1
1732,BNS,303,1,1
1733,BNS,85,1,1
1734,BNS,115,1,1
1735,BNS,316,1,1
1736,BNS,318,1,1
1737,BNS,117,1,1
1738,BNS,74,1,1
1739,BNS,309,1,1
1740,BNS,304,1,1
1741,BNS,117,1,1
1742,BNS,103,1,1
1743,BNS,318,1,1
1744,BNS,117,1,1
1745,BNS,318,1,1
1746,BNS,191,1,1
1747,BNS,303,1,1
1748,BNS,191,1,1
1749,BNS,303,1,1
1750,BNS,304,1,1
1751,BNS,189,1,1
1752,BNS,318,1,1
1753,BNS,303,1,1
1754,BNS,303,1,1
1755,BNS,304,1,1
1756,BNS,331,1,1
1756,BNS,303,2,2
1757,BNS,115,1,1
1758,BNS,316,1,1
1759,BNS,303,1,1
1760,BNS,117,1,1
1761,BNS,115,1,1
1762,BNS,74,1,1
1763,BNS,303,1,1
1764,BNS,331,1,1
1764,BNS,303,2,2
1765,BNS,303,1,1
1766,ITACT,66C,1,1
1767,BNS,318,1,1
1768,BNS,115,1,1
1769,BNS,74,1,1
1770,BNS,103,1,1
1771,BNS,115,1,1
1772,NDPS,20,1,1
1773,BNS,109,1,1
1774,BNS,304,1,1
1775,ITACT,66C,1,1
1776,BNS,316,1,1
1777,BNS,303,1,1
1778,BNS,189,1,1
1779,BNS,331,1,1
1779,BNS,303,2,2
1780,BNS,103,1,1
1781,BNS,115,1,1
1782,BNS,304,1,1
1783,BNS,318,1,1
1784,BNS,303,1,1
1785,BNS,115,1,1
1786,BNS,74,1,1
1787,BNS,85,1,1
1788,BNS,303,1,1
1789,BNS,309,1,1
1790,BNS,115,1,1
1791,NDPS,21,1,1
1792,BNS,109,1,1
1793,BNS,331,1,1
1793,BNS,303,2,2
1794,BNS,304,1,1
1795,BNS,103,1,1
1796,BNS,331,1,1
1796,BNS,303,2,2
1797,BNS,103,1,1
1798,ITACT,66D,1,1
1798,BNS,318,2,2
1799,BNS,74,1,1
1800,BNS,303,1,1
1801,BNS,303,1,1
1802,BNS,309,1,1
1803,BNS,318,1,1
1804,BNS,331,1,1
1804,BNS,303,2,2
1805,BNS,303,1,1
1806,BNS,115,1,1
1807,BNS,74,1,1
1808,BNS,309,1,1
1809,NDPS,20,1,1
1810,BNS,331,1,1
1810,BNS,303,2,2
1811,BNS,304,1,1
1812,ITACT,66D,1,1
1812,BNS,318,2,2
1813,BNS,309,1,1
1814,BNS,331,1,1
1814,BNS,303,2,2
1815,BNS,303,1,1
1816,BNS,309,1,1
1817,BNS,117,1,1
1818,BNS,303,1,1
1819,BNS,331,1,1
1819,BNS,303,2,2
1820,BNS,309,1,1
1821,BNS,303,1,1
1822,ITACT,66D,1,1
1822,BNS,318,2,2
1823,BNS,303,1,1
1824,BNS,189,1,1
1825,BNS,117,1,1
1826,ITACT,66D,1,1
1826,BNS,318,2,2
1827,BNS,304,1,1
1828,BNS,304,1,1
1829,BNS,115,1,1
1830,NDPS,20,1,1
1831,BNS,85,1,1
1832,BNS,318,1,1
1833,BNS,189,1,1
1834,BNS,117,1,1
1835,BNS,304,1,1
1836,BNS,303,1,1
1837,BNS,331,1,1
1837,BNS,303,2,2
1838,BNS,331,1,1
1838,BNS,303,2,2
1839,BNS,303,1,1
1840,ITACT,66D,1,1
1840,BNS,318,2,2
1841,BNS,103,1,1
1842,BNS,331,1,1
1842,BNS,303,2,2
1843,BNS,303,1,1
1844,NDPS,21,1,1
1845,BNS,85,1,1
1846,BNS,303,1,1
1847,BNS,189,1,1
1848,BNS,309,1,1
1849,BNS,309,1,1
1850,NDPS,20,1,1
1851,BNS,303,1,1
1852,BNS,303,1,1
1853,BNS,303,1,1
1854,BNS,309,1,1
1855,ITACT,66D,1,1
1855,BNS,318,2,2
1856,NDPS,21,1,1
1857,BNS,303,1,1
1858,BNS,304,1,1
1859,BNS,318,1,1
1860,BNS,303,1,1
1861,BNS,303,1,1
1862,ITACT,66D,1,1
1862,BNS,318,2,2
1863,ITACT,66D,1,1
1863,BNS,318,2,2
1864,BNS,191,1,1
1865,BNS,85,1,1
1866,BNS,318,1,1
1867,BNS,331,1,1
1867,BNS,303,2,2
1868,BNS,103,1,1
1869,ITACT,66D,1,1
1869,BNS,318,2,2
1870,BNS,318,1,1
1871,BNS,309,1,1
1872,BNS,115,1,1
1873,ITACT,66C,1,1
1874,BNS,303,1,1
1875,ITACT,66C,1,1
1876,BNS,331,1,1
1876,BNS,303,2,2
1877,BNS,309,1,1
1878,BNS,316,1,1
1879,BNS,331,1,1
1879,BNS,303,2,2
1880,BNS,117,1,1
1881,BNS,303,1,1
1882,BNS,115,1,1
1883,ITACT,66C,1,1
1884,BNS,331,1,1
1884,BNS,303,2,2
1885,ITACT,66D,1,1
1885,BNS,318,2,2
1886,BNS,304,1,1
1887,BNS,331,1,1
1887,BNS,303,2,2
1888,BNS,115,1,1
1889,BNS,303,1,1
1890,BNS,117,1,1
1891,BNS,303,1,1
1892,BNS,331,1,1
1892,BNS,303,2,2
1893,BNS,303,1,1
1894,ITACT,66D,1,1
1894,BNS,318,2,2
1895,BNS,103,1,1
1896,BNS,117,1,1
1897,NDPS,20,1,1
1898,BNS,304,1,1
1899,BNS,85,1,1
1900,BNS,74,1,1
1901,BNS,303,1,1
1902,BNS,318,1,1
1903,BNS,303,1,1
1904,BNS,309,1,1
1905,BNS,318,1,1
1906,BNS,304,1,1
1907,ITACT,66D,1,1
1907,BNS,318,2,2
1908,BNS,309,1,1
1909,BNS,303,1,1
1910,BNS,331,1,1
1910,BNS,303,2,2
1911,BNS,304,1,1
1912,ITACT,66D,1,1
1912,BNS,318,2,2
1913,BNS,331,1,1
1913,BNS,303,2,2
1914,BNS,85,1,1
1915,BNS,318,1,1
1916,BNS,109,1,1
1917,BNS,303,1,1
1918,BNS,117,1,1
1919,BNS,117,1,1
1920,BNS,303,1,1
1921,ITACT,66D,1,1
1921,BNS,318,2,2
1922,BNS,303,1,1
1923,BNS,331,1,1
1923,BNS,303,2,2
1924,BNS,331,1,1
1924,BNS,303,2,2
1925,BNS,303,1,1
1926,ITACT,66D,1,1
1926,BNS,318,2,2
1927,BNS,318,1,1
1928,NDPS,20,1,1
1929,BNS,115,1,1
1930,ITACT,66C,1,1
1931,BNS,304,1,1
1932,BNS,115,1,1
1933,BNS,331,1,1
1933,BNS,303,2,2
1934,BNS,331,1,1
1934,BNS,303,2,2
1935,BNS,303,1,1
1936,NDPS,20,1,1
1937,NDPS,20,1,1
1938,NDPS,20,1,1
1939,BNS,117,1,1
1940,BNS,115,1,1
1941,NDPS,21,1,1
1942,BNS,309,1,1
1943,BNS,303,1,1
1944,BNS,189,1,1
1945,BNS,117,1,1
1946,BNS,318,1,1
1947,BNS,117,1,1
1948,BNS,303,1,1
1949,ITACT,66C,1,1
1950,BNS,303,1,1
1951,ITACT,66C,1,1
1952,ITACT,66D,1,1
1952,BNS,318,2,2
1953,BNS,189,1,1
1954,BNS,85,1,1
1955,ITACT,66D,1,1
1955,BNS,318,2,2
1956,BNS,318,1,1
1957,BNS,303,1,1
1958,NDPS,21,1,1
1959,ITACT,66D,1,1
1959,BNS,318,2,2
1960,BNS,117,1,1
1961,NDPS,21,1,1
1962,BNS,115,1,1
1963,BNS,318,1,1
1964,ITACT,66C,1,1
1965,BNS,303,1,1
1966,BNS,115,1,1
1967,BNS,331,1,1
1967,BNS,303,2,2
1968,BNS,303,1,1
1969,BNS,318,1,1
1970,BNS,303,1,1
1971,BNS,189,1,1
1972,NDPS,20,1,1
1973,BNS,303,1,1
1974,BNS,303,1,1
1975,BNS,303,1,1
1976,ITACT,66D,1,1
1976,BNS,318,2,2
1977,BNS,115,1,1
1978,BNS,117,1,1
1979,BNS,115,1,1
1980,BNS,303,1,1
1981,NDPS,21,1,1
1982,NDPS,21,1,1
1983,BNS,316,1,1
1984,BNS,103,1,1
1985,BNS,331,1,1
1985,BNS,303,2,2
1986,BNS,303,1,1
1987,ITACT,66D,1,1
1987,BNS,318,2,2
1988,BNS,74,1,1
1989,BNS,316,1,1
1990,NDPS,20,1,1
1991,BNS,117,1,1
1992,ITACT,66D,1,1
1992,BNS,318,2,2
1993,ITACT,66D,1,1
1993,BNS,318,2,2
1994,BNS,303,1,1
1995,NDPS,20,1,1
1996,BNS,115,1,1
1997,BNS,117,1,1
1998,BNS,303,1,1
1999,BNS,189,1,1
2000,BNS,309,1,1
2001,BNS,318,1,1
2002,BNS,304,1,1
2003,ITACT,66D,1,1
2003,BNS,318,2,2
2004,ITACT,66C,1,1
2005,BNS,316,1,1
2006,BNS,303,1,1
2007,BNS,115,1,1
2008,BNS,303,1,1
2009,BNS,304,1,1
2010,BNS,318,1,1
2011,BNS,316,1,1
2012,BNS,309,1,1
2013,BNS,331,1,1
2013,BNS,303,2,2
2014,BNS,115,1,1
2015,BNS,103,1,1
2016,BNS,331,1,1
2016,BNS,303,2,2
2017,BNS,304,1,1
2018,BNS,304,1,1
2019,BNS,331,1,1
2019,BNS,303,2,2
2020,BNS,303,1,1
2021,BNS,303,1,1
2022,BNS,115,1,1
2023,BNS,115,1,1
2024,ITACT,66D,1,1
2024,BNS,318,2,2
2025,BNS,85,1,1
2026,BNS,117,1,1
2027,BNS,189,1,1
2028,BNS,331,1,1
2028,BNS,303,2,2
2029,ITACT,66D,1,1
2029,BNS,318,2,2
2030,NDPS,20,1,1
2031,BNS,309,1,1
2032,BNS,303,1,1
2033,BNS,303,1,1
2034,BNS,303,1,1
2035,BNS,74,1,1
2036,ITACT,66D,1,1
2036,BNS,318,2,2
2037,BNS,316,1,1
2038,BNS,304,1,1
2039,BNS,318,1,1
2040,BNS,117,1,1
2041,BNS,304,1,1
2042,BNS,115,1,1
2043,ITACT,66C,1,1
2044,BNS,303,1,1
2045,NDPS,20,1,1
2046,BNS,303,1,1
2047,BNS,331,1,1
2047,BNS,303,2,2
2048,BNS,115,1,1
2049,BNS,304,1,1
2050,BNS,303,1,1
2051,BNS,303,1,1
2052,BNS,303,1,1
2053,BNS,331,1,1
2053,BNS,303,2,2
2054,BNS,115,1,1
2055,BNS,304,1,1
2056,BNS,303,1,1
2057,BNS,331,1,1
2057,BNS,303,2,2
2058,BNS,303,1,1
2059,BNS,303,1,1
2060,ITACT,66C,1,1
2061,BNS,115,1,1
2062,BNS,304,1,1
2063,ITACT,66D,1,1
2063,BNS,318,2,2
2064,BNS,316,1,1
2065,BNS,303,1,1
2066,BNS,331,1,1
2066,BNS,303,2,2
2067,BNS,303,1,1
2068,BNS,117,1,1
2069,BNS,303,1,1
2070,BNS,318,1,1
2071,BNS,303,1,1
2072,BNS,304,1,1
2073,BNS,303,1,1
2074,NDPS,20,1,1
2075,BNS,103,1,1
2076,ITACT,66D,1,1
2076,BNS,318,2,2
2077,BNS,304,1,1
2078,NDPS,20,1,1
2079,BNS,303,1,1
2080,BNS,189,1,1
2081,BNS,191,1,1
2082,NDPS,20,1,1
2083,ITACT,66D,1,1
2083,BNS,318,2,2
2084,BNS,74,1,1
2085,BNS,316,1,1
2086,BNS,318,1,1
2087,BNS,303,1,1
2088,BNS,318,1,1
2089,BNS,303,1,1
2090,BNS,189,1,1
2091,BNS,309,1,1
2092,BNS,331,1,1
2092,BNS,303,2,2
2093,BNS,304,1,1
2094,BNS,318,1,1
2095,ITACT,66C,1,1
2096,ITACT,66D,1,1
2096,BNS,318,2,2
2097,BNS,191,1,1
2098,NDPS,20,1,1
2099,BNS,103,1,1
2100,BNS,304,1,1
2101,BNS,303,1,1
2102,BNS,115,1,1
2103,NDPS,20,1,1
2104,BNS,191,1,1
2105,BNS,304,1,1
2106,BNS,303,1,1
2107,BNS,115,1,1
2108,BNS,331,1,1
2108,BNS,303,2,2
2109,BNS,303,1,1
2110,BNS,303,1,1
2111,BNS,303,1,1
2112,BNS,303,1,1
2113,BNS,85,1,1
2114,BNS,189,1,1
2115,BNS,303,1,1
2116,BNS,318,1,1
2117,NDPS,21,1,1
2118,BNS,303,1,1
2119,ITACT,66D,1,1
2119,BNS,318,2,2
2120,BNS,318,1,1
2121,BNS,303,1,1
2122,BNS,318,1,1
2123,BNS,304,1,1
2124,BNS,303,1,1
2125,BNS,318,1,1
2126,BNS,331,1,1
2126,BNS,303,2,2
2127,BNS,85,1,1
2128,BNS,316,1,1
2129,BNS,115,1,1
2130,BNS,318,1,1
2131,BNS,310,1,1
2132,BNS,85,1,1
2133,BNS,117,1,1
2134,BNS,117,1,1
2135,BNS,303,1,1
2136,BNS,304,1,1
2137,BNS,115,1,1
2138,BNS,309,1,1
2139,BNS,304,1,1
2140,BNS,316,1,1
2141,BNS,304,1,1
2142,BNS,74,1,1
2143,BNS,303,1,1
2144,ITACT,66C,1,1
2145,BNS,303,1,1
2146,BNS,115,1,1
2147,BNS,331,1,1
2147,BNS,303,2,2
2148,BNS,303,1,1
2149,BNS,303,1,1
2150,BNS,309,1,1
2151,BNS,303,1,1
2152,BNS,318,1,1
2153,BNS,303,1,1
2154,NDPS,20,1,1
2155,NDPS,21,1,1
2156,BNS,115,1,1
2157,BNS,303,1,1
2158,BNS,318,1,1
2159,BNS,191,1,1
2160,BNS,310,1,1
2161,BNS,318,1,1
2162,ITACT,66C,1,1
2163,BNS,318,1,1
2164,BNS,117,1,1
2165,BNS,331,1,1
2165,BNS,303,2,2
2166,BNS,304,1,1
2167,BNS,318,1,1
2168,BNS,303,1,1
2169,ITACT,66D,1,1
2169,BNS,318,2,2
2170,BNS,115,1,1
2171,BNS,109,1,1
2172,BNS,303,1,1
2173,BNS,303,1,1
2174,ITACT,66D,1,1
2174,BNS,318,2,2
2175,BNS,309,1,1
2176,BNS,189,1,1
2177,BNS,309,1,1
2178,BNS,303,1,1
2179,BNS,331,1,1
2179,BNS,303,2,2
2180,BNS,316,1,1
2181,ITACT,66D,1,1
2181,BNS,318,2,2
2182,BNS,318,1,1
2183,BNS,303,1,1
2184,BNS,85,1,1
2185,BNS,117,1,1
2186,ITACT,66D,1,1
2186,BNS,318,2,2
2187,BNS,318,1,1
2188,BNS,85,1,1
2189,ITACT,66D,1,1
2189,BNS,318,2,2
2190,BNS,115,1,1
2191,BNS,318,1,1
2192,BNS,117,1,1
2193,BNS,309,1,1
2194,BNS,303,1,1
2195,ITACT,66C,1,1
2196,BNS,304,1,1
2197,ITACT,66D,1,1
2197,BNS,318,2,2
2198,BNS,331,1,1
2198,BNS,303,2,2
2199,BNS,331,1,1
2199,BNS,303,2,2
2200,NDPS,20,1,1
2201,BNS,303,1,1
2202,BNS,303,1,1
2203,BNS,309,1,1
2204,BNS,309,1,1
2205,BNS,309,1,1
2206,BNS,303,1,1
2207,BNS,303,1,1
2208,BNS,331,1,1
2208,BNS,303,2,2
2209,NDPS,20,1,1
2210,BNS,303,1,1
2211,BNS,117,1,1
2212,BNS,303,1,1
2213,ITACT,66C,1,1
2214,BNS,115,1,1
2215,BNS,303,1,1
2216,BNS,331,1,1
2216,BNS,303,2,2
2217,BNS,191,1,1
2218,BNS,304,1,1
2219,BNS,331,1,1
2219,BNS,303,2,2
2220,ITACT,66D,1,1
2220,BNS,318,2,2
2221,BNS,117,1,1
2222,BNS,103,1,1
2223,BNS,331,1,1
2223,BNS,303,2,2
2224,BNS,303,1,1
2225,BNS,304,1,1
2226,ITACT,66D,1,1
2226,BNS,318,2,2
2227,BNS,303,1,1
2228,BNS,318,1,1
2229,NDPS,21,1,1
2230,BNS,191,1,1
2231,ITACT,66D,1,1
2231,BNS,318,2,2
2232,BNS,115,1,1
2233,ITACT,66C,1,1
2234,BNS,115,1,1
2235,ITACT,66C,1,1
2236,BNS,303,1,1
2237,NDPS,20,1,1
2238,BNS,191,1,1
2239,NDPS,20,1,1
2240,BNS,303,1,1
2241,BNS,117,1,1
2242,BNS,103,1,1
2243,BNS,115,1,1
2244,BNS,115,1,1
2245,NDPS,21,1,1
2246,BNS,303,1,1
2247,BNS,109,1,1
2248,BNS,303,1,1
2249,BNS,109,1,1
2250,BNS,304,1,1
2251,BNS,303,1,1
2252,BNS,309,1,1
2253,ITACT,66D,1,1
2253,BNS,318,2,2
2254,BNS,115,1,1
2255,BNS,331,1,1
2255,BNS,303,2,2
2256,BNS,85,1,1
2257,ITACT,66D,1,1
2257,BNS,318,2,2
2258,BNS,316,1,1
2259,BNS,303,1,1
2260,BNS,303,1,1
2261,BNS,74,1,1
2262,BNS,115,1,1
2263,BNS,303,1,1
2264,BNS,85,1,1
2265,BNS,303,1,1
2266,BNS,117,1,1
2267,BNS,331,1,1
2267,BNS,303,2,2
2268,BNS,304,1,1
2269,BNS,117,1,1
2270,BNS,303,1,1
2271,BNS,303,1,1
2272,BNS,318,1,1
2273,BNS,303,1,1
2274,BNS,318,1,1
2275,BNS,304,1,1
2276,BNS,303,1,1
2277,BNS,303,1,1
2278,BNS,115,1,1
2279,BNS,303,1,1
2280,BNS,115,1,1
2281,BNS,109,1,1
2282,BNS,318,1,1
2283,BNS,115,1,1
2284,BNS,309,1,1
2285,BNS,331,1,1
2285,BNS,303,2,2
2286,BNS,85,1,1
2287,BNS,303,1,1
2288,BNS,117,1,1
2289,BNS,189,1,1
2290,BNS,316,1,1
2291,BNS,303,1,1
2292,NDPS,21,1,1
2293,BNS,303,1,1
2294,BNS,303,1,1
2295,BNS,331,1,1
2295,BNS,303,2,2
2296,BNS,115,1,1
2297,BNS,303,1,1
2298,BNS,304,1,1
2299,BNS,115,1,1
2300,ITACT,66D,1,1
2300,BNS,318,2,2
2301,BNS,189,1,1
2302,BNS,309,1,1
2303,BNS,191,1,1
2304,BNS,117,1,1
2305,BNS,303,1,1
2306,BNS,304,1,1
2307,BNS,303,1,1
2308,BNS,316,1,1
2309,BNS,318,1,1
2310,BNS,85,1,1
2311,BNS,115,1,1
2312,BNS,303,1,1
2313,BNS,304,1,1
2314,BNS,318,1,1
2315,BNS,303,1,1
2316,BNS,115,1,1
2317,BNS,309,1,1
2318,BNS,85,1,1
2319,BNS,318,1,1
2320,BNS,303,1,1
2321,BNS,303,1,1
2322,NDPS,21,1,1
2323,BNS,309,1,1
2324,BNS,115,1,1
2325,BNS,303,1,1
2326,BNS,303,1,1
2327,BNS,318,1,1
2328,BNS,309,1,1
2329,BNS,303,1,1
2330,BNS,109,1,1
2331,BNS,303,1,1
2332,BNS,303,1,1
2333,BNS,115,1,1
2334,BNS,318,1,1
2335,BNS,318,1,1
2336,BNS,303,1,1
2337,BNS,318,1,1
2338,BNS,189,1,1
2339,BNS,304,1,1
2340,BNS,109,1,1
2341,BNS,303,1,1
2342,BNS,303,1,1
2343,BNS,316,1,1
2344,BNS,85,1,1
2345,NDPS,20,1,1
2346,BNS,303,1,1
2347,BNS,115,1,1
2348,BNS,331,1,1
2348,BNS,303,2,2
2349,BNS,117,1,1
2350,BNS,304,1,1
2351,BNS,309,1,1
2352,BNS,103,1,1
2353,BNS,331,1,1
2353,BNS,303,2,2
2354,ITACT,66D,1,1
2354,BNS,318,2,2
2355,BNS,303,1,1
2356,BNS,303,1,1
2357,BNS,115,1,1
2358,BNS,303,1,1
2359,NDPS,20,1,1
2360,BNS,303,1,1
2361,BNS,318,1,1
2362,BNS,316,1,1
2363,BNS,318,1,1
2364,BNS,309,1,1
2365,BNS,303,1,1
2366,BNS,303,1,1
2367,BNS,318,1,1
2368,BNS,303,1,1
2369,BNS,304,1,1
2370,BNS,318,1,1
2371,BNS,303,1,1
2372,BNS,304,1,1
2373,BNS,303,1,1
2374,BNS,117,1,1
2375,BNS,303,1,1
2376,BNS,303,1,1
2377,BNS,304,1,1
2378,BNS,309,1,1
2379,NDPS,21,1,1
2380,BNS,304,1,1
2381,BNS,331,1,1
2381,BNS,303,2,2
2382,NDPS,20,1,1
2383,BNS,331,1,1
2383,BNS,303,2,2
2384,BNS,303,1,1
2385,BNS,303,1,1
2386,BNS,117,1,1
2387,ITACT,66C,1,1
2388,BNS,109,1,1
2389,BNS,318,1,1
2390,BNS,303,1,1
2391,BNS,303,1,1
2392,BNS,310,1,1
2393,NDPS,20,1,1
2394,BNS,74,1,1
2395,ITACT,66D,1,1
2395,BNS,318,2,2
2396,BNS,304,1,1
2397,ITACT,66C,1,1
2398,BNS,303,1,1
2399,BNS,303,1,1
2400,BNS,304,1,1
2401,BNS,115,1,1
2402,BNS,331,1,1
2402,BNS,303,2,2
2403,ITACT,66D,1,1
2403,BNS,318,2,2
2404,BNS,303,1,1
2405,BNS,303,1,1
2406,BNS,117,1,1
2407,ITACT,66D,1,1
2407,BNS,318,2,2
2408,BNS,303,1,1
2409,BNS,109,1,1
2410,BNS,303,1,1
2411,NDPS,20,1,1
2412,BNS,117,1,1
2413,BNS,331,1,1
2413,BNS,303,2,2
2414,BNS,303,1,1
2415,BNS,303,1,1
2416,BNS,303,1,1
2417,BNS,303,1,1
2418,BNS,115,1,1
2419,NDPS,20,1,1
2420,BNS,331,1,1
2420,BNS,303,2,2
2421,NDPS,21,1,1
2422,BNS,74,1,1
2423,BNS,303,1,1
2424,BNS,85,1,1
2425,BNS,303,1,1
2426,BNS,318,1,1
2427,BNS,304,1,1
2428,BNS,303,1,1
2429,BNS,115,1,1
2430,BNS,318,1,1
2431,BNS,103,1,1
2432,BNS,109,1,1
2433,BNS,318,1,1
2434,NDPS,21,1,1
2435,BNS,109,1,1
2436,ITACT,66D,1,1
2436,BNS,318,2,2
2437,BNS,303,1,1
2438,BNS,309,1,1
2439,BNS,318,1,1
2440,BNS,318,1,1
2441,BNS,304,1,1
2442,BNS,115,1,1
2443,BNS,316,1,1
2444,BNS,117,1,1
2445,BNS,303,1,1
2446,BNS,303,1,1
2447,NDPS,20,1,1
2448,BNS,303,1,1
2449,BNS,109,1,1
2450,BNS,117,1,1
2451,ITACT,66D,1,1
2451,BNS,318,2,2
2452,ITACT,66D,1,1
2452,BNS,318,2,2
2453,BNS,318,1,1
2454,BNS,303,1,1
2455,BNS,117,1,1
2456,BNS,303,1,1
2457,BNS,304,1,1
2458,BNS,303,1,1
2459,BNS,318,1,1
2460,ITACT,66D,1,1
2460,BNS,318,2,2
2461,BNS,303,1,1
2462,BNS,117,1,1
2463,BNS,303,1,1
2464,BNS,303,1,1
2465,BNS,331,1,1
2465,BNS,303,2,2
2466,BNS,117,1,1
2467,BNS,309,1,1
2468,BNS,309,1,1
2469,BNS,303,1,1
2470,BNS,318,1,1
2471,BNS,189,1,1
2472,BNS,117,1,1
2473,BNS,117,1,1
2474,BNS,74,1,1
2475,ITACT,66D,1,1
2475,BNS,318,2,2
2476,BNS,303,1,1
2477,BNS,303,1,1
2478,NDPS,21,1,1
2479,BNS,303,1,1
2480,BNS,85,1,1
2481,BNS,74,1,1
2482,BNS,304,1,1
2483,BNS,316,1,1
2484,BNS,304,1,1
2485,BNS,303,1,1
2486,BNS,74,1,1
2487,BNS,85,1,1
2488,BNS,115,1,1
2489,NDPS,21,1,1
2490,BNS,316,1,1
2491,BNS,331,1,1
2491,BNS,303,2,2
2492,BNS,117,1,1
2493,NDPS,20,1,1
2494,BNS,316,1,1
2495,ITACT,66C,1,1
2496,ITACT,66D,1,1
2496,BNS,318,2,2
2497,NDPS,20,1,1
2498,NDPS,20,1,1
2499,BNS,318,1,1
2500,BNS,304,1,1
2501,NDPS,20,1,1
2502,BNS,303,1,1
2503,BNS,117,1,1
2504,BNS,309,1,1
2505,BNS,304,1,1
2506,BNS,109,1,1
2507,BNS,318,1,1
2508,BNS,303,1,1
2509,BNS,303,1,1
2510,BNS,331,1,1
2510,BNS,303,2,2
2511,BNS,331,1,1
2511,BNS,303,2,2
2512,ITACT,66D,1,1
2512,BNS,318,2,2
2513,BNS,115,1,1
2514,ITACT,66D,1,1
2514,BNS,318,2,2
2515,ITACT,66D,1,1
2515,BNS,318,2,2
2516,BNS,303,1,1
2517,BNS,318,1,1
2518,ITACT,66C,1,1
2519,NDPS,20,1,1
2520,BNS,304,1,1
2521,BNS,303,1,1
2522,BNS,117,1,1
2523,BNS,316,1,1
2524,ITACT,66D,1,1
2524,BNS,318,2,2
2525,BNS,318,1,1
2526,BNS,117,1,1
2527,BNS,303,1,1
2528,BNS,303,1,1
2529,BNS,303,1,1
2530,BNS,303,1,1
2531,NDPS,20,1,1
2532,NDPS,20,1,1
2533,BNS,303,1,1
2534,BNS,85,1,1
2535,BNS,318,1,1
2536,BNS,331,1,1
2536,BNS,303,2,2
2537,ITACT,66D,1,1
2537,BNS,318,2,2
2538,ITACT,66C,1,1
2539,BNS,304,1,1
2540,BNS,303,1,1
2541,BNS,304,1,1
2542,BNS,303,1,1
2543,NDPS,21,1,1
2544,BNS,189,1,1
2545,BNS,303,1,1
2546,BNS,115,1,1
2547,BNS,304,1,1
2548,BNS,303,1,1
2549,BNS,331,1,1
2549,BNS,303,2,2
2550,BNS,115,1,1
2551,ITACT,66D,1,1
2551,BNS,318,2,2
2552,BNS,303,1,1
2553,BNS,303,1,1
2554,BNS,304,1,1
2555,BNS,304,1,1
2556,BNS,115,1,1
2557,BNS,331,1,1
2557,BNS,303,2,2
2558,BNS,303,1,1
2559,BNS,303,1,1
2560,BNS,103,1,1
2561,BNS,303,1,1
2562,BNS,304,1,1
2563,ITACT,66D,1,1
2563,BNS,318,2,2
2564,BNS,316,1,1
2565,NDPS,20,1,1
2566,ITACT,66C,1,1
2567,BNS,117,1,1
2568,BNS,309,1,1
2569,ITACT,66D,1,1
2569,BNS,318,2,2
2570,BNS,309,1,1
2571,BNS,85,1,1
2572,BNS,318,1,1
2573,BNS,103,1,1
2574,BNS,74,1,1
2575,NDPS,21,1,1
2576,ITACT,66D,1,1
2576,BNS,318,2,2
2577,BNS,85,1,1
2578,BNS,304,1,1
2579,ITACT,66D,1,1
2579,BNS,318,2,2
2580,BNS,331,1,1
2580,BNS,303,2,2
2581,BNS,303,1,1
2582,ITACT,66D,1,1
2582,BNS,318,2,2
2583,BNS,318,1,1
2584,ITACT,66C,1,1
2585,BNS,303,1,1
2586,BNS,303,1,1
2587,BNS,303,1,1
2588,BNS,309,1,1
2589,BNS,318,1,1
2590,BNS,304,1,1
2591,BNS,115,1,1
2592,BNS,331,1,1
2592,BNS,303,2,2
2593,BNS,117,1,1
2594,ITACT,66C,1,1
2595,BNS,304,1,1
2596,BNS,303,1,1
2597,BNS,303,1,1
2598,BNS,331,1,1
2598,BNS,303,2,2
2599,BNS,303,1,1
2600,BNS,304,1,1
2601,BNS,318,1,1
2602,BNS,117,1,1
2603,BNS,303,1,1
2604,BNS,310,1,1
2605,BNS,304,1,1
2606,BNS,303,1,1
2607,BNS,304,1,1
2608,BNS,117,1,1
2609,BNS,304,1,1
2610,BNS,331,1,1
2610,BNS,303,2,2
2611,BNS,318,1,1
2612,BNS,191,1,1
2613,BNS,115,1,1
2614,BNS,303,1,1
2615,BNS,316,1,1
2616,BNS,303,1,1
2617,BNS,109,1,1
2618,NDPS,21,1,1
2619,BNS,304,1,1
2620,ITACT,66D,1,1
2620,BNS,318,2,2
2621,ITACT,66D,1,1
2621,BNS,318,2,2
2622,BNS,331,1,1
2622,BNS,303,2,2
2623,BNS,309,1,1
2624,BNS,303,1,1
2625,ITACT,66D,1,1
2625,BNS,318,2,2
2626,ITACT,66C,1,1
2627,BNS,109,1,1
2628,BNS,304,1,1
2629,BNS,109,1,1
2630,BNS,303,1,1
2631,ITACT,66D,1,1
2631,BNS,318,2,2
2632,ITACT,66D,1,1
2632,BNS,318,2,2
2633,BNS,74,1,1
2634,NDPS,20,1,1
2635,BNS,316,1,1
2636,BNS,303,1,1
2637,NDPS,21,1,1
2638,BNS,115,1,1
2639,BNS,115,1,1
2640,BNS,318,1,1
2641,BNS,115,1,1
2642,BNS,304,1,1
2643,BNS,309,1,1
2644,BNS,310,1,1
2645,BNS,316,1,1
2646,BNS,303,1,1
2647,ITACT,66D,1,1
2647,BNS,318,2,2
2648,BNS,304,1,1
2649,BNS,318,1,1
2650,NDPS,20,1,1
2651,ITACT,66D,1,1
2651,BNS,318,2,2
2652,BNS,309,1,1
2653,BNS,303,1,1
2654,ITACT,66D,1,1
2654,BNS,318,2,2
2655,BNS,318,1,1
2656,ITACT,66C,1,1
2657,BNS,309,1,1
2658,BNS,189,1,1
2659,BNS,309,1,1
2660,BNS,318,1,1
2661,BNS,74,1,1
2662,BNS,109,1,1
2663,BNS,303,1,1
2664,BNS,318,1,1
2665,BNS,304,1,1
2666,BNS,304,1,1
2667,BNS,318,1,1
2668,BNS,303,1,1
2669,NDPS,21,1,1
2670,BNS,304,1,1
2671,BNS,303,1,1
2672,BNS,331,1,1
2672,BNS,303,2,2
2673,BNS,303,1,1
2674,BNS,303,1,1
2675,BNS,117,1,1
2676,BNS,74,1,1
2677,BNS,117,1,1
2678,NDPS,21,1,1
2679,BNS,74,1,1
2680,BNS,74,1,1
2681,BNS,189,1,1
2682,BNS,303,1,1
2683,BNS,74,1,1
2684,NDPS,20,1,1
2685,BNS,331,1,1
2685,BNS,303,2,2
2686,BNS,331,1,1
2686,BNS,303,2,2
2687,BNS,115,1,1
2688,BNS,303,1,1
2689,BNS,331,1,1
2689,BNS,303,2,2
2690,BNS,309,1,1
2691,BNS,303,1,1
2692,BNS,316,1,1
2693,BNS,117,1,1
2694,BNS,85,1,1
2695,BNS,303,1,1
2696,BNS,303,1,1
2697,BNS,117,1,1
2698,BNS,303,1,1
2699,BNS,304,1,1
2700,BNS,316,1,1
2701,BNS,303,1,1
2702,NDPS,20,1,1
2703,BNS,109,1,1
2704,BNS,303,1,1
2705,BNS,309,1,1
2706,BNS,303,1,1
2707,BNS,191,1,1
2708,BNS,303,1,1
2709,BNS,74,1,1
2710,BNS,303,1,1
2711,BNS,303,1,1
2712,BNS,304,1,1
2713,BNS,331,1,1
2713,BNS,303,2,2
2714,BNS,318,1,1
2715,BNS,318,1,1
2716,BNS,304,1,1
2717,BNS,316,1,1
2718,ITACT,66C,1,1
2719,BNS,303,1,1
2720,BNS,74,1,1
2721,BNS,309,1,1
2722,BNS,304,1,1
2723,BNS,115,1,1
2724,BNS,318,1,1
2725,BNS,74,1,1
2726,BNS,318,1,1
2727,BNS,303,1,1
2728,BNS,309,1,1
2729,BNS,304,1,1
2730,BNS,318,1,1
2731,BNS,309,1,1
2732,BNS,318,1,1
2733,BNS,115,1,1
2734,ITACT,66D,1,1
2734,BNS,318,2,2
2735,BNS,304,1,1
2736,BNS,331,1,1
2736,BNS,303,2,2
2737,BNS,189,1,1
2738,BNS,303,1,1
2739,BNS,304,1,1
2740,BNS,309,1,1
2741,BNS,303,1,1
2742,BNS,304,1,1
2743,BNS,304,1,1
2744,BNS,303,1,1
2745,BNS,331,1,1
2745,BNS,303,2,2
2746,BNS,303,1,1
2747,BNS,115,1,1
2748,NDPS,20,1,1
2749,BNS,85,1,1
2750,BNS,74,1,1
2751,NDPS,20,1,1
2752,BNS,117,1,1
2753,BNS,74,1,1
2754,BNS,303,1,1
2755,BNS,304,1,1
2756,NDPS,20,1,1
2757,BNS,115,1,1
2758,BNS,331,1,1
2758,BNS,303,2,2
2759,BNS,103,1,1
2760,BNS,304,1,1
2761,BNS,303,1,1
2762,BNS,109,1,1
2763,BNS,304,1,1
2764,BNS,74,1,1
2765,BNS,318,1,1
2766,BNS,85,1,1
2767,BNS,115,1,1
2768,BNS,303,1,1
2769,BNS,331,1,1
2769,BNS,303,2,2
2770,BNS,331,1,1
2770,BNS,303,2,2
2771,BNS,115,1,1
2772,BNS,331,1,1
2772,BNS,303,2,2
2773,BNS,303,1,1
2774,BNS,310,1,1
2775,ITACT,66D,1,1
2775,BNS,318,2,2
2776,BNS,303,1,1
2777,BNS,304,1,1
2778,BNS,117,1,1
2779,BNS,303,1,1
2780,BNS,318,1,1
2781,BNS,85,1,1
2782,BNS,304,1,1
2783,ITACT,66C,1,1
2784,BNS,189,1,1
2785,BNS,103,1,1
2786,BNS,304,1,1
2787,BNS,303,1,1
2788,BNS,303,1,1
2789,BNS,304,1,1
2790,BNS,117,1,1
2791,NDPS,20,1,1
2792,BNS,309,1,1
2793,BNS,303,1,1
2794,BNS,74,1,1
2795,BNS,303,1,1
2796,BNS,309,1,1
2797,BNS,303,1,1
2798,BNS,103,1,1
2799,ITACT,66D,1,1
2799,BNS,318,2,2
2800,BNS,189,1,1
2801,NDPS,20,1,1
2802,BNS,318,1,1
2803,BNS,117,1,1
2804,BNS,115,1,1
2805,BNS,309,1,1
2806,BNS,303,1,1
2807,BNS,304,1,1
2808,BNS,318,1,1
2809,BNS,331,1,1
2809,BNS,303,2,2
2810,BNS,74,1,1
2811,BNS,303,1,1
2812,BNS,316,1,1
2813,ITACT,66C,1,1
2814,ITACT,66C,1,1
2815,BNS,115,1,1
2816,BNS,303,1,1
2817,BNS,74,1,1
2818,BNS,318,1,1
2819,NDPS,21,1,1
2820,BNS,318,1,1
2821,BNS,115,1,1
2822,NDPS,20,1,1
2823,BNS,303,1,1
2824,BNS,85,1,1
2825,BNS,303,1,1
2826,BNS,103,1,1
2827,BNS,331,1,1
2827,BNS,303,2,2
2828,BNS,303,1,1
2829,BNS,303,1,1
2830,ITACT,66D,1,1
2830,BNS,318,2,2
2831,BNS,303,1,1
2832,BNS,318,1,1
2833,BNS,304,1,1
2834,BNS,303,1,1
2835,BNS,309,1,1
2836,ITACT,66C,1,1
2837,BNS,115,1,1
2838,BNS,318,1,1
2839,BNS,309,1,1
2840,BNS,331,1,1
2840,BNS,303,2,2
2841,BNS,303,1,1
2842,BNS,303,1,1
2843,BNS,318,1,1
2844,BNS,103,1,1
2845,BNS,318,1,1
2846,BNS,115,1,1
2847,BNS,115,1,1
2848,ITACT,66D,1,1
2848,BNS,318,2,2
2849,BNS,318,1,1
2850,BNS,303,1,1
2851,BNS,115,1,1
2852,BNS,109,1,1
2853,BNS,303,1,1
2854,ITACT,66D,1,1
2854,BNS,318,2,2
2855,BNS,309,1,1
2856,BNS,303,1,1
2857,NDPS,21,1,1
2858,ITACT,66C,1,1
2859,BNS,74,1,1
2860,BNS,303,1,1
2861,ITACT,66D,1,1
2861,BNS,318,2,2
2862,BNS,303,1,1
2863,BNS,303,1,1
2864,BNS,117,1,1
2865,BNS,303,1,1
2866,BNS,85,1,1
2867,BNS,303,1,1
2868,ITACT,66C,1,1
2869,BNS,303,1,1
2870,ITACT,66C,1,1
2871,BNS,115,1,1
2872,BNS,303,1,1
2873,BNS,189,1,1
2874,BNS,115,1,1
2875,BNS,303,1,1
2876,BNS,304,1,1
2877,BNS,318,1,1
2878,BNS,303,1,1
2879,BNS,115,1,1
2880,BNS,303,1,1
2881,BNS,303,1,1
2882,BNS,117,1,1
2883,BNS,117,1,1
2884,BNS,316,1,1
2885,NDPS,21,1,1
2886,BNS,318,1,1
2887,BNS,309,1,1
2888,BNS,85,1,1
2889,BNS,309,1,1
2890,BNS,303,1,1
2891,BNS,303,1,1
2892,BNS,303,1,1
2893,BNS,303,1,1
2894,ITACT,66C,1,1
2895,ITACT,66C,1,1
2896,NDPS,20,1,1
2897,BNS,318,1,1
2898,BNS,304,1,1
2899,ITACT,66D,1,1
2899,BNS,318,2,2
2900,BNS,303,1,1
2901,BNS,303,1,1
2902,BNS,117,1,1
2903,BNS,115,1,1
2904,BNS,303,1,1
2905,BNS,303,1,1
2906,BNS,303,1,1
2907,NDPS,20,1,1
2908,ITACT,66D,1,1
2908,BNS,318,2,2
2909,BNS,304,1,1
2910,BNS,115,1,1
2911,BNS,303,1,1
2912,BNS,303,1,1
2913,BNS,85,1,1
2914,BNS,109,1,1
2915,BNS,318,1,1
2916,BNS,304,1,1
2917,BNS,115,1,1
2918,BNS,303,1,1
2919,BNS,115,1,1
2920,BNS,303,1,1
2921,BNS,303,1,1
2922,BNS,191,1,1
2923,BNS,316,1,1
2924,BNS,117,1,1
2925,BNS,303,1,1
2926,BNS,309,1,1
2927,BNS,318,1,1
2928,ITACT,66C,1,1
2929,BNS,318,1,1
2930,BNS,109,1,1
2931,BNS,309,1,1
2932,BNS,331,1,1
2932,BNS,303,2,2
2933,BNS,331,1,1
2933,BNS,303,2,2
2934,ITACT,66D,1,1
2934,BNS,318,2,2
2935,ITACT,66D,1,1
2935,BNS,318,2,2
2936,BNS,85,1,1
2937,BNS,303,1,1
2938,BNS,331,1,1
2938,BNS,303,2,2
2939,BNS,303,1,1
2940,BNS,303,1,1
2941,BNS,103,1,1
2942,BNS,303,1,1
2943,BNS,115,1,1
2944,BNS,303,1,1
2945,BNS,318,1,1
2946,ITACT,66C,1,1
2947,BNS,74,1,1
2948,BNS,310,1,1
2949,BNS,74,1,1
2950,BNS,309,1,1
2951,BNS,115,1,1
2952,BNS,109,1,1
2953,BNS,115,1,1
2954,ITACT,66C,1,1
2955,BNS,191,1,1
2956,ITACT,66D,1,1
2956,BNS,318,2,2
2957,BNS,318,1,1
2958,BNS,189,1,1
2959,BNS,85,1,1
2960,NDPS,20,1,1
2961,BNS,117,1,1
2962,BNS,303,1,1
2963,BNS,303,1,1
2964,BNS,331,1,1
2964,BNS,303,2,2
2965,NDPS,20,1,1
2966,ITACT,66C,1,1
2967,BNS,303,1,1
2968,BNS,303,1,1
2969,BNS,303,1,1
2970,BNS,115,1,1
2971,BNS,318,1,1
2972,BNS,318,1,1
2973,BNS,331,1,1
2973,BNS,303,2,2
2974,BNS,309,1,1
2975,BNS,303,1,1
2976,BNS,331,1,1
2976,BNS,303,2,2
2977,ITACT,66C,1,1
2978,BNS,85,1,1
2979,BNS,316,1,1
2980,BNS,115,1,1
2981,BNS,303,1,1
2982,BNS,316,1,1
2983,BNS,115,1,1
2984,BNS,303,1,1
2985,BNS,331,1,1
2985,BNS,303,2,2
2986,NDPS,21,1,1
2987,BNS,318,1,1
2988,BNS,115,1,1
2989,BNS,304,1,1
2990,BNS,189,1,1
2991,BNS,117,1,1
2992,BNS,331,1,1
2992,BNS,303,2,2
2993,BNS,115,1,1
2994,NDPS,20,1,1
2995,NDPS,20,1,1
2996,BNS,303,1,1
2997,BNS,303,1,1
2998,BNS,303,1,1
2999,BNS,117,1,1
3000,BNS,310,1,1
