ArrestSurrenderID,CaseMasterID,ArrestSurrenderTypeID,ArrestSurrenderDate,ArrestSurrenderStateId,ArrestSurrenderDistrictId,PoliceStationID,IOID,CourtID,AccusedMasterID,IsAccused,IsComplainantAccused
1,1,1,2025-07-23,1,1,4,25,1,1,1,0
2,1,1,2025-09-21,1,1,4,29,1,2,1,0
3,2,1,2026-07-30,1,3,9,65,3,3,1,0
4,2,1,2026-06-16,1,3,9,61,3,5,1,0
5,2,1,2026-07-20,1,3,9,60,3,6,1,0
6,4,1,2026-07-11,1,3,11,80,3,11,1,0
7,4,1,2026-06-18,1,3,11,77,3,12,1,0
8,5,1,2025-07-09,1,1,1,6,1,13,1,0
9,5,1,2025-06-04,1,1,1,1,1,14,1,0
10,5,1,2025-07-31,1,1,1,3,1,16,1,0
11,6,2,2026-07-19,1,3,11,77,3,17,1,0
12,6,1,2026-06-22,1,3,11,75,3,18,1,0
13,6,1,2026-07-15,1,3,11,80,3,19,1,0
14,7,1,2026-04-06,1,3,12,89,3,22,1,0
15,8,2,2024-01-29,1,1,2,11,1,25,1,0
16,10,1,2025-10-24,1,1,3,19,1,31,1,0
17,11,1,2025-01-14,1,3,9,64,3,32,1,0
18,11,1,2024-12-24,1,3,9,65,3,33,1,0
19,12,1,2026-06-26,1,3,10,69,3,35,1,0
20,12,1,2026-05-31,1,3,10,69,3,36,1,0
21,12,1,2026-04-08,1,3,10,71,3,37,1,0
22,12,1,2026-05-05,1,3,10,70,3,38,1,0
23,13,1,2024-06-18,1,3,12,84,3,40,1,0
24,14,1,2024-07-27,1,1,2,8,1,41,1,0
25,14,1,2024-08-20,1,1,2,8,1,42,1,0
26,16,1,2025-04-05,1,25,97,792,25,44,1,0
27,18,1,2024-11-29,1,25,98,797,25,47,1,0
28,20,1,2024-01-21,1,25,98,805,25,50,1,0
29,23,1,2024-12-24,1,25,97,788,25,56,1,0
30,27,2,2025-05-24,1,25,99,813,25,63,1,0
31,28,1,2026-01-13,1,25,100,817,25,65,1,0
32,29,1,2023-05-31,1,25,97,790,25,66,1,0
33,31,1,2023-10-02,1,25,100,821,25,68,1,0
34,31,1,2023-06-22,1,25,100,817,25,69,1,0
35,33,1,2026-04-16,1,25,99,814,25,71,1,0
36,33,1,2026-05-03,1,25,99,811,25,72,1,0
37,34,2,2025-05-03,1,25,97,787,25,74,1,0
38,35,1,2024-06-19,1,25,99,808,25,75,1,0
39,36,1,2025-06-04,1,25,100,822,25,77,1,0
40,37,1,2023-10-17,1,25,98,796,25,78,1,0
41,38,1,2026-04-24,1,25,100,820,25,79,1,0
42,40,1,2024-12-06,1,25,97,787,25,81,1,0
43,42,1,2023-08-26,1,25,100,821,25,84,1,0
44,43,1,2023-10-18,1,25,98,796,25,86,1,0
45,44,1,2024-03-20,1,25,98,802,25,88,1,0
46,47,1,2025-07-31,1,25,100,817,25,91,1,0
47,47,1,2025-07-19,1,25,100,821,25,93,1,0
48,48,1,2025-08-31,1,25,98,803,25,94,1,0
49,49,1,2026-02-22,1,25,98,801,25,96,1,0
50,49,1,2026-03-17,1,25,98,799,25,97,1,0
51,53,1,2023-11-27,1,25,97,788,25,103,1,0
52,55,1,2026-09-04,1,25,100,819,25,105,1,0
53,57,1,2026-02-14,1,25,97,793,25,109,1,0
54,58,1,2023-07-22,1,25,97,795,25,110,1,0
55,59,1,2026-08-10,1,25,100,817,25,111,1,0
56,63,1,2024-03-15,1,25,97,791,25,116,1,0
57,64,1,2024-11-14,1,25,100,820,25,118,1,0
58,65,1,2023-02-22,1,25,99,807,25,119,1,0
59,68,1,2024-05-25,1,25,98,805,25,124,1,0
60,69,1,2024-08-26,1,25,100,820,25,126,1,0
61,70,1,2024-06-15,1,25,97,793,25,127,1,0
62,70,1,2024-09-04,1,25,97,791,25,128,1,0
63,73,2,2025-05-08,1,25,100,819,25,131,1,0
64,73,1,2025-05-21,1,25,100,816,25,132,1,0
65,74,1,2024-08-07,1,25,99,814,25,133,1,0
66,75,1,2024-04-04,1,25,98,803,25,135,1,0
67,76,1,2025-02-26,1,25,97,793,25,137,1,0
68,77,1,2025-03-03,1,25,97,795,25,138,1,0
69,77,1,2025-02-14,1,25,97,795,25,139,1,0
70,77,1,2024-12-31,1,25,97,794,25,140,1,0
71,78,1,2025-08-10,1,25,99,812,25,141,1,0
72,80,2,2023-05-16,1,25,100,818,25,143,1,0
73,82,1,2026-08-28,1,25,98,796,25,145,1,0
74,83,1,2024-04-06,1,25,100,820,25,146,1,0
75,84,1,2024-04-12,1,25,100,821,25,147,1,0
76,85,1,2026-06-21,1,25,100,818,25,148,1,0
77,86,1,2023-11-04,1,25,97,795,25,149,1,0
78,87,1,2026-08-01,1,25,98,801,25,150,1,0
79,90,1,2024-05-09,1,25,99,809,25,154,1,0
80,91,1,2025-01-09,1,25,97,788,25,155,1,0
81,92,1,2025-07-12,1,25,100,820,25,158,1,0
82,94,1,2024-11-02,1,25,97,792,25,161,1,0
83,94,1,2024-11-24,1,25,97,791,25,163,1,0
84,97,1,2024-03-28,1,25,97,789,25,167,1,0
85,97,1,2024-04-03,1,25,97,788,25,168,1,0
86,98,1,2025-08-09,1,25,98,798,25,169,1,0
87,100,1,2025-02-26,1,25,100,817,25,171,1,0
88,101,1,2024-03-27,1,25,97,793,25,172,1,0
89,102,1,2023-12-01,1,25,97,792,25,175,1,0
90,103,1,2026-07-08,1,25,97,794,25,176,1,0
91,104,1,2024-09-03,1,25,100,821,25,177,1,1
92,105,1,2025-11-18,1,25,99,809,25,178,1,0
93,105,1,2026-01-15,1,25,99,806,25,179,1,0
94,106,1,2024-03-26,1,25,99,810,25,181,1,0
95,107,1,2024-03-03,1,25,98,797,25,182,1,0
96,108,1,2024-04-12,1,25,98,802,25,184,1,0
97,110,1,2024-06-20,1,25,98,803,25,188,1,0
98,111,1,2023-08-07,1,25,97,794,25,189,1,0
99,115,1,2024-01-29,1,25,100,818,25,194,1,0
100,115,1,2024-02-26,1,25,100,821,25,195,1,0
101,116,1,2024-01-02,1,25,97,794,25,196,1,0
102,118,1,2024-09-01,1,25,99,813,25,200,1,0
103,121,1,2024-11-22,1,25,99,813,25,204,1,0
104,121,1,2025-01-03,1,25,99,811,25,205,1,0
105,125,1,2025-01-02,1,25,97,791,25,210,1,0
106,126,1,2026-02-06,1,25,99,811,25,212,1,0
107,129,1,2025-12-05,1,25,97,788,25,216,1,0
108,131,1,2026-05-24,1,25,100,817,25,218,1,0
109,132,2,2023-08-02,1,25,100,821,25,219,1,0
110,134,1,2024-11-21,1,25,99,812,25,221,1,0
111,136,1,2023-03-13,1,20,80,647,20,224,1,0
112,141,1,2026-04-28,1,21,83,674,21,230,1,0
113,144,2,2025-06-23,1,7,26,201,7,235,1,0
114,146,1,2025-03-03,1,2,7,51,2,237,1,0
115,154,2,2025-03-03,1,12,48,386,12,245,1,0
116,154,1,2025-03-12,1,12,48,382,12,246,1,0
117,155,1,2025-11-02,1,10,38,299,10,248,1,0
118,157,1,2026-07-26,1,25,99,810,25,251,1,0
119,157,1,2026-06-12,1,25,99,812,25,252,1,0
120,157,1,2026-07-19,1,25,99,807,25,253,1,0
121,159,1,2025-04-23,1,23,90,734,23,256,1,0
122,162,1,2023-07-23,1,3,11,75,3,260,1,1
123,163,1,2023-02-14,1,25,97,794,25,261,1,0
124,164,1,2024-10-05,1,19,74,595,19,263,1,0
125,165,1,2026-08-16,1,10,38,302,10,264,1,0
126,166,1,2026-03-13,1,1,1,2,1,265,1,0
127,167,2,2026-04-04,1,27,105,855,27,266,1,0
128,168,1,2025-12-05,1,10,38,300,10,269,1,0
129,168,1,2025-10-08,1,10,38,302,10,270,1,0
130,168,2,2025-09-04,1,10,38,295,10,271,1,0
131,169,1,2024-08-05,1,27,105,855,27,272,1,0
132,169,1,2024-07-29,1,27,105,858,27,273,1,0
133,171,1,2025-11-17,1,11,44,353,11,277,1,0
134,172,1,2026-07-11,1,30,120,982,30,278,1,0
135,176,1,2024-07-04,1,24,94,768,24,282,1,0
136,177,1,2024-05-25,1,2,7,50,2,283,1,0
137,177,1,2024-08-26,1,2,7,47,2,284,1,0
138,177,1,2024-06-12,1,2,7,46,2,285,1,0
139,178,1,2024-02-21,1,1,1,3,1,286,1,0
140,183,1,2026-08-13,1,21,82,665,21,291,1,0
141,186,1,2026-07-14,1,3,9,62,3,294,1,0
142,187,1,2025-04-11,1,18,72,574,18,296,1,0
143,188,1,2023-05-12,1,12,48,386,12,297,1,0
144,189,1,2026-05-11,1,23,89,723,23,298,1,0
145,190,1,2023-12-31,1,4,14,102,4,299,1,0
146,191,1,2026-09-14,1,21,84,680,21,300,1,0
147,192,2,2025-05-04,1,20,78,633,20,303,1,0
148,193,1,2024-04-28,1,29,115,936,29,304,1,0
149,196,1,2026-09-27,1,9,33,261,9,309,1,0
150,198,1,2024-05-04,1,1,1,2,1,312,1,0
151,198,1,2024-03-22,1,1,1,1,1,313,1,0
152,202,1,2025-11-17,1,3,10,68,3,317,1,0
153,206,1,2024-07-28,1,10,39,303,10,324,1,0
154,207,1,2024-11-05,1,30,118,959,30,326,1,0
155,208,1,2026-04-30,1,1,2,9,1,327,1,0
156,209,1,2025-07-21,1,13,52,421,13,329,1,0
157,209,1,2025-06-24,1,13,52,417,13,330,1,0
158,211,1,2025-01-03,1,19,74,597,19,335,1,0
159,211,1,2024-11-29,1,19,74,593,19,336,1,0
160,213,1,2026-07-02,1,4,14,106,4,340,1,0
161,216,1,2024-07-22,1,31,123,1007,31,343,1,0
162,218,2,2023-06-29,1,4,13,96,4,345,1,0
163,219,1,2024-04-05,1,19,73,590,19,347,1,0
164,222,1,2023-11-24,1,24,95,775,24,350,1,0
165,223,1,2025-11-24,1,17,65,517,17,351,1,0
166,224,1,2023-05-12,1,28,112,913,28,352,1,0
167,227,1,2024-09-17,1,3,10,68,3,355,1,0
168,230,1,2023-10-24,1,25,100,818,25,358,1,0
169,232,1,2025-05-16,1,24,95,777,24,361,1,0
170,234,1,2024-06-03,1,5,19,138,5,363,1,0
171,236,1,2026-08-16,1,26,101,827,26,367,1,0
172,237,1,2026-08-17,1,15,59,467,15,368,1,0
173,239,1,2024-02-05,1,8,32,250,8,370,1,0
174,240,1,2023-09-23,1,21,84,683,21,371,1,0
175,243,1,2024-12-19,1,28,110,897,28,374,1,0
176,244,1,2023-05-14,1,2,8,56,2,377,1,0
177,245,2,2025-11-14,1,3,12,82,3,378,1,0
178,248,1,2025-06-16,1,1,2,10,1,382,1,0
179,253,1,2024-09-13,1,4,14,104,4,389,1,0
180,254,1,2023-09-23,1,31,121,992,31,390,1,0
181,255,1,2023-07-03,1,4,15,107,4,391,1,0
182,258,1,2023-07-24,1,25,97,795,25,396,1,0
183,259,1,2024-08-17,1,29,113,921,29,397,1,0
184,260,1,2026-01-30,1,27,108,880,27,398,1,0
185,261,1,2023-03-20,1,4,14,106,4,401,1,0
186,262,1,2024-01-18,1,25,100,815,25,403,1,0
187,268,1,2024-10-26,1,13,52,419,13,412,1,0
188,269,1,2024-11-18,1,17,68,543,17,413,1,0
189,269,1,2024-09-27,1,17,68,543,17,414,1,0
190,274,2,2026-08-03,1,23,91,744,23,423,1,0
191,276,1,2025-04-18,1,21,82,666,21,426,1,0
192,277,1,2024-11-14,1,27,106,862,27,427,1,0
193,277,1,2025-02-22,1,27,106,863,27,428,1,0
194,278,1,2024-10-21,1,16,61,491,16,430,1,0
195,279,1,2023-11-20,1,4,13,99,4,431,1,0
196,280,2,2025-05-24,1,24,96,786,24,433,1,0
197,281,1,2025-08-29,1,18,70,565,18,434,1,0
198,281,1,2025-12-07,1,18,70,562,18,435,1,0
199,281,1,2025-12-05,1,18,70,564,18,436,1,0
200,282,1,2025-03-26,1,7,28,216,7,437,1,0
201,282,2,2025-05-11,1,7,28,217,7,438,1,0
202,284,1,2024-10-22,1,14,54,437,14,440,1,0
203,285,1,2026-04-09,1,12,47,376,12,441,1,0
204,287,2,2024-04-27,1,20,77,619,20,443,1,0
205,289,1,2025-02-09,1,2,8,57,2,445,1,0
206,290,1,2024-01-06,1,25,97,788,25,447,1,0
207,291,1,2026-08-29,1,11,42,336,11,449,1,0
208,292,1,2023-05-14,1,20,79,644,20,450,1,0
209,294,1,2024-12-30,1,17,66,531,17,453,1,0
210,295,1,2024-09-02,1,1,1,4,1,454,1,0
211,295,1,2024-06-25,1,1,1,2,1,455,1,0
212,296,2,2023-11-20,1,19,75,600,19,456,1,0
213,297,1,2026-08-20,1,25,97,793,25,458,1,0
214,299,2,2025-04-10,1,26,103,845,26,460,1,0
215,301,1,2025-11-10,1,1,3,13,1,463,1,0
216,302,1,2024-08-11,1,23,90,735,23,466,1,0
217,304,1,2023-04-30,1,9,36,283,9,468,1,0
218,306,1,2023-03-23,1,27,105,860,27,471,1,0
219,306,1,2023-03-20,1,27,105,861,27,472,1,0
220,308,1,2025-01-23,1,9,33,259,9,474,1,0
221,310,1,2023-08-01,1,14,54,437,14,477,1,0
222,311,1,2025-09-08,1,22,85,693,22,478,1,0
223,312,1,2024-12-27,1,12,45,358,12,479,1,0
224,315,1,2024-02-23,1,8,32,246,8,484,1,0
225,315,1,2024-01-04,1,8,32,249,8,485,1,0
226,315,1,2024-02-06,1,8,32,246,8,486,1,0
227,316,1,2024-10-30,1,25,97,795,25,487,1,0
228,316,1,2024-10-06,1,25,97,791,25,488,1,0
229,317,2,2024-12-09,1,12,47,369,12,489,1,0
230,322,1,2026-05-01,1,20,79,639,20,495,1,0
231,323,1,2026-01-12,1,27,105,855,27,496,1,0
232,324,1,2024-08-15,1,1,1,5,1,498,1,0
233,325,2,2024-12-10,1,15,58,465,15,499,1,0
234,326,1,2023-11-24,1,3,9,59,3,502,1,0
235,327,1,2024-06-12,1,10,39,305,10,503,1,0
236,328,1,2026-02-19,1,31,123,1007,31,504,1,0
237,328,1,2026-01-28,1,31,123,1005,31,505,1,0
238,329,1,2025-06-19,1,15,59,476,15,507,1,0
239,330,1,2024-06-03,1,1,2,8,1,508,1,0
240,330,1,2024-06-06,1,1,2,7,1,509,1,0
241,332,1,2025-06-21,1,9,33,257,9,512,1,0
242,332,1,2025-06-21,1,9,33,260,9,513,1,0
243,336,1,2023-05-22,1,1,1,4,1,518,1,0
244,338,1,2025-05-01,1,18,71,566,18,521,1,0
245,339,1,2024-07-06,1,3,10,70,3,522,1,0
246,340,1,2023-04-09,1,16,61,492,16,523,1,0
247,341,1,2023-02-02,1,18,71,569,18,526,1,0
248,342,1,2026-03-31,1,5,19,143,5,527,1,0
249,343,1,2026-03-02,1,1,2,8,1,528,1,0
250,343,2,2026-03-15,1,1,2,8,1,529,1,0
251,345,1,2026-04-26,1,8,30,234,8,533,1,0
252,347,1,2025-08-17,1,1,3,20,1,535,1,0
253,350,1,2025-11-04,1,28,111,906,28,540,1,0
254,353,1,2024-07-11,1,6,23,171,6,547,1,0
255,354,1,2025-12-11,1,25,99,808,25,548,1,0
256,355,1,2025-06-03,1,16,62,495,16,549,1,0
257,355,1,2025-03-19,1,16,62,496,16,550,1,0
258,357,1,2024-01-18,1,7,25,191,7,552,1,0
259,360,1,2026-05-26,1,30,117,953,30,558,1,0
260,362,1,2023-06-01,1,30,120,978,30,560,1,0
261,363,1,2023-06-02,1,1,4,29,1,563,1,0
262,365,1,2023-07-08,1,25,99,807,25,565,1,0
263,366,1,2023-11-24,1,11,41,327,11,566,1,0
264,367,1,2024-02-12,1,20,77,618,20,567,1,0
265,368,1,2023-08-16,1,19,73,588,19,568,1,0
266,368,1,2023-07-19,1,19,73,583,19,569,1,0
267,369,2,2024-03-12,1,25,97,789,25,572,1,0
268,370,1,2023-10-12,1,10,38,298,10,573,1,0
269,371,1,2023-04-08,1,22,87,705,22,575,1,0
270,372,2,2025-06-09,1,12,45,358,12,577,1,0
271,372,1,2025-04-15,1,12,45,355,12,578,1,0
272,373,1,2023-10-02,1,24,94,764,24,579,1,0
273,375,1,2026-01-10,1,27,106,866,27,581,1,0
274,377,1,2025-03-15,1,20,78,625,20,585,1,0
275,378,1,2024-10-25,1,1,2,9,1,586,1,0
276,382,1,2025-12-05,1,7,27,203,7,591,1,0
277,383,1,2024-11-29,1,1,2,12,1,593,1,0
278,387,1,2026-01-01,1,3,11,78,3,599,1,0
279,387,1,2025-12-20,1,3,11,75,3,600,1,0
280,388,1,2023-07-20,1,1,4,23,1,601,1,0
281,389,1,2025-02-18,1,1,2,8,1,603,1,0
282,390,1,2025-01-09,1,4,16,116,4,604,1,0
283,391,1,2025-01-10,1,1,4,25,1,606,1,0
284,391,1,2024-12-02,1,1,4,24,1,607,1,0
285,393,2,2024-12-31,1,23,90,737,23,609,1,0
286,395,1,2025-09-11,1,4,16,117,4,612,1,0
287,396,1,2026-06-24,1,16,61,491,16,613,1,0
288,397,1,2024-11-03,1,25,97,788,25,614,1,0
289,398,1,2025-10-10,1,30,117,945,30,615,1,0
290,400,1,2025-03-06,1,1,2,7,1,617,1,0
291,403,1,2025-09-13,1,1,1,6,1,620,1,0
292,405,1,2025-08-06,1,1,4,24,1,622,1,0
293,406,1,2025-02-16,1,29,114,925,29,623,1,0
294,407,1,2025-11-17,1,27,108,879,27,625,1,0
295,409,1,2025-07-29,1,17,65,517,17,627,1,0
296,410,1,2026-06-23,1,25,100,816,25,629,1,0
297,411,1,2024-04-10,1,1,3,20,1,631,1,0
298,416,2,2026-02-28,1,13,49,393,13,638,1,0
299,418,1,2025-10-10,1,1,1,5,1,641,1,0
300,419,1,2023-01-28,1,1,3,17,1,642,1,0
301,419,1,2023-04-10,1,1,3,17,1,643,1,0
302,420,1,2026-03-08,1,8,31,240,8,644,1,0
303,421,1,2026-09-30,1,28,110,895,28,646,1,0
304,423,1,2023-09-11,1,25,100,816,25,651,1,0
305,424,1,2024-03-22,1,1,4,25,1,652,1,0
306,426,2,2024-11-25,1,25,100,815,25,654,1,0
307,429,2,2024-12-02,1,19,75,606,19,657,1,0
308,430,1,2025-10-07,1,31,121,987,31,658,1,0
309,432,1,2026-07-23,1,10,40,312,10,660,1,0
310,434,1,2024-02-09,1,25,100,819,25,662,1,0
311,435,1,2026-04-28,1,31,122,998,31,664,1,0
312,435,1,2026-07-11,1,31,122,996,31,665,1,0
313,436,1,2024-12-26,1,4,15,110,4,667,1,0
314,438,1,2023-07-28,1,31,124,1013,31,670,1,0
315,439,1,2023-10-20,1,5,18,136,5,673,1,0
316,442,1,2023-12-04,1,31,124,1013,31,677,1,0
317,445,1,2023-08-29,1,25,97,793,25,684,1,0
318,445,1,2023-12-07,1,25,97,795,25,685,1,0
319,446,1,2024-07-26,1,8,32,248,8,687,1,0
320,447,1,2024-10-06,1,1,3,18,1,688,1,0
321,452,1,2023-06-30,1,12,48,381,12,695,1,0
322,454,1,2023-07-16,1,18,70,559,18,697,1,0
323,454,1,2023-09-22,1,18,70,561,18,698,1,0
324,455,1,2023-06-12,1,20,80,652,20,701,1,0
325,460,1,2024-10-20,1,4,14,104,4,709,1,0
326,460,1,2024-09-28,1,4,14,103,4,710,1,0
327,461,1,2023-06-04,1,4,15,107,4,712,1,0
328,462,1,2023-06-14,1,28,111,905,28,713,1,0
329,465,1,2025-11-19,1,11,42,339,11,716,1,0
330,465,1,2026-01-28,1,11,42,333,11,717,1,0
331,466,2,2023-09-06,1,2,5,31,2,719,1,0
332,474,1,2023-04-15,1,1,2,9,1,729,1,0
333,475,1,2026-04-21,1,25,98,805,25,730,1,0
334,475,2,2026-07-30,1,25,98,805,25,731,1,0
335,477,1,2025-05-19,1,9,36,280,9,733,1,0
336,478,2,2024-11-07,1,25,99,812,25,734,1,0
337,478,1,2024-11-27,1,25,99,808,25,735,1,0
338,480,1,2025-10-30,1,10,37,291,10,737,1,0
339,481,2,2023-03-08,1,1,3,13,1,738,1,0
340,481,1,2023-03-30,1,1,3,17,1,739,1,0
341,486,1,2024-05-10,1,25,97,789,25,745,1,0
342,487,1,2023-11-06,1,18,72,580,18,748,1,0
343,490,1,2025-01-29,1,7,28,217,7,753,1,0
344,492,1,2025-06-09,1,3,10,66,3,755,1,0
345,493,1,2026-09-13,1,23,92,750,23,756,1,0
346,494,1,2024-06-16,1,2,5,35,2,757,1,0
347,494,1,2024-07-31,1,2,5,37,2,758,1,0
348,495,1,2024-06-23,1,30,120,980,30,759,1,0
349,496,1,2026-02-26,1,31,124,1014,31,761,1,0
350,499,1,2025-05-25,1,9,36,284,9,766,1,0
351,503,1,2023-11-05,1,22,88,716,22,771,1,0
352,503,1,2023-10-04,1,22,88,711,22,772,1,0
353,504,2,2025-07-20,1,4,15,107,4,774,1,0
354,504,1,2025-04-03,1,4,15,113,4,775,1,0
355,505,1,2023-05-09,1,1,4,28,1,776,1,0
356,507,1,2026-01-07,1,6,24,176,6,778,1,0
357,509,1,2023-09-15,1,21,84,684,21,781,1,0
358,510,1,2025-03-03,1,24,95,778,24,782,1,0
359,511,1,2026-03-03,1,10,40,320,10,784,1,0
360,517,2,2024-07-21,1,8,29,221,8,794,1,0
361,518,1,2024-08-02,1,1,2,9,1,796,1,0
362,519,1,2024-12-01,1,4,15,109,4,797,1,0
363,521,1,2023-07-12,1,14,53,428,14,800,1,0
364,528,1,2025-04-10,1,12,48,378,12,809,1,0
365,529,1,2025-01-19,1,1,4,29,1,812,1,0
366,529,1,2024-12-01,1,1,4,23,1,813,1,0
367,529,1,2024-11-22,1,1,4,28,1,814,1,0
368,530,1,2023-12-31,1,13,51,408,13,816,1,0
369,532,1,2025-03-05,1,18,72,575,18,819,1,0
370,533,1,2025-02-19,1,8,30,234,8,820,1,0
371,534,1,2023-10-15,1,25,98,799,25,821,1,0
372,534,1,2023-10-23,1,25,98,801,25,822,1,0
373,535,1,2026-06-23,1,25,98,799,25,823,1,0
374,536,1,2023-04-04,1,25,100,821,25,824,1,0
375,537,1,2023-08-13,1,4,15,113,4,826,1,0
376,537,1,2023-09-23,1,4,15,110,4,827,1,0
377,538,1,2023-08-13,1,15,57,455,15,829,1,0
378,539,1,2023-03-22,1,4,16,122,4,831,1,0
379,542,1,2026-02-04,1,11,43,340,11,835,1,0
380,542,1,2026-01-26,1,11,43,344,11,836,1,0
381,543,1,2024-04-29,1,30,119,965,30,838,1,0
382,545,1,2025-02-21,1,7,26,196,7,840,1,0
383,546,2,2025-06-17,1,30,118,960,30,841,1,0
384,547,1,2025-11-16,1,14,55,441,14,842,1,0
385,548,1,2023-11-25,1,18,69,555,18,843,1,0
386,549,1,2023-06-26,1,1,1,6,1,844,1,0
387,550,1,2025-04-10,1,1,4,27,1,845,1,0
388,551,1,2025-12-26,1,4,14,100,4,846,1,0
389,553,1,2024-07-30,1,19,75,601,19,849,1,0
390,555,2,2024-07-05,1,4,15,113,4,852,1,0
391,556,1,2024-06-25,1,10,37,290,10,853,1,0
392,558,1,2025-12-04,1,2,6,44,2,856,1,0
393,560,1,2023-05-08,1,31,122,995,31,858,1,0
394,561,1,2025-09-02,1,30,118,963,30,860,1,0
395,563,1,2026-05-23,1,6,24,176,6,862,1,0
396,565,1,2023-09-01,1,7,28,214,7,864,1,0
397,565,1,2023-08-24,1,7,28,217,7,865,1,0
398,566,1,2026-05-02,1,28,111,902,28,867,1,0
399,568,1,2025-04-26,1,1,1,1,1,869,1,0
400,568,1,2025-02-24,1,1,1,3,1,870,1,0
401,569,1,2026-02-17,1,25,98,803,25,871,1,0
402,570,1,2026-04-08,1,30,118,960,30,873,1,0
403,571,1,2025-03-13,1,14,56,451,14,874,1,0
404,571,1,2025-04-29,1,14,56,449,14,875,1,0
405,573,1,2024-07-28,1,25,100,819,25,878,1,0
406,574,1,2025-11-24,1,10,38,296,10,880,1,0
407,575,1,2023-08-05,1,21,83,673,21,882,1,0
408,577,1,2023-12-21,1,28,109,888,28,884,1,0
409,580,1,2024-01-20,1,1,2,11,1,888,1,0
410,581,2,2023-11-03,1,4,13,96,4,889,1,1
411,581,1,2023-08-29,1,4,13,93,4,890,1,0
412,584,1,2024-12-19,1,1,4,24,1,894,1,0
413,585,1,2023-07-02,1,2,8,54,2,897,1,0
414,586,1,2024-10-12,1,27,106,862,27,898,1,0
415,586,1,2024-11-25,1,27,106,862,27,899,1,0
416,587,1,2024-09-10,1,4,15,112,4,900,1,0
417,587,1,2024-09-02,1,4,15,107,4,901,1,0
418,587,1,2024-12-11,1,4,15,112,4,902,1,0
419,588,1,2024-12-22,1,28,110,899,28,903,1,0
420,589,1,2023-03-08,1,1,1,6,1,904,1,0
421,589,1,2023-01-29,1,1,1,6,1,905,1,0
422,590,1,2024-03-14,1,1,4,27,1,906,1,0
423,592,1,2025-07-19,1,7,27,209,7,910,1,0
424,593,1,2026-06-09,1,11,44,346,11,911,1,0
425,594,1,2024-04-14,1,1,3,14,1,913,1,0
426,596,1,2023-02-07,1,4,14,102,4,916,1,0
427,597,1,2023-08-12,1,14,54,435,14,917,1,0
428,597,1,2023-10-03,1,14,54,437,14,918,1,0
429,599,2,2025-12-18,1,1,2,11,1,921,1,0
430,600,1,2023-06-28,1,14,55,446,14,922,1,0
431,604,1,2024-10-04,1,17,68,549,17,929,1,0
432,606,1,2024-07-13,1,9,33,257,9,932,1,0
433,606,1,2024-08-04,1,9,33,261,9,933,1,0
434,606,1,2024-05-28,1,9,33,258,9,934,1,0
435,611,2,2023-04-23,1,4,13,97,4,941,1,0
436,613,1,2024-09-10,1,22,85,691,22,944,1,0
437,613,2,2024-09-15,1,22,85,695,22,945,1,0
438,614,1,2026-05-28,1,13,50,400,13,946,1,0
439,614,2,2026-05-28,1,13,50,402,13,947,1,0
440,618,1,2023-07-07,1,31,124,1014,31,952,1,0
441,620,1,2024-06-01,1,1,2,12,1,954,1,0
442,621,1,2023-07-10,1,12,47,372,12,955,1,0
443,622,1,2025-01-30,1,11,41,328,11,957,1,0
444,622,1,2024-11-20,1,11,41,328,11,959,1,0
445,625,1,2025-12-05,1,14,54,433,14,963,1,0
446,626,1,2023-07-18,1,24,95,775,24,964,1,1
447,627,1,2024-02-17,1,26,103,839,26,965,1,0
448,627,1,2023-11-26,1,26,103,839,26,966,1,0
449,631,1,2025-02-18,1,19,73,589,19,973,1,0
450,632,2,2024-01-23,1,25,98,804,25,975,1,0
451,635,1,2025-01-09,1,1,4,26,1,982,1,0
452,638,1,2026-05-12,1,25,99,811,25,985,1,0
453,639,1,2025-04-13,1,16,63,500,16,987,1,0
454,640,1,2025-02-01,1,24,95,777,24,989,1,0
455,640,1,2025-02-11,1,24,95,774,24,990,1,0
456,641,1,2023-09-06,1,14,56,451,14,992,1,0
457,642,1,2023-05-27,1,27,107,875,27,994,1,0
458,642,1,2023-03-12,1,27,107,868,27,995,1,0
459,643,2,2025-05-07,1,3,12,86,3,996,1,0
460,644,1,2023-10-12,1,15,57,459,15,997,1,0
461,645,1,2023-06-26,1,4,15,110,4,999,1,0
462,646,1,2026-04-09,1,1,2,9,1,1000,1,0
463,648,1,2024-03-14,1,1,1,1,1,1002,1,0
464,649,2,2024-10-18,1,26,103,842,26,1003,1,0
465,649,1,2024-09-12,1,26,103,841,26,1004,1,0
466,650,1,2025-08-06,1,27,108,877,27,1005,1,0
467,651,1,2023-05-13,1,7,26,194,7,1006,1,0
468,651,1,2023-07-08,1,7,26,193,7,1008,1,0
469,654,1,2023-12-02,1,16,62,499,16,1014,1,0
470,655,1,2023-06-26,1,25,98,797,25,1015,1,0
471,655,1,2023-06-15,1,25,98,799,25,1016,1,0
472,658,1,2025-04-03,1,25,99,808,25,1019,1,0
473,661,1,2024-08-13,1,7,27,203,7,1023,1,0
474,661,2,2024-10-18,1,7,27,209,7,1025,1,0
475,666,1,2026-04-11,1,3,12,87,3,1031,1,0
476,673,1,2026-09-16,1,5,19,142,5,1039,1,0
477,674,1,2023-02-27,1,18,71,571,18,1041,1,0
478,674,1,2023-04-18,1,18,71,568,18,1043,1,0
479,676,1,2024-04-05,1,15,60,484,15,1045,1,0
480,677,1,2025-09-02,1,2,6,40,2,1047,1,0
481,678,1,2025-06-23,1,25,100,816,25,1048,1,0
482,681,1,2024-12-27,1,4,16,116,4,1051,1,0
483,683,1,2024-11-03,1,7,26,196,7,1053,1,0
484,684,1,2024-01-08,1,1,2,11,1,1054,1,0
485,684,1,2023-12-16,1,1,2,7,1,1055,1,0
486,686,1,2023-12-25,1,18,71,572,18,1057,1,0
487,687,1,2024-11-30,1,4,15,108,4,1059,1,0
488,691,1,2024-05-15,1,14,54,434,14,1064,1,0
489,691,1,2024-04-29,1,14,54,436,14,1066,1,0
490,692,1,2026-04-18,1,3,9,62,3,1067,1,0
491,692,2,2026-03-07,1,3,9,63,3,1068,1,0
492,694,1,2023-08-18,1,15,59,476,15,1071,1,0
493,696,1,2026-06-15,1,1,1,2,1,1074,1,0
494,698,1,2026-03-12,1,25,97,791,25,1076,1,0
495,698,1,2026-04-13,1,25,97,792,25,1077,1,0
496,699,1,2025-03-03,1,25,100,819,25,1080,1,0
497,705,1,2024-02-26,1,25,98,796,25,1087,1,0
498,707,1,2024-03-14,1,25,97,790,25,1090,1,0
499,707,1,2024-01-15,1,25,97,794,25,1091,1,0
500,709,2,2024-02-25,1,4,15,110,4,1093,1,0
501,710,1,2023-08-31,1,31,122,995,31,1096,1,0
502,712,1,2026-09-21,1,9,35,271,9,1099,1,0
503,713,1,2025-07-30,1,25,97,789,25,1100,1,0
504,714,1,2025-09-01,1,1,4,29,1,1101,1,0
505,717,1,2025-03-03,1,25,98,804,25,1108,1,0
506,718,1,2026-08-06,1,15,59,469,15,1109,1,0
507,721,1,2025-06-02,1,25,97,792,25,1113,1,0
508,723,1,2023-11-28,1,21,81,658,21,1117,1,0
509,724,1,2023-11-07,1,3,9,59,3,1119,1,0
510,725,1,2023-07-09,1,15,57,456,15,1121,1,0
511,729,1,2025-08-04,1,10,39,306,10,1127,1,0
512,730,1,2023-10-06,1,4,13,91,4,1129,1,0
513,730,1,2023-09-25,1,4,13,93,4,1130,1,0
514,731,1,2024-09-19,1,22,87,705,22,1131,1,0
515,731,1,2024-10-24,1,22,87,710,22,1132,1,0
516,733,1,2024-05-29,1,1,3,14,1,1135,1,0
517,734,1,2024-10-21,1,4,15,107,4,1136,1,0
518,736,1,2024-07-11,1,24,96,781,24,1138,1,0
519,737,1,2023-05-22,1,1,1,6,1,1139,1,0
520,739,1,2024-05-17,1,14,54,435,14,1141,1,0
521,740,2,2025-01-26,1,25,98,802,25,1143,1,0
522,741,1,2024-11-12,1,30,117,953,30,1144,1,0
523,741,1,2024-11-16,1,30,117,949,30,1145,1,0
524,742,1,2025-06-30,1,20,79,639,20,1146,1,0
525,743,1,2023-02-20,1,16,63,507,16,1148,1,0
526,743,1,2023-04-04,1,16,63,503,16,1149,1,0
527,744,1,2023-04-02,1,24,93,761,24,1151,1,0
528,745,1,2025-08-27,1,4,13,98,4,1152,1,0
529,748,1,2024-09-05,1,16,61,491,16,1157,1,0
530,749,1,2023-11-05,1,14,53,430,14,1158,1,0
531,750,1,2025-04-23,1,1,2,7,1,1159,1,0
532,752,1,2023-12-22,1,9,35,277,9,1161,1,0
533,753,1,2023-11-03,1,3,9,65,3,1162,1,0
534,753,2,2024-02-12,1,3,9,64,3,1163,1,0
535,757,1,2024-06-21,1,4,13,98,4,1167,1,0
536,757,1,2024-05-26,1,4,13,98,4,1168,1,0
537,757,1,2024-07-29,1,4,13,93,4,1169,1,0
538,758,1,2025-03-14,1,19,73,587,19,1170,1,0
539,759,1,2025-02-17,1,20,78,625,20,1173,1,0
540,761,1,2023-12-19,1,16,62,495,16,1176,1,0
541,763,1,2024-05-11,1,24,95,778,24,1179,1,1
542,764,2,2026-03-27,1,1,2,10,1,1181,1,0
543,765,1,2023-06-14,1,19,74,596,19,1183,1,0
544,766,1,2023-11-26,1,19,76,614,19,1186,1,0
545,766,1,2024-01-14,1,19,76,609,19,1187,1,0
546,767,1,2026-01-20,1,11,44,350,11,1188,1,0
547,768,1,2025-09-08,1,7,28,214,7,1189,1,0
548,770,1,2024-07-25,1,7,27,207,7,1191,1,0
549,771,1,2024-04-11,1,27,107,874,27,1194,1,0
550,772,1,2025-11-20,1,21,83,675,21,1198,1,0
551,773,1,2026-08-24,1,1,3,19,1,1199,1,0
552,773,1,2026-10-01,1,1,3,15,1,1200,1,0
553,774,1,2024-05-24,1,26,104,851,26,1201,1,0
554,775,1,2025-01-05,1,23,91,744,23,1202,1,0
555,778,1,2026-05-07,1,11,41,326,11,1206,1,0
556,779,1,2023-09-12,1,17,66,524,17,1207,1,0
557,780,1,2025-12-14,1,4,14,106,4,1208,1,0
558,781,1,2023-03-06,1,20,79,641,20,1210,1,1
559,784,1,2025-03-31,1,25,99,806,25,1215,1,0
560,785,1,2026-07-24,1,2,6,42,2,1216,1,0
561,787,1,2025-06-07,1,26,103,844,26,1221,1,0
562,788,1,2023-10-06,1,4,14,101,4,1222,1,0
563,788,1,2023-09-18,1,4,14,104,4,1223,1,0
564,791,1,2025-01-30,1,8,32,248,8,1229,1,0
565,792,1,2025-10-11,1,15,58,462,15,1230,1,0
566,792,1,2025-10-24,1,15,58,465,15,1231,1,0
567,793,1,2024-08-11,1,23,92,753,23,1233,1,0
568,795,2,2023-06-23,1,1,3,19,1,1236,1,0
569,795,1,2023-05-30,1,1,3,21,1,1237,1,0
570,798,1,2024-11-14,1,1,3,13,1,1242,1,0
571,800,1,2026-02-04,1,7,26,195,7,1245,1,0
572,800,1,2026-03-05,1,7,26,196,7,1246,1,0
573,801,1,2024-04-09,1,11,44,351,11,1248,1,0
574,804,1,2026-01-15,1,5,20,148,5,1251,1,0
575,805,1,2026-01-15,1,17,68,542,17,1253,1,0
576,806,1,2023-08-30,1,6,21,151,6,1254,1,0
577,807,1,2025-12-29,1,7,25,186,7,1256,1,0
578,808,2,2023-09-21,1,25,100,821,25,1257,1,0
579,810,1,2023-03-09,1,17,66,528,17,1260,1,0
580,812,1,2025-10-21,1,25,100,815,25,1264,1,0
581,813,1,2024-01-19,1,24,93,762,24,1265,1,0
582,814,1,2023-12-11,1,27,106,863,27,1267,1,0
583,815,1,2024-04-19,1,1,3,18,1,1268,1,0
584,816,1,2024-04-19,1,1,4,22,1,1269,1,0
585,818,1,2023-10-31,1,28,109,889,28,1272,1,0
586,819,1,2023-09-13,1,21,81,661,21,1274,1,0
587,819,1,2023-09-27,1,21,81,655,21,1275,1,0
588,820,1,2025-09-25,1,6,24,180,6,1276,1,0
589,820,1,2025-07-20,1,6,24,183,6,1278,1,0
590,822,1,2023-12-30,1,9,33,258,9,1280,1,0
591,823,2,2025-07-30,1,22,86,697,22,1282,1,0
592,823,1,2025-09-20,1,22,86,704,22,1283,1,0
593,824,1,2024-08-27,1,11,43,344,11,1285,1,0
594,824,1,2024-11-08,1,11,43,343,11,1286,1,0
595,824,2,2024-08-27,1,11,43,345,11,1287,1,0
596,825,1,2023-07-13,1,4,15,112,4,1288,1,0
597,826,1,2024-08-30,1,1,3,19,1,1290,1,0
598,827,1,2024-05-23,1,28,112,911,28,1291,1,0
599,829,1,2025-12-08,1,22,88,716,22,1295,1,0
600,830,1,2023-12-03,1,13,50,400,13,1296,1,0
601,831,1,2026-02-14,1,5,17,123,5,1297,1,0
602,833,1,2024-01-20,1,19,74,592,19,1300,1,0
603,835,1,2024-04-24,1,25,97,791,25,1303,1,0
604,837,1,2023-09-10,1,25,100,816,25,1306,1,0
605,837,1,2023-10-01,1,25,100,815,25,1307,1,0
606,839,1,2024-07-14,1,17,68,547,17,1311,1,0
607,840,1,2024-02-13,1,25,98,802,25,1313,1,0
608,843,1,2024-08-21,1,20,78,634,20,1317,1,0
609,844,2,2025-08-15,1,14,54,433,14,1318,1,0
610,846,1,2026-03-12,1,25,99,806,25,1320,1,0
611,850,1,2025-10-22,1,14,54,437,14,1327,1,0
612,853,1,2023-07-17,1,14,53,424,14,1330,1,0
613,855,1,2024-09-15,1,25,97,787,25,1333,1,0
614,856,2,2025-02-14,1,29,113,917,29,1335,1,0
615,858,1,2026-04-18,1,30,118,957,30,1338,1,0
616,858,1,2026-05-09,1,30,118,959,30,1339,1,0
617,863,1,2024-06-12,1,26,102,833,26,1345,1,0
618,864,1,2025-11-24,1,1,4,27,1,1347,1,0
619,868,1,2026-03-24,1,10,40,320,10,1352,1,0
620,871,1,2025-07-31,1,23,92,745,23,1357,1,0
621,874,1,2026-06-18,1,8,32,245,8,1360,1,0
622,876,1,2025-06-28,1,12,46,365,12,1363,1,0
623,877,1,2023-05-04,1,4,13,92,4,1365,1,0
624,881,1,2025-11-08,1,1,4,26,1,1370,1,0
625,882,1,2023-04-15,1,4,14,104,4,1371,1,0
626,882,1,2023-07-16,1,4,14,104,4,1372,1,0
627,882,1,2023-07-23,1,4,14,104,4,1373,1,0
628,885,1,2026-07-17,1,14,54,437,14,1376,1,0
629,885,1,2026-06-13,1,14,54,435,14,1377,1,0
630,886,1,2025-10-29,1,1,3,13,1,1379,1,0
631,887,1,2023-12-08,1,30,118,957,30,1381,1,0
632,887,1,2023-12-10,1,30,118,958,30,1382,1,0
633,888,1,2024-07-11,1,13,49,388,13,1384,1,0
634,889,1,2026-02-23,1,25,97,791,25,1386,1,0
635,890,1,2023-12-25,1,2,7,49,2,1387,1,0
636,892,1,2024-07-17,1,25,100,815,25,1389,1,0
637,893,1,2024-04-23,1,14,56,451,14,1390,1,0
638,894,1,2025-08-23,1,25,100,820,25,1391,1,0
639,896,1,2026-08-14,1,29,113,920,29,1394,1,0
640,897,2,2024-11-04,1,12,48,384,12,1395,1,0
641,897,1,2024-09-29,1,12,48,377,12,1397,1,0
642,898,1,2023-04-30,1,25,100,817,25,1398,1,0
643,899,1,2026-05-22,1,11,44,350,11,1400,1,0
644,901,1,2025-08-10,1,1,4,25,1,1402,1,0
645,901,2,2025-05-30,1,1,4,27,1,1403,1,0
646,901,1,2025-07-23,1,1,4,29,1,1404,1,0
647,902,1,2026-09-30,1,8,29,223,8,1406,1,0
648,903,1,2025-04-01,1,26,102,835,26,1409,1,0
649,904,1,2025-01-26,1,9,35,275,9,1410,1,0
650,905,1,2025-04-15,1,4,14,101,4,1412,1,0
651,909,1,2026-02-10,1,8,32,254,8,1417,1,0
652,910,1,2025-03-03,1,29,113,917,29,1418,1,0
653,912,1,2025-02-20,1,31,123,1003,31,1420,1,0
654,913,1,2025-11-26,1,15,58,461,15,1422,1,0
655,914,1,2024-12-25,1,17,65,519,17,1424,1,0
656,915,1,2026-01-09,1,4,16,122,4,1425,1,0
657,916,1,2024-11-14,1,28,109,889,28,1427,1,0
658,917,1,2026-05-15,1,25,99,811,25,1428,1,0
659,918,1,2026-04-18,1,24,95,780,24,1432,1,0
660,920,1,2024-01-16,1,11,44,354,11,1435,1,0
661,921,1,2025-07-14,1,5,20,145,5,1436,1,0
662,924,1,2024-07-16,1,14,54,434,14,1440,1,0
663,925,1,2024-12-17,1,9,34,266,9,1442,1,0
664,926,1,2026-06-28,1,1,2,12,1,1443,1,0
665,933,1,2026-06-11,1,4,13,90,4,1454,1,0
666,934,1,2023-04-20,1,25,99,812,25,1457,1,0
667,935,1,2024-05-10,1,4,15,110,4,1458,1,0
668,936,1,2024-02-16,1,11,42,334,11,1460,1,0
669,939,1,2024-09-28,1,4,13,92,4,1465,1,0
670,944,1,2025-08-20,1,25,98,801,25,1472,1,0
671,947,2,2024-03-08,1,4,16,117,4,1475,1,0
672,948,1,2023-07-05,1,29,114,924,29,1476,1,0
673,948,2,2023-05-13,1,29,114,923,29,1477,1,0
674,948,2,2023-08-02,1,29,114,928,29,1478,1,0
675,950,1,2024-06-25,1,1,1,6,1,1480,1,0
676,951,1,2023-08-10,1,27,108,879,27,1481,1,0
677,953,1,2025-08-23,1,9,35,277,9,1485,1,0
678,956,1,2026-06-24,1,1,3,17,1,1488,1,0
679,957,1,2023-03-29,1,31,121,990,31,1489,1,0
680,959,2,2024-11-23,1,25,100,822,25,1492,1,0
681,960,1,2023-11-19,1,25,98,797,25,1493,1,0
682,961,1,2025-11-13,1,25,97,789,25,1494,1,0
683,962,1,2026-07-16,1,25,100,819,25,1495,1,0
684,964,1,2024-12-15,1,28,112,914,28,1498,1,0
685,965,1,2024-03-30,1,1,4,27,1,1499,1,0
686,967,1,2025-02-02,1,25,99,813,25,1502,1,0
687,969,1,2024-06-01,1,19,75,604,19,1506,1,0
688,970,1,2024-02-11,1,3,10,71,3,1507,1,0
689,970,1,2024-02-14,1,3,10,73,3,1508,1,0
690,971,1,2025-02-11,1,1,2,11,1,1509,1,0
691,976,1,2023-08-13,1,16,63,500,16,1515,1,0
692,977,1,2024-09-22,1,13,49,391,13,1516,1,0
693,978,1,2023-05-25,1,17,66,523,17,1517,1,0
694,978,1,2023-08-03,1,17,66,523,17,1518,1,0
695,979,1,2025-07-07,1,1,2,8,1,1520,1,0
696,980,1,2023-12-03,1,4,14,102,4,1521,1,0
697,981,2,2025-10-06,1,11,44,348,11,1523,1,0
698,982,1,2025-10-23,1,11,44,346,11,1524,1,0
699,982,1,2026-01-08,1,11,44,354,11,1525,1,0
700,983,2,2024-08-01,1,4,16,121,4,1526,1,0
701,985,1,2025-03-11,1,25,97,787,25,1528,1,0
702,986,2,2025-03-16,1,9,33,261,9,1530,1,0
703,987,1,2025-10-06,1,4,16,115,4,1532,1,0
704,987,1,2025-12-04,1,4,16,120,4,1533,1,0
705,989,2,2025-04-25,1,12,46,368,12,1536,1,0
706,989,1,2025-05-10,1,12,46,368,12,1537,1,0
707,990,1,2023-11-25,1,21,83,672,21,1538,1,0
708,990,1,2023-10-30,1,21,83,670,21,1539,1,0
709,993,1,2024-09-11,1,25,99,810,25,1543,1,0
710,995,1,2026-04-19,1,10,38,300,10,1546,1,0
711,999,1,2026-03-31,1,30,119,973,30,1550,1,0
712,1000,1,2025-09-18,1,9,35,272,9,1551,1,0
713,1003,1,2024-08-16,1,25,100,816,25,1555,1,0
714,1004,1,2025-10-18,1,13,52,420,13,1557,1,0
715,1005,2,2026-03-17,1,22,86,698,22,1558,1,0
716,1006,1,2026-06-16,1,6,21,154,6,1559,1,0
717,1010,1,2024-09-18,1,29,114,925,29,1563,1,0
718,1012,1,2026-08-21,1,22,86,704,22,1566,1,0
719,1016,1,2024-02-14,1,17,68,542,17,1571,1,0
720,1017,1,2025-12-19,1,28,111,904,28,1573,1,0
721,1018,1,2024-02-02,1,25,98,796,25,1574,1,0
722,1020,1,2024-05-31,1,16,61,485,16,1577,1,0
723,1021,1,2025-12-01,1,1,3,19,1,1578,1,0
724,1023,1,2024-11-22,1,1,4,22,1,1581,1,0
725,1025,1,2025-01-29,1,1,3,19,1,1584,1,0
726,1028,2,2026-02-18,1,24,96,785,24,1588,1,0
727,1030,1,2025-08-13,1,15,57,454,15,1591,1,0
728,1031,1,2024-02-13,1,27,107,875,27,1592,1,0
729,1032,1,2024-04-14,1,22,87,706,22,1594,1,0
730,1033,1,2024-12-07,1,4,16,121,4,1595,1,0
731,1038,1,2023-07-14,1,13,52,414,13,1601,1,0
732,1039,1,2023-11-25,1,25,100,821,25,1602,1,0
733,1041,1,2024-10-13,1,25,97,791,25,1605,1,0
734,1044,1,2024-03-09,1,1,2,9,1,1608,1,0
735,1045,1,2025-06-30,1,25,99,812,25,1609,1,0
736,1051,2,2024-04-21,1,4,13,90,4,1616,1,0
737,1051,1,2024-04-26,1,4,13,91,4,1617,1,0
738,1052,1,2023-05-25,1,20,80,648,20,1618,1,0
739,1055,1,2023-05-11,1,18,70,561,18,1621,1,0
740,1055,1,2023-06-21,1,18,70,558,18,1623,1,0
741,1060,1,2023-12-13,1,9,33,257,9,1631,1,0
742,1063,1,2024-02-05,1,25,97,790,25,1635,1,0
743,1063,1,2024-03-26,1,25,97,787,25,1636,1,0
744,1067,1,2025-10-14,1,25,100,821,25,1641,1,0
745,1068,1,2024-12-01,1,1,4,29,1,1642,1,0
746,1069,1,2023-11-08,1,2,5,39,2,1643,1,0
747,1071,1,2026-02-23,1,1,1,1,1,1646,1,0
748,1073,1,2023-08-03,1,14,55,444,14,1650,1,0
749,1076,1,2024-05-06,1,12,45,355,12,1653,1,0
750,1077,1,2026-02-09,1,5,20,150,5,1656,1,0
751,1078,1,2025-09-26,1,4,13,91,4,1657,1,0
752,1079,1,2023-02-27,1,1,3,18,1,1660,1,0
753,1082,1,2023-07-28,1,17,66,524,17,1665,1,0
754,1083,1,2025-07-24,1,15,60,477,15,1666,1,0
755,1086,1,2026-06-18,1,31,122,995,31,1671,1,0
756,1086,2,2026-07-12,1,31,122,995,31,1672,1,0
757,1086,1,2026-08-05,1,31,122,998,31,1673,1,0
758,1090,1,2024-07-20,1,1,4,25,1,1677,1,0
759,1093,1,2025-12-11,1,25,100,817,25,1680,1,0
760,1094,1,2024-06-14,1,29,114,930,29,1682,1,0
761,1095,1,2025-09-17,1,26,103,843,26,1684,1,0
762,1096,1,2023-12-20,1,5,17,125,5,1686,1,0
763,1096,1,2023-10-01,1,5,17,127,5,1687,1,0
764,1096,1,2023-09-15,1,5,17,128,5,1688,1,0
765,1097,1,2026-04-05,1,1,2,11,1,1689,1,0
766,1098,1,2024-10-11,1,4,14,102,4,1693,1,0
767,1099,1,2023-10-05,1,3,10,71,3,1695,1,0
768,1100,2,2025-06-20,1,20,78,630,20,1696,1,0
769,1105,1,2024-12-19,1,24,93,758,24,1706,1,0
770,1106,1,2024-12-11,1,1,1,1,1,1707,1,0
771,1108,1,2023-10-26,1,2,5,39,2,1712,1,0
772,1111,2,2025-09-25,1,23,90,731,23,1716,1,0
773,1111,1,2025-10-11,1,23,90,733,23,1717,1,0
774,1112,1,2024-10-23,1,4,16,116,4,1719,1,0
775,1114,1,2025-10-15,1,4,16,122,4,1722,1,0
776,1118,1,2023-09-07,1,23,91,742,23,1727,1,0
777,1119,1,2024-12-25,1,1,2,9,1,1728,1,0
778,1120,1,2025-04-27,1,23,90,731,23,1731,1,0
779,1123,1,2026-05-17,1,25,100,822,25,1735,1,0
780,1126,1,2026-03-03,1,25,98,804,25,1739,1,0
781,1127,1,2026-04-30,1,26,104,854,26,1740,1,0
782,1127,1,2026-04-29,1,26,104,849,26,1741,1,0
783,1129,1,2023-09-28,1,10,37,290,10,1743,1,0
784,1131,1,2024-09-27,1,1,1,6,1,1746,1,0
785,1132,1,2026-08-09,1,1,2,8,1,1747,1,0
786,1133,1,2025-11-30,1,22,86,703,22,1749,1,0
787,1133,1,2025-11-21,1,22,86,701,22,1750,1,0
788,1134,1,2025-07-20,1,1,2,10,1,1752,1,0
789,1134,1,2025-07-20,1,1,2,7,1,1753,1,0
790,1135,1,2024-06-17,1,4,13,99,4,1754,1,0
791,1136,1,2025-07-17,1,27,105,860,27,1757,1,0
792,1139,1,2024-05-09,1,4,15,109,4,1760,1,0
793,1141,1,2023-10-02,1,24,95,778,24,1763,1,0
794,1141,1,2023-09-15,1,24,95,778,24,1764,1,0
795,1143,1,2023-11-07,1,25,98,803,25,1766,1,0
796,1143,1,2024-01-16,1,25,98,798,25,1767,1,0
797,1145,1,2024-05-23,1,13,50,397,13,1769,1,0
798,1149,1,2024-08-12,1,28,112,911,28,1774,1,0
799,1151,1,2023-11-28,1,29,116,940,29,1776,1,0
800,1156,1,2024-04-17,1,2,8,54,2,1781,1,0
801,1157,1,2023-06-06,1,11,42,337,11,1783,1,0
802,1159,1,2023-03-06,1,1,2,7,1,1786,1,0
803,1159,1,2023-04-27,1,1,2,7,1,1787,1,0
804,1163,1,2025-05-22,1,20,77,617,20,1791,1,0
805,1169,1,2026-03-07,1,3,10,70,3,1802,1,0
806,1170,1,2026-04-21,1,1,2,11,1,1803,1,0
807,1171,1,2026-04-03,1,28,110,897,28,1804,1,0
808,1174,1,2024-08-16,1,4,13,93,4,1807,1,0
809,1175,1,2026-01-01,1,15,58,462,15,1808,1,0
810,1177,1,2024-09-10,1,19,73,590,19,1810,1,0
811,1178,1,2025-03-26,1,4,15,107,4,1811,1,0
812,1179,2,2025-04-04,1,3,10,70,3,1813,1,0
813,1180,1,2024-02-28,1,25,99,813,25,1816,1,0
814,1182,1,2025-06-18,1,28,110,894,28,1819,1,0
815,1184,1,2025-05-14,1,25,99,808,25,1821,1,0
816,1186,1,2023-12-28,1,3,9,60,3,1825,1,0
817,1186,1,2023-12-15,1,3,9,65,3,1826,1,0
818,1190,1,2024-01-21,1,16,62,495,16,1831,1,0
819,1191,1,2024-02-04,1,2,7,48,2,1833,1,0
820,1192,1,2024-05-08,1,26,102,835,26,1835,1,0
821,1193,1,2026-06-25,1,25,98,799,25,1836,1,0
822,1193,1,2026-07-11,1,25,98,805,25,1837,1,0
823,1196,1,2023-12-12,1,15,58,461,15,1841,1,0
824,1196,2,2024-01-31,1,15,58,466,15,1842,1,0
825,1197,1,2026-01-08,1,23,89,722,23,1843,1,0
826,1199,1,2025-07-28,1,4,15,111,4,1846,1,0
827,1200,2,2024-04-29,1,26,102,833,26,1848,1,0
828,1201,2,2026-02-14,1,4,16,116,4,1850,1,0
829,1202,1,2024-01-27,1,18,71,570,18,1851,1,0
830,1204,1,2024-08-14,1,14,53,423,14,1854,1,0
831,1205,1,2025-04-11,1,1,4,29,1,1856,1,0
832,1205,1,2025-01-25,1,1,4,29,1,1857,1,0
833,1206,1,2026-05-01,1,4,15,111,4,1858,1,0
834,1207,1,2025-12-19,1,3,10,73,3,1859,1,0
835,1208,2,2024-01-03,1,23,92,751,23,1860,1,0
836,1209,1,2025-12-08,1,25,100,820,25,1862,1,0
837,1211,1,2025-02-17,1,15,57,459,15,1865,1,0
838,1212,1,2025-04-05,1,27,105,861,27,1866,1,0
839,1217,1,2025-01-02,1,27,108,878,27,1872,1,0
840,1217,2,2025-01-30,1,27,108,877,27,1874,1,1
841,1218,1,2024-11-26,1,4,14,105,4,1876,1,0
842,1220,1,2026-06-03,1,29,114,927,29,1878,1,0
843,1225,1,2023-09-28,1,31,122,997,31,1884,1,0
844,1226,2,2025-10-26,1,12,46,365,12,1885,1,0
845,1227,1,2024-01-17,1,25,97,788,25,1887,1,0
846,1228,1,2023-07-30,1,21,83,675,21,1888,1,0
847,1228,1,2023-08-14,1,21,83,671,21,1889,1,0
848,1228,1,2023-10-16,1,21,83,677,21,1890,1,0
849,1229,2,2025-01-22,1,23,91,739,23,1891,1,0
850,1231,2,2025-06-20,1,1,3,16,1,1894,1,0
851,1232,1,2023-06-22,1,24,96,782,24,1895,1,0
852,1233,1,2025-03-10,1,1,3,15,1,1896,1,0
853,1234,1,2023-06-14,1,17,66,523,17,1897,1,0
854,1236,2,2024-08-02,1,26,103,842,26,1900,1,0
855,1237,1,2024-06-15,1,5,19,141,5,1902,1,0
856,1242,1,2024-04-25,1,13,49,388,13,1910,1,0
857,1243,1,2024-07-28,1,29,114,925,29,1912,1,0
858,1244,1,2024-05-05,1,11,44,350,11,1913,1,0
859,1245,1,2026-03-28,1,1,4,29,1,1915,1,0
860,1247,1,2025-11-16,1,13,51,407,13,1917,1,0
861,1247,1,2025-09-19,1,13,51,408,13,1918,1,0
862,1253,1,2024-03-20,1,10,39,305,10,1926,1,0
863,1254,1,2025-10-03,1,31,121,990,31,1929,1,0
864,1255,1,2024-08-06,1,25,100,819,25,1933,1,0
865,1256,1,2024-09-03,1,4,13,96,4,1934,1,0
866,1258,1,2025-06-22,1,10,38,297,10,1937,1,0
867,1259,1,2024-10-20,1,12,46,368,12,1938,1,0
868,1261,2,2025-02-25,1,12,45,361,12,1940,1,0
869,1262,1,2025-08-05,1,31,123,1002,31,1943,1,0
870,1262,1,2025-07-30,1,31,123,999,31,1944,1,0
871,1263,2,2024-05-21,1,22,87,708,22,1946,1,0
872,1264,1,2025-06-13,1,25,99,810,25,1947,1,0
873,1265,1,2023-09-21,1,9,35,271,9,1948,1,0
874,1265,1,2023-09-04,1,9,35,276,9,1949,1,0
875,1267,1,2023-07-13,1,14,54,435,14,1952,1,0
876,1268,1,2023-08-16,1,6,22,165,6,1954,1,0
877,1269,1,2025-12-09,1,25,100,815,25,1955,1,0
878,1270,1,2025-12-02,1,1,4,27,1,1957,1,0
879,1270,1,2026-02-23,1,1,4,27,1,1958,1,0
880,1272,1,2023-05-28,1,11,44,350,11,1961,1,0
881,1272,1,2023-08-04,1,11,44,353,11,1962,1,0
882,1273,1,2024-10-17,1,1,3,16,1,1963,1,0
883,1274,1,2024-09-22,1,25,99,812,25,1964,1,0
884,1275,2,2025-10-08,1,23,90,737,23,1965,1,0
885,1276,1,2024-11-06,1,1,3,13,1,1967,1,0
886,1278,1,2023-12-26,1,31,121,983,31,1971,1,0
887,1282,1,2026-01-20,1,17,66,528,17,1976,1,0
888,1283,1,2023-12-29,1,16,64,511,16,1978,1,0
889,1285,1,2026-07-08,1,5,18,131,5,1981,1,0
890,1287,1,2024-04-03,1,4,13,96,4,1984,1,0
891,1292,1,2023-09-11,1,31,124,1014,31,1990,1,0
892,1293,1,2025-10-09,1,17,65,519,17,1991,1,0
893,1295,1,2023-10-09,1,21,84,683,21,1993,1,0
894,1300,2,2026-04-15,1,24,95,777,24,2001,1,0
895,1302,1,2024-09-25,1,11,41,323,11,2003,1,0
896,1303,1,2023-08-24,1,3,12,89,3,2004,1,0
897,1304,1,2023-03-17,1,10,40,312,10,2005,1,0
898,1307,1,2026-03-02,1,2,7,46,2,2010,1,0
899,1309,1,2026-07-03,1,1,1,6,1,2012,1,0
900,1312,1,2024-01-26,1,30,119,970,30,2017,1,0
901,1313,1,2023-10-18,1,19,75,598,19,2018,1,0
902,1314,1,2025-07-01,1,25,98,797,25,2019,1,0
903,1315,1,2024-07-01,1,7,25,185,7,2020,1,0
904,1317,1,2023-06-06,1,25,99,813,25,2024,1,0
905,1318,2,2024-08-06,1,25,100,822,25,2026,1,0
906,1319,1,2024-04-02,1,5,18,130,5,2027,1,0
907,1320,1,2024-01-23,1,16,64,513,16,2029,1,0
908,1321,1,2024-04-22,1,11,44,353,11,2031,1,0
909,1321,1,2024-05-08,1,11,44,353,11,2032,1,0
910,1324,1,2025-03-23,1,16,64,512,16,2036,1,0
911,1325,1,2023-03-08,1,26,102,837,26,2037,1,0
912,1327,1,2026-02-04,1,25,99,813,25,2039,1,0
913,1328,1,2026-05-05,1,25,98,796,25,2040,1,0
914,1331,1,2024-06-13,1,4,16,121,4,2043,1,0
915,1335,1,2026-05-20,1,11,42,337,11,2047,1,0
916,1337,1,2025-04-04,1,4,14,105,4,2050,1,0
917,1338,2,2026-02-16,1,26,102,835,26,2052,1,0
918,1339,1,2024-09-26,1,12,47,374,12,2053,1,0
919,1339,1,2024-11-03,1,12,47,374,12,2054,1,0
920,1340,1,2023-10-26,1,4,15,107,4,2056,1,0
921,1340,1,2023-11-06,1,4,15,111,4,2057,1,0
922,1341,1,2024-04-29,1,12,47,375,12,2058,1,0
923,1342,1,2023-07-26,1,23,90,732,23,2059,1,0
924,1343,1,2024-04-06,1,30,119,968,30,2062,1,0
925,1344,1,2024-08-03,1,25,97,792,25,2063,1,0
926,1346,1,2026-07-27,1,25,99,807,25,2065,1,0
927,1348,1,2023-09-12,1,19,74,592,19,2067,1,0
928,1350,1,2025-02-27,1,1,3,18,1,2072,1,0
929,1352,1,2024-11-05,1,15,58,463,15,2076,1,0
930,1353,1,2023-09-23,1,30,117,946,30,2077,1,0
931,1354,1,2026-07-21,1,27,107,871,27,2078,1,0
932,1356,2,2024-11-16,1,10,38,295,10,2082,1,0
933,1357,1,2025-09-13,1,19,73,587,19,2085,1,0
934,1358,1,2024-06-29,1,30,119,965,30,2087,1,0
935,1359,1,2024-12-27,1,16,62,493,16,2088,1,0
936,1363,1,2023-07-08,1,1,1,6,1,2092,1,0
937,1363,1,2023-06-25,1,1,1,2,1,2093,1,0
938,1364,1,2026-05-02,1,18,72,577,18,2094,1,0
939,1365,1,2023-05-01,1,31,124,1014,31,2095,1,0
940,1365,1,2023-01-17,1,31,124,1011,31,2096,1,0
941,1368,1,2026-04-17,1,18,72,580,18,2101,1,0
942,1370,1,2023-06-01,1,1,1,5,1,2104,1,0
943,1372,1,2023-10-22,1,4,15,110,4,2107,1,0
944,1373,1,2026-07-29,1,4,14,101,4,2108,1,0
945,1374,1,2023-04-08,1,7,26,201,7,2110,1,0
946,1375,1,2023-10-15,1,29,116,938,29,2111,1,0
947,1377,1,2026-07-14,1,26,102,835,26,2113,1,0
948,1377,1,2026-09-25,1,26,102,836,26,2114,1,0
949,1378,1,2025-01-12,1,13,51,413,13,2115,1,0
950,1379,1,2024-09-02,1,30,118,955,30,2116,1,0
951,1381,2,2024-08-11,1,29,113,918,29,2118,1,0
952,1382,1,2023-04-07,1,10,39,306,10,2120,1,0
953,1383,1,2023-06-23,1,4,13,90,4,2121,1,0
954,1384,1,2025-06-27,1,2,7,48,2,2122,1,0
955,1387,1,2023-03-14,1,3,10,68,3,2127,1,0
956,1393,1,2023-08-17,1,22,85,693,22,2135,1,0
957,1394,1,2025-01-25,1,8,29,220,8,2137,1,0
958,1394,1,2025-03-06,1,8,29,223,8,2138,1,0
959,1395,1,2024-02-03,1,1,2,11,1,2139,1,0
960,1396,1,2024-12-02,1,17,65,516,17,2140,1,0
961,1396,1,2024-12-11,1,17,65,514,17,2142,1,0
962,1399,1,2023-08-28,1,13,50,398,13,2146,1,0
963,1401,1,2026-05-05,1,26,104,848,26,2148,1,0
964,1404,1,2026-03-13,1,23,92,754,23,2151,1,0
965,1404,2,2026-06-09,1,23,92,750,23,2152,1,0
966,1405,1,2023-05-03,1,4,14,103,4,2154,1,0
967,1406,1,2023-01-21,1,6,21,153,6,2155,1,0
968,1407,1,2024-09-18,1,21,83,668,21,2156,1,0
969,1409,1,2026-07-26,1,27,108,881,27,2159,1,0
970,1410,1,2023-06-08,1,20,79,643,20,2160,1,0
971,1411,1,2024-11-04,1,31,122,998,31,2161,1,0
972,1412,1,2024-02-03,1,8,31,235,8,2162,1,0
973,1413,1,2026-06-08,1,22,85,691,22,2164,1,0
974,1414,1,2023-07-03,1,1,4,26,1,2166,1,0
975,1416,2,2024-10-30,1,21,81,653,21,2168,1,0
976,1417,1,2025-10-14,1,14,56,449,14,2169,1,0
977,1420,1,2026-03-10,1,2,6,40,2,2174,1,0
978,1421,1,2023-05-19,1,18,70,560,18,2175,1,0
979,1424,1,2023-04-29,1,20,80,649,20,2179,1,0
980,1426,1,2023-12-14,1,1,1,2,1,2181,1,0
981,1426,1,2024-01-29,1,1,1,2,1,2182,1,0
982,1428,1,2024-06-26,1,4,13,97,4,2185,1,0
983,1430,2,2024-09-17,1,2,5,33,2,2188,1,0
984,1434,1,2023-07-10,1,24,96,783,24,2195,1,0
985,1435,1,2024-07-16,1,22,86,702,22,2196,1,0
986,1436,1,2025-04-30,1,8,30,228,8,2197,1,0
987,1437,1,2025-01-11,1,4,13,98,4,2198,1,0
988,1438,1,2023-08-18,1,5,20,149,5,2199,1,0
989,1439,1,2024-04-27,1,25,97,793,25,2201,1,0
990,1440,1,2023-09-22,1,8,31,238,8,2202,1,0
991,1440,2,2023-12-22,1,8,31,243,8,2203,1,0
992,1441,1,2025-05-04,1,6,21,158,6,2204,1,0
993,1441,1,2025-03-25,1,6,21,153,6,2205,1,0
994,1442,1,2026-04-15,1,4,14,102,4,2206,1,0
995,1446,1,2025-01-27,1,25,98,797,25,2212,1,0
996,1446,1,2025-01-31,1,25,98,804,25,2213,1,0
997,1447,1,2025-04-01,1,3,10,69,3,2214,1,0
998,1456,1,2026-07-04,1,25,100,815,25,2228,1,0
999,1459,1,2025-07-01,1,5,18,131,5,2232,1,0
1000,1463,2,2026-03-25,1,26,103,843,26,2239,1,0
1001,1464,1,2025-11-27,1,10,38,297,10,2241,1,0
1002,1465,1,2023-12-10,1,9,33,257,9,2242,1,0
1003,1469,1,2025-05-06,1,4,15,111,4,2247,1,0
1004,1470,1,2025-01-10,1,18,70,556,18,2248,1,0
1005,1471,1,2024-07-24,1,4,15,109,4,2249,1,0
1006,1471,1,2024-10-06,1,4,15,111,4,2250,1,0
1007,1474,1,2025-04-02,1,29,116,939,29,2255,1,0
1008,1475,1,2024-08-14,1,31,123,1004,31,2256,1,0
1009,1476,1,2024-12-08,1,28,112,913,28,2258,1,0
1010,1477,1,2023-10-20,1,25,97,792,25,2259,1,0
1011,1483,1,2023-12-10,1,11,43,345,11,2266,1,0
1012,1484,1,2025-10-19,1,1,3,18,1,2267,1,0
1013,1485,2,2024-11-01,1,6,24,183,6,2269,1,0
1014,1488,2,2025-11-30,1,4,15,111,4,2272,1,0
1015,1488,1,2026-01-17,1,4,15,110,4,2274,1,0
1016,1490,1,2024-04-13,1,25,100,817,25,2276,1,0
1017,1492,1,2025-07-19,1,4,16,120,4,2279,1,0
1018,1496,2,2026-01-13,1,14,53,424,14,2285,1,0
1019,1497,1,2024-10-02,1,1,3,17,1,2288,1,0
1020,1498,1,2024-09-18,1,25,97,794,25,2289,1,0
1021,1499,1,2026-08-24,1,10,37,288,10,2290,1,0
1022,1500,1,2025-06-07,1,23,92,750,23,2292,1,0
1023,1501,1,2026-09-22,1,25,100,822,25,2293,1,0
1024,1502,1,2024-10-07,1,10,40,318,10,2295,1,0
1025,1506,1,2023-07-21,1,1,4,23,1,2301,1,0
1026,1507,2,2024-10-05,1,22,86,704,22,2302,1,0
1027,1510,1,2023-11-20,1,1,4,26,1,2308,1,0
1028,1511,1,2024-04-03,1,24,96,783,24,2309,1,0
1029,1518,2,2025-05-19,1,4,15,109,4,2317,1,0
1030,1519,1,2024-05-07,1,26,102,837,26,2319,1,0
1031,1519,2,2024-04-28,1,26,102,835,26,2320,1,0
1032,1521,1,2025-05-12,1,22,86,704,22,2322,1,0
1033,1521,1,2025-03-15,1,22,86,699,22,2323,1,0
1034,1522,1,2023-05-19,1,25,100,822,25,2325,1,0
1035,1522,1,2023-06-09,1,25,100,819,25,2326,1,0
1036,1523,1,2024-05-29,1,4,14,100,4,2327,1,0
1037,1524,1,2026-01-20,1,4,16,117,4,2328,1,0
1038,1524,1,2025-10-05,1,4,16,120,4,2329,1,0
1039,1525,1,2024-02-15,1,21,83,674,21,2330,1,0
1040,1526,1,2023-04-09,1,20,78,626,20,2331,1,0
1041,1526,1,2023-05-20,1,20,78,630,20,2332,1,0
1042,1527,1,2023-04-12,1,30,120,975,30,2335,1,0
1043,1530,1,2024-05-15,1,10,37,289,10,2339,1,0
1044,1531,1,2023-02-06,1,27,106,863,27,2340,1,0
1045,1531,1,2023-01-16,1,27,106,862,27,2341,1,0
1046,1532,1,2024-09-11,1,17,65,520,17,2342,1,0
1047,1533,1,2023-11-22,1,31,122,993,31,2343,1,0
1048,1533,1,2024-01-05,1,31,122,997,31,2344,1,0
1049,1537,1,2023-04-19,1,4,14,103,4,2351,1,0
1050,1537,1,2023-01-28,1,4,14,102,4,2352,1,0
1051,1537,2,2023-03-14,1,4,14,101,4,2353,1,0
1052,1540,1,2025-06-22,1,1,1,6,1,2357,1,0
1053,1542,1,2024-12-01,1,20,77,616,20,2359,1,0
1054,1544,1,2025-09-19,1,20,80,651,20,2362,1,0
1055,1546,1,2026-01-02,1,26,104,850,26,2364,1,0
1056,1547,1,2023-12-20,1,27,105,858,27,2365,1,0
1057,1547,1,2023-11-09,1,27,105,857,27,2367,1,0
1058,1549,1,2024-11-09,1,4,13,92,4,2369,1,0
1059,1552,1,2023-12-12,1,1,4,29,1,2372,1,0
1060,1553,1,2023-03-13,1,25,98,803,25,2373,1,0
1061,1553,1,2023-04-09,1,25,98,797,25,2374,1,0
1062,1554,1,2025-05-21,1,1,1,2,1,2376,1,0
1063,1554,1,2025-07-12,1,1,1,6,1,2377,1,0
1064,1557,1,2023-04-27,1,5,18,134,5,2381,1,0
1065,1559,1,2026-01-20,1,17,67,535,17,2384,1,0
1066,1559,1,2026-03-21,1,17,67,541,17,2386,1,0
1067,1560,1,2025-07-15,1,1,4,24,1,2387,1,0
1068,1561,1,2026-06-18,1,30,118,959,30,2390,1,0
1069,1562,1,2024-02-06,1,4,14,104,4,2391,1,0
1070,1563,1,2024-06-12,1,25,97,788,25,2392,1,0
1071,1564,1,2024-01-05,1,25,98,798,25,2393,1,0
1072,1565,1,2023-12-27,1,25,98,804,25,2395,1,0
1073,1567,1,2025-08-13,1,7,25,185,7,2397,1,0
1074,1568,1,2023-10-09,1,25,98,798,25,2400,1,0
1075,1570,1,2025-12-03,1,30,119,967,30,2402,1,0
1076,1571,1,2025-02-14,1,1,1,6,1,2404,1,0
1077,1571,1,2025-01-16,1,1,1,1,1,2405,1,0
1078,1575,1,2026-09-17,1,11,44,350,11,2410,1,0
1079,1577,1,2026-04-01,1,19,75,606,19,2412,1,0
1080,1578,1,2026-05-17,1,25,98,800,25,2415,1,0
1081,1580,1,2025-04-29,1,15,60,478,15,2417,1,0
1082,1581,1,2025-10-16,1,4,16,122,4,2418,1,0
1083,1582,1,2023-08-31,1,30,118,962,30,2419,1,0
1084,1582,1,2023-07-28,1,30,118,962,30,2420,1,0
1085,1584,1,2025-06-25,1,7,26,199,7,2423,1,0
1086,1591,2,2026-06-26,1,12,47,373,12,2432,1,0
1087,1592,1,2024-08-10,1,28,111,906,28,2433,1,0
1088,1593,1,2025-06-11,1,29,114,925,29,2435,1,0
1089,1593,1,2025-07-01,1,29,114,924,29,2436,1,0
1090,1597,1,2024-08-01,1,9,35,274,9,2440,1,0
1091,1598,1,2026-01-03,1,15,60,478,15,2442,1,0
1092,1599,1,2023-11-28,1,25,98,804,25,2445,1,0
1093,1602,1,2024-08-18,1,13,50,398,13,2448,1,0
1094,1603,1,2025-10-20,1,12,45,356,12,2449,1,0
1095,1605,1,2025-04-14,1,29,114,930,29,2451,1,0
1096,1609,1,2023-09-02,1,25,99,808,25,2455,1,0
1097,1610,2,2024-08-20,1,1,2,7,1,2456,1,0
1098,1611,2,2025-06-02,1,31,122,998,31,2457,1,0
1099,1612,1,2026-03-01,1,21,81,655,21,2459,1,0
1100,1614,1,2025-05-11,1,16,64,508,16,2461,1,0
1101,1618,2,2025-09-26,1,4,14,105,4,2466,1,0
1102,1620,1,2024-12-04,1,30,118,961,30,2470,1,0
1103,1624,1,2024-12-05,1,25,97,791,25,2474,1,0
1104,1625,1,2026-04-21,1,4,15,111,4,2476,1,0
1105,1626,1,2023-04-01,1,10,38,299,10,2477,1,0
1106,1629,1,2025-01-03,1,11,41,324,11,2480,1,0
1107,1630,1,2024-08-20,1,2,6,40,2,2482,1,0
1108,1631,1,2023-03-22,1,20,77,616,20,2483,1,0
1109,1636,1,2025-09-09,1,25,97,791,25,2491,1,0
1110,1637,2,2024-01-24,1,14,54,433,14,2492,1,0
1111,1637,1,2024-01-01,1,14,54,437,14,2493,1,0
1112,1639,1,2023-09-12,1,28,109,889,28,2498,1,0
1113,1640,1,2024-02-01,1,30,117,949,30,2500,1,0
1114,1643,1,2023-09-10,1,13,52,416,13,2504,1,0
1115,1643,1,2023-11-14,1,13,52,419,13,2506,1,0
1116,1645,2,2026-07-18,1,1,1,5,1,2510,1,0
1117,1646,2,2024-04-28,1,4,13,93,4,2511,1,0
1118,1648,1,2025-03-23,1,23,90,735,23,2515,1,0
1119,1649,1,2023-11-23,1,28,112,910,28,2516,1,0
1120,1650,1,2024-09-29,1,3,11,77,3,2518,1,0
1121,1650,1,2024-07-24,1,3,11,75,3,2519,1,0
1122,1651,1,2025-07-24,1,14,54,433,14,2522,1,0
1123,1652,1,2023-02-18,1,1,3,21,1,2523,1,0
1124,1654,1,2023-07-31,1,25,99,808,25,2526,1,0
1125,1655,1,2026-01-29,1,22,86,699,22,2527,1,0
1126,1656,1,2023-11-29,1,1,1,1,1,2528,1,0
1127,1656,1,2023-10-07,1,1,1,3,1,2530,1,0
1128,1657,1,2023-06-10,1,1,3,14,1,2531,1,0
1129,1658,1,2024-04-03,1,6,23,173,6,2532,1,0
1130,1658,1,2024-04-17,1,6,23,174,6,2533,1,0
1131,1661,1,2025-11-11,1,25,99,809,25,2536,1,0
1132,1662,2,2023-08-15,1,7,26,200,7,2537,1,0
1133,1665,1,2025-12-03,1,25,100,816,25,2541,1,0
1134,1665,1,2026-02-23,1,25,100,820,25,2542,1,0
1135,1668,1,2023-05-22,1,14,54,436,14,2545,1,0
1136,1669,2,2025-07-28,1,1,4,24,1,2547,1,0
1137,1670,1,2023-08-30,1,28,112,912,28,2549,1,0
1138,1670,1,2023-10-05,1,28,112,911,28,2550,1,0
1139,1671,1,2023-09-06,1,4,16,114,4,2553,1,0
1140,1673,1,2025-08-19,1,29,115,934,29,2555,1,0
1141,1676,1,2024-04-16,1,14,53,422,14,2560,1,0
1142,1677,1,2024-08-12,1,1,1,1,1,2561,1,0
1143,1678,1,2024-03-19,1,16,63,506,16,2562,1,0
1144,1679,1,2023-10-11,1,7,25,187,7,2563,1,0
1145,1680,1,2026-08-26,1,25,98,801,25,2566,1,0
1146,1681,1,2025-10-03,1,25,98,804,25,2567,1,0
1147,1687,1,2025-08-10,1,25,100,818,25,2576,1,0
1148,1689,2,2025-11-25,1,4,14,101,4,2578,1,0
1149,1689,1,2025-10-21,1,4,14,105,4,2579,1,0
1150,1690,2,2023-12-21,1,25,99,806,25,2580,1,0
1151,1691,1,2024-12-07,1,24,96,786,24,2581,1,0
1152,1691,1,2024-10-09,1,24,96,784,24,2582,1,0
1153,1692,1,2024-05-08,1,21,82,662,21,2583,1,0
1154,1693,1,2025-08-31,1,24,93,761,24,2585,1,0
1155,1695,1,2023-02-11,1,7,27,208,7,2587,1,0
1156,1696,1,2023-06-07,1,11,44,348,11,2588,1,0
1157,1696,1,2023-04-20,1,11,44,351,11,2589,1,0
1158,1697,1,2026-07-31,1,28,111,904,28,2590,1,0
1159,1697,1,2026-06-29,1,28,111,904,28,2591,1,0
1160,1697,1,2026-08-19,1,28,111,905,28,2592,1,0
1161,1698,2,2024-10-06,1,7,25,191,7,2593,1,0
1162,1702,1,2023-10-23,1,18,70,564,18,2600,1,0
1163,1703,1,2025-12-10,1,2,6,42,2,2601,1,0
1164,1703,1,2025-10-20,1,2,6,40,2,2602,1,0
1165,1704,1,2025-08-11,1,29,116,941,29,2603,1,0
1166,1704,1,2025-06-17,1,29,116,939,29,2604,1,0
1167,1706,1,2025-09-27,1,20,80,650,20,2606,1,0
1168,1710,1,2024-09-16,1,27,105,855,27,2610,1,0
1169,1711,1,2026-05-12,1,16,64,509,16,2611,1,0
1170,1712,1,2024-06-02,1,21,81,661,21,2613,1,0
1171,1717,2,2025-03-14,1,18,72,575,18,2619,1,0
1172,1718,1,2026-04-29,1,12,45,358,12,2620,1,0
1173,1719,1,2024-01-31,1,1,3,15,1,2621,1,0
1174,1719,1,2024-01-23,1,1,3,14,1,2622,1,0
1175,1720,1,2026-04-13,1,13,52,420,13,2623,1,0
1176,1721,1,2024-05-02,1,1,3,19,1,2626,1,0
1177,1722,1,2025-12-21,1,4,16,114,4,2629,1,0
1178,1723,1,2023-04-13,1,9,33,255,9,2630,1,0
1179,1724,1,2024-10-24,1,6,21,159,6,2632,1,0
1180,1724,1,2024-10-09,1,6,21,152,6,2633,1,0
1181,1728,1,2024-04-25,1,14,53,430,14,2638,1,0
1182,1729,1,2024-08-06,1,16,64,508,16,2639,1,1
1183,1732,2,2024-12-22,1,5,17,128,5,2644,1,0
1184,1733,1,2024-01-23,1,5,19,143,5,2646,1,0
1185,1735,1,2023-10-09,1,1,2,8,1,2648,1,1
1186,1736,1,2024-09-13,1,5,18,131,5,2650,1,0
1187,1736,1,2024-08-29,1,5,18,133,5,2651,1,0
1188,1737,1,2025-03-02,1,1,4,27,1,2654,1,0
1189,1738,1,2024-04-10,1,27,108,880,27,2656,1,0
1190,1740,1,2025-06-19,1,24,93,760,24,2658,1,0
1191,1740,1,2025-08-10,1,24,93,755,24,2659,1,0
1192,1740,1,2025-09-24,1,24,93,763,24,2660,1,0
1193,1741,1,2026-01-08,1,1,3,18,1,2661,1,0
1194,1742,1,2023-08-16,1,5,19,141,5,2663,1,0
1195,1742,1,2023-12-06,1,5,19,139,5,2664,1,0
1196,1744,1,2023-05-26,1,4,15,107,4,2667,1,0
1197,1747,1,2025-10-10,1,4,16,122,4,2670,1,0
1198,1749,1,2023-09-16,1,4,13,92,4,2673,1,0
1199,1750,1,2024-03-10,1,14,54,432,14,2675,1,0
1200,1750,1,2023-12-08,1,14,54,434,14,2676,1,0
1201,1751,1,2023-05-14,1,25,99,806,25,2677,1,0
1202,1751,1,2023-06-16,1,25,99,807,25,2678,1,0
1203,1752,1,2023-07-06,1,1,2,11,1,2679,1,0
1204,1754,1,2026-02-28,1,28,111,906,28,2681,1,0
1205,1756,1,2024-05-24,1,3,11,74,3,2683,1,0
1206,1759,1,2025-12-23,1,19,75,602,19,2687,1,0
1207,1760,1,2026-04-07,1,1,2,8,1,2688,1,0
1208,1763,1,2024-02-19,1,25,97,793,25,2692,1,0
1209,1764,1,2024-04-06,1,1,3,18,1,2693,1,0
1210,1764,1,2024-02-05,1,1,3,15,1,2695,1,0
1211,1765,1,2023-06-22,1,9,36,285,9,2696,1,0
1212,1766,1,2025-07-22,1,21,82,665,21,2699,1,0
1213,1767,1,2024-08-13,1,4,16,117,4,2702,1,0
1214,1768,1,2025-01-08,1,12,47,372,12,2703,1,0
1215,1768,1,2025-03-04,1,12,47,369,12,2704,1,0
1216,1770,1,2023-07-29,1,13,52,419,13,2706,1,0
1217,1772,1,2024-11-15,1,4,15,110,4,2708,1,0
1218,1773,1,2024-09-12,1,20,80,649,20,2709,1,0
1219,1774,1,2025-05-02,1,7,25,190,7,2710,1,0
1220,1775,1,2024-01-19,1,13,50,397,13,2711,1,0
1221,1775,1,2024-02-29,1,13,50,397,13,2712,1,0
1222,1776,1,2023-11-03,1,4,16,122,4,2713,1,0
1223,1780,1,2024-03-01,1,25,99,813,25,2718,1,0
1224,1782,1,2023-07-06,1,29,114,923,29,2720,1,0
1225,1784,1,2025-03-08,1,4,16,122,4,2726,1,0
1226,1785,1,2024-12-05,1,22,85,695,22,2727,1,0
1227,1785,1,2024-11-14,1,22,85,690,22,2728,1,0
1228,1788,1,2026-06-10,1,25,97,790,25,2732,1,0
1229,1789,1,2024-09-22,1,11,41,323,11,2734,1,0
1230,1789,1,2024-10-12,1,11,41,327,11,2735,1,0
1231,1791,1,2026-04-25,1,6,24,180,6,2737,1,0
1232,1795,1,2025-08-05,1,25,99,809,25,2743,1,0
1233,1797,2,2025-10-16,1,4,14,106,4,2745,1,0
1234,1797,1,2025-10-10,1,4,14,102,4,2746,1,0
1235,1799,2,2024-05-21,1,2,5,35,2,2749,1,0
1236,1800,1,2023-03-17,1,20,77,619,20,2750,1,0
1237,1800,1,2023-02-23,1,20,77,616,20,2752,1,0
1238,1804,1,2024-07-21,1,24,96,783,24,2759,1,0
1239,1804,2,2024-05-15,1,24,96,782,24,2760,1,0
1240,1806,1,2026-09-11,1,25,99,808,25,2762,1,0
1241,1808,1,2025-03-14,1,14,55,443,14,2764,1,0
1242,1808,1,2024-12-28,1,14,55,445,14,2766,1,0
1243,1809,1,2023-07-06,1,5,18,133,5,2767,1,0
1244,1811,1,2025-01-18,1,21,82,662,21,2770,1,0
1245,1812,1,2026-03-15,1,4,16,122,4,2772,1,0
1246,1813,1,2024-08-30,1,4,16,117,4,2774,1,0
1247,1813,1,2024-08-18,1,4,16,122,4,2775,1,0
1248,1814,1,2024-08-10,1,1,4,28,1,2777,1,0
1249,1815,1,2025-01-13,1,13,49,388,13,2778,1,0
1250,1816,1,2025-12-19,1,31,124,1013,31,2779,1,0
1251,1817,1,2024-11-02,1,6,22,164,6,2780,1,0
1252,1818,1,2026-04-15,1,11,44,353,11,2781,1,0
1253,1820,2,2024-12-05,1,22,88,713,22,2783,1,0
1254,1821,1,2023-04-17,1,14,55,442,14,2785,1,0
1255,1823,1,2025-08-29,1,25,97,790,25,2791,1,0
1256,1824,1,2026-07-25,1,30,117,954,30,2792,1,0
1257,1825,2,2025-04-28,1,30,120,975,30,2793,1,0
1258,1826,1,2023-09-23,1,1,4,27,1,2794,1,0
1259,1827,1,2025-03-23,1,24,93,760,24,2796,1,0
1260,1829,1,2025-09-06,1,9,33,262,9,2802,1,0
1261,1831,2,2024-10-10,1,4,14,101,4,2804,1,0
1262,1832,2,2024-10-09,1,12,47,376,12,2806,1,0
1263,1835,1,2026-08-11,1,5,18,131,5,2809,1,0
1264,1836,2,2024-06-19,1,18,69,555,18,2810,1,0
1265,1836,1,2024-08-13,1,18,69,553,18,2811,1,0
1266,1838,1,2025-07-15,1,30,118,955,30,2814,1,0
1267,1838,1,2025-07-05,1,30,118,963,30,2815,1,0
1268,1839,1,2025-06-21,1,5,18,135,5,2816,1,0
1269,1841,1,2024-07-13,1,24,94,770,24,2818,1,0
1270,1845,1,2026-02-04,1,4,15,108,4,2823,1,0
1271,1846,2,2023-05-19,1,24,94,765,24,2824,1,0
1272,1846,1,2023-07-07,1,24,94,768,24,2826,1,0
1273,1848,1,2024-06-01,1,1,2,8,1,2828,1,0
1274,1848,1,2024-06-10,1,1,2,12,1,2829,1,0
1275,1852,1,2024-08-14,1,4,14,102,4,2833,1,1
1276,1854,1,2025-10-09,1,9,35,275,9,2835,1,0
1277,1855,1,2025-06-06,1,20,80,651,20,2836,1,0
1278,1856,1,2025-04-28,1,18,70,564,18,2837,1,0
1279,1856,1,2025-04-01,1,18,70,560,18,2838,1,0
1280,1858,1,2024-06-13,1,18,71,571,18,2840,1,0
1281,1859,1,2026-06-13,1,26,102,835,26,2842,1,0
1282,1862,1,2025-07-20,1,5,17,129,5,2845,1,1
1283,1864,2,2024-01-13,1,4,13,91,4,2848,1,0
1284,1865,1,2024-09-18,1,12,47,372,12,2849,1,0
1285,1866,1,2023-10-16,1,6,22,162,6,2850,1,0
1286,1868,1,2024-02-06,1,4,15,112,4,2853,1,0
1287,1869,1,2024-11-13,1,19,74,593,19,2854,1,0
1288,1870,1,2025-03-02,1,14,54,434,14,2856,1,0
1289,1871,1,2024-12-31,1,19,74,594,19,2857,1,0
1290,1873,2,2023-02-16,1,1,3,21,1,2860,1,0
1291,1874,1,2024-11-08,1,10,37,291,10,2861,1,0
1292,1876,1,2026-03-02,1,24,95,774,24,2863,1,0
1293,1878,1,2024-09-25,1,4,13,90,4,2867,1,0
1294,1879,1,2023-08-11,1,15,59,471,15,2870,1,0
1295,1880,1,2025-10-08,1,19,73,586,19,2872,1,0
1296,1881,1,2025-02-06,1,29,113,921,29,2873,1,0
1297,1882,1,2024-06-24,1,10,38,302,10,2874,1,0
1298,1882,1,2024-05-29,1,10,38,296,10,2876,1,0
1299,1883,1,2025-04-26,1,20,77,621,20,2877,1,0
1300,1884,1,2025-02-03,1,23,89,722,23,2879,1,0
1301,1886,1,2024-03-12,1,25,97,795,25,2883,1,0
1302,1893,1,2024-03-17,1,25,100,815,25,2891,1,0
1303,1895,1,2023-08-11,1,4,14,105,4,2893,1,0
1304,1897,1,2026-05-21,1,16,64,511,16,2895,1,0
1305,1898,1,2026-02-26,1,27,108,876,27,2898,1,0
1306,1900,1,2024-03-05,1,29,113,916,29,2902,1,0
1307,1904,1,2025-07-07,1,29,114,930,29,2906,1,0
1308,1905,2,2025-11-14,1,31,121,985,31,2909,1,0
1309,1906,1,2024-11-04,1,25,98,803,25,2910,1,0
1310,1906,1,2024-11-04,1,25,98,803,25,2911,1,0
1311,1912,1,2025-09-05,1,12,45,360,12,2920,1,0
1312,1912,1,2025-09-10,1,12,45,358,12,2921,1,0
1313,1915,1,2023-10-16,1,22,85,694,22,2924,1,0
1314,1916,1,2023-05-16,1,6,24,177,6,2926,1,0
1315,1924,1,2024-06-12,1,10,39,307,10,2936,1,0
1316,1926,1,2025-07-26,1,8,32,252,8,2938,1,0
1317,1927,1,2024-04-19,1,1,2,9,1,2939,1,0
1318,1927,1,2024-07-26,1,1,2,7,1,2940,1,0
1319,1928,1,2025-09-07,1,13,52,414,13,2941,1,0
1320,1929,1,2023-03-02,1,28,112,909,28,2942,1,0
1321,1930,1,2025-03-08,1,1,4,26,1,2943,1,0
1322,1932,1,2024-04-09,1,30,120,982,30,2946,1,0
1323,1934,1,2023-06-07,1,4,15,107,4,2948,1,0
1324,1935,1,2024-07-14,1,5,19,144,5,2949,1,0
1325,1936,1,2025-07-27,1,12,48,378,12,2950,1,0
1326,1937,1,2024-01-24,1,4,14,102,4,2951,1,0
1327,1938,1,2023-04-25,1,29,115,931,29,2954,1,0
1328,1941,1,2023-06-29,1,1,3,16,1,2958,1,0
1329,1942,1,2026-04-16,1,22,86,698,22,2960,1,0
1330,1943,1,2026-02-07,1,7,25,185,7,2961,1,0
1331,1944,1,2026-04-29,1,17,65,519,17,2962,1,0
1332,1945,1,2024-08-22,1,5,18,136,5,2963,1,0
1333,1946,1,2023-11-23,1,5,18,131,5,2964,1,0
1334,1950,1,2026-04-29,1,25,99,814,25,2971,1,0
1335,1951,1,2024-11-25,1,17,68,543,17,2974,1,0
1336,1953,1,2023-12-21,1,1,4,22,1,2976,1,0
1337,1954,1,2023-06-27,1,15,60,484,15,2979,1,0
1338,1955,1,2024-08-24,1,14,56,449,14,2981,1,0
1339,1957,1,2023-08-15,1,11,43,343,11,2984,1,0
1340,1959,1,2024-06-20,1,16,63,507,16,2987,1,0
1341,1960,1,2026-01-12,1,25,99,806,25,2989,1,0
1342,1962,1,2026-06-14,1,8,30,231,8,2991,1,0
1343,1966,1,2025-02-22,1,25,97,790,25,2996,1,0
1344,1969,1,2023-04-03,1,5,17,125,5,3000,1,0
1345,1971,1,2026-08-13,1,1,2,9,1,3002,1,0
1346,1971,1,2026-08-07,1,1,2,11,1,3003,1,0
1347,1973,1,2023-10-24,1,28,110,899,28,3005,1,0
1348,1974,1,2026-02-21,1,28,110,891,28,3006,1,0
1349,1974,1,2025-11-28,1,28,110,893,28,3007,1,0
1350,1974,1,2026-02-26,1,28,110,899,28,3008,1,0
1351,1976,1,2024-12-29,1,4,14,103,4,3010,1,0
1352,1976,1,2025-01-15,1,4,14,103,4,3011,1,0
1353,1977,1,2023-06-10,1,15,60,480,15,3012,1,0
1354,1978,1,2024-11-02,1,25,97,794,25,3013,1,0
1355,1978,1,2024-12-29,1,25,97,788,25,3015,1,0
1356,1981,2,2025-08-13,1,17,68,546,17,3018,1,0
1357,1983,1,2023-10-15,1,25,100,815,25,3022,1,0
1358,1984,1,2023-06-11,1,1,4,29,1,3023,1,0
1359,1984,1,2023-05-19,1,1,4,25,1,3024,1,0
1360,1985,1,2024-08-04,1,10,40,320,10,3025,1,0
1361,1986,1,2024-06-20,1,21,84,685,21,3026,1,0
1362,1988,1,2023-11-01,1,12,46,368,12,3028,1,0
1363,1989,1,2026-01-15,1,1,2,7,1,3030,1,0
1364,1991,1,2025-09-28,1,31,124,1012,31,3032,1,0
1365,1993,1,2026-03-17,1,24,93,762,24,3035,1,0
1366,1994,1,2023-10-31,1,31,123,1008,31,3036,1,0
1367,1994,1,2024-01-15,1,31,123,1001,31,3037,1,0
1368,1995,1,2025-08-10,1,12,48,386,12,3038,1,0
1369,1996,1,2026-04-30,1,12,48,384,12,3039,1,0
1370,1997,1,2025-03-08,1,4,15,108,4,3040,1,0
1371,1998,1,2023-07-12,1,25,98,803,25,3041,1,0
1372,1998,1,2023-08-02,1,25,98,805,25,3042,1,0
1373,1999,1,2026-07-07,1,4,14,101,4,3045,1,0
1374,2001,1,2023-11-14,1,4,13,90,4,3049,1,0
1375,2002,1,2025-11-03,1,23,89,730,23,3050,1,0
1376,2003,1,2024-08-24,1,3,12,83,3,3054,1,0
1377,2003,1,2024-06-07,1,3,12,87,3,3055,1,0
1378,2008,1,2024-06-24,1,13,49,392,13,3060,1,0
1379,2009,1,2024-11-30,1,26,103,844,26,3061,1,0
1380,2011,1,2025-02-08,1,9,34,265,9,3063,1,0
1381,2015,1,2025-11-12,1,8,29,226,8,3069,1,0
1382,2016,1,2026-05-04,1,3,11,79,3,3070,1,0
1383,2017,1,2024-12-11,1,25,97,791,25,3073,1,0
1384,2018,1,2024-03-23,1,13,51,404,13,3074,1,0
1385,2018,1,2024-01-29,1,13,51,412,13,3075,1,0
1386,2021,1,2025-12-22,1,2,7,52,2,3078,1,0
1387,2022,1,2023-06-01,1,16,61,491,16,3079,1,0
1388,2024,1,2026-08-07,1,4,16,120,4,3083,1,0
1389,2026,1,2026-06-19,1,12,45,356,12,3085,1,0
1390,2027,1,2024-02-12,1,13,49,388,13,3086,1,0
1391,2028,1,2026-06-13,1,14,56,447,14,3088,1,0
1392,2029,1,2024-08-28,1,5,18,135,5,3089,1,0
1393,2030,1,2026-01-23,1,22,87,709,22,3090,1,0
1394,2031,1,2023-07-21,1,26,103,842,26,3091,1,0
1395,2031,1,2023-04-19,1,26,103,845,26,3092,1,0
1396,2032,1,2026-06-26,1,4,15,112,4,3093,1,0
1397,2033,1,2026-03-12,1,1,3,14,1,3094,1,0
1398,2034,1,2024-01-13,1,7,25,184,7,3096,1,0
1399,2036,1,2026-01-11,1,23,91,739,23,3098,1,0
1400,2037,1,2023-02-18,1,19,74,591,19,3099,1,0
1401,2040,1,2025-06-09,1,25,100,819,25,3102,1,0
1402,2040,1,2025-09-12,1,25,100,821,25,3103,1,0
1403,2041,1,2025-05-19,1,3,11,79,3,3104,1,0
1404,2042,1,2023-09-07,1,4,13,94,4,3106,1,0
1405,2044,1,2023-08-01,1,4,14,104,4,3108,1,0
1406,2046,1,2023-10-28,1,28,112,914,28,3110,1,0
1407,2047,1,2025-06-24,1,28,110,893,28,3111,1,0
1408,2048,1,2023-07-28,1,1,4,25,1,3112,1,0
1409,2049,1,2024-05-08,1,7,27,203,7,3113,1,0
1410,2051,1,2023-06-17,1,10,39,309,10,3116,1,0
1411,2051,1,2023-07-01,1,10,39,305,10,3117,1,0
1412,2052,1,2024-10-06,1,4,13,93,4,3119,1,0
1413,2060,1,2024-09-03,1,28,112,911,28,3131,1,0
1414,2066,1,2023-09-12,1,1,2,7,1,3138,1,0
1415,2067,2,2024-02-08,1,19,76,608,19,3139,1,0
1416,2073,1,2024-05-11,1,20,79,639,20,3148,1,1
1417,2074,1,2023-08-03,1,25,99,808,25,3150,1,0
1418,2077,1,2024-10-05,1,1,4,27,1,3154,1,0
1419,2078,1,2026-03-03,1,16,63,506,16,3157,1,0
1420,2079,2,2025-01-29,1,17,65,519,17,3158,1,0
1421,2080,1,2025-03-20,1,30,120,979,30,3159,1,0
1422,2081,1,2025-05-07,1,17,66,524,17,3162,1,0
1423,2082,1,2023-05-17,1,18,71,568,18,3163,1,0
1424,2084,2,2024-08-15,1,28,112,909,28,3165,1,0
1425,2084,1,2024-11-15,1,28,112,909,28,3166,1,0
1426,2089,2,2026-08-27,1,31,124,1011,31,3172,1,0
1427,2091,1,2025-03-21,1,7,28,215,7,3174,1,0
1428,2092,2,2024-10-18,1,28,112,913,28,3176,1,0
1429,2094,1,2023-06-25,1,25,97,790,25,3180,1,0
1430,2095,1,2024-09-18,1,6,24,179,6,3183,1,0
1431,2096,1,2025-11-06,1,29,113,917,29,3184,1,0
1432,2097,1,2026-01-14,1,9,33,262,9,3185,1,0
1433,2097,1,2026-01-23,1,9,33,261,9,3186,1,0
1434,2101,1,2024-07-13,1,4,14,101,4,3193,1,0
1435,2102,1,2024-08-18,1,22,87,707,22,3195,1,0
1436,2103,1,2024-05-07,1,15,60,481,15,3197,1,0
1437,2104,1,2023-09-06,1,1,2,11,1,3199,1,0
1438,2106,1,2023-07-06,1,16,61,490,16,3202,1,0
1439,2108,1,2026-05-28,1,23,89,730,23,3204,1,0
1440,2110,1,2025-05-25,1,30,118,963,30,3207,1,0
1441,2112,1,2024-09-16,1,23,91,743,23,3210,1,0
1442,2114,1,2023-05-31,1,3,12,88,3,3212,1,0
1443,2115,1,2023-03-17,1,10,37,287,10,3213,1,0
1444,2116,2,2026-01-12,1,1,4,23,1,3217,1,0
1445,2117,1,2024-10-31,1,1,2,7,1,3218,1,0
1446,2117,1,2024-10-23,1,1,2,12,1,3219,1,0
1447,2119,1,2026-02-21,1,4,15,111,4,3221,1,0
1448,2120,2,2024-09-24,1,14,56,452,14,3223,1,0
1449,2120,1,2024-07-17,1,14,56,448,14,3224,1,0
1450,2121,1,2024-04-29,1,8,32,249,8,3226,1,0
1451,2124,1,2024-02-11,1,9,36,280,9,3231,1,0
1452,2124,1,2023-12-02,1,9,36,282,9,3232,1,0
1453,2125,1,2025-11-27,1,28,109,887,28,3234,1,0
1454,2126,1,2025-12-11,1,4,14,105,4,3236,1,0
1455,2126,1,2025-12-28,1,4,14,104,4,3237,1,0
1456,2128,1,2023-02-06,1,4,16,122,4,3241,1,0
1457,2131,1,2025-04-19,1,14,56,449,14,3245,1,0
1458,2132,1,2025-09-11,1,28,109,887,28,3246,1,0
1459,2133,1,2023-04-09,1,31,121,992,31,3247,1,0
1460,2134,1,2026-06-28,1,23,91,741,23,3250,1,0
1461,2136,1,2023-12-26,1,18,72,575,18,3252,1,0
1462,2139,2,2023-12-02,1,19,76,610,19,3256,1,0
1463,2139,1,2023-10-16,1,19,76,614,19,3258,1,0
1464,2141,1,2023-04-10,1,4,16,118,4,3262,1,0
1465,2141,1,2023-07-07,1,4,16,114,4,3263,1,0
1466,2145,1,2024-06-18,1,27,107,873,27,3269,1,0
1467,2145,1,2024-05-09,1,27,107,871,27,3270,1,0
1468,2146,1,2024-03-15,1,1,4,23,1,3273,1,0
1469,2147,1,2025-10-07,1,26,102,837,26,3274,1,0
1470,2148,2,2024-06-15,1,31,123,1008,31,3275,1,0
1471,2150,1,2025-05-31,1,22,87,709,22,3277,1,0
1472,2151,1,2024-04-08,1,21,81,656,21,3279,1,0
1473,2153,1,2024-11-14,1,27,106,865,27,3283,1,0
1474,2154,1,2025-06-20,1,7,28,211,7,3284,1,0
1475,2155,1,2024-06-21,1,4,14,106,4,3285,1,0
1476,2155,1,2024-07-15,1,4,14,104,4,3286,1,0
1477,2156,1,2025-03-12,1,18,72,580,18,3287,1,0
1478,2157,1,2023-06-29,1,18,72,579,18,3289,1,0
1479,2158,1,2023-06-01,1,25,98,797,25,3290,1,0
1480,2159,1,2026-08-26,1,14,53,431,14,3291,1,0
1481,2159,1,2026-08-12,1,14,53,430,14,3292,1,0
1482,2160,1,2025-05-26,1,25,97,787,25,3293,1,0
1483,2162,1,2025-11-03,1,14,55,440,14,3296,1,0
1484,2163,1,2026-09-13,1,24,93,762,24,3297,1,0
1485,2164,1,2026-07-27,1,27,108,878,27,3298,1,0
1486,2166,1,2026-03-29,1,14,55,438,14,3303,1,0
1487,2167,1,2025-03-12,1,18,72,575,18,3304,1,0
1488,2168,1,2026-07-20,1,7,25,191,7,3305,1,0
1489,2170,2,2023-05-28,1,4,14,100,4,3307,1,0
1490,2171,1,2023-09-06,1,12,47,376,12,3309,1,0
1491,2172,1,2026-01-03,1,16,64,511,16,3311,1,0
1492,2175,2,2026-04-26,1,4,13,92,4,3315,1,0
1493,2180,1,2026-04-22,1,26,102,835,26,3322,1,0
1494,2184,1,2025-01-18,1,23,89,730,23,3327,1,0
1495,2186,2,2023-10-22,1,2,7,50,2,3330,1,0
1496,2187,1,2024-05-11,1,15,58,463,15,3331,1,0
1497,2189,1,2025-11-23,1,20,80,651,20,3333,1,0
1498,2190,1,2024-04-29,1,9,34,263,9,3336,1,0
1499,2192,1,2025-01-31,1,6,22,161,6,3338,1,0
1500,2193,2,2024-03-31,1,4,16,114,4,3340,1,0
1501,2195,1,2026-04-15,1,8,31,236,8,3345,1,0
1502,2198,1,2024-06-05,1,9,35,275,9,3348,1,0
1503,2204,1,2024-06-04,1,4,16,121,4,3360,1,0
1504,2206,1,2024-11-14,1,25,100,821,25,3365,1,0
1505,2206,1,2024-08-23,1,25,100,821,25,3366,1,0
1506,2208,1,2025-10-05,1,30,119,966,30,3369,1,0
1507,2210,1,2024-03-01,1,10,39,310,10,3372,1,0
1508,2210,1,2024-01-11,1,10,39,309,10,3373,1,0
1509,2215,1,2024-02-04,1,4,13,93,4,3380,1,0
1510,2216,1,2024-05-11,1,10,37,291,10,3381,1,0
1511,2217,1,2025-02-15,1,25,99,807,25,3383,1,0
1512,2218,1,2025-03-08,1,1,1,4,1,3386,1,0
1513,2219,1,2023-08-08,1,15,58,460,15,3387,1,0
1514,2220,1,2023-11-14,1,27,108,877,27,3388,1,0
1515,2220,1,2023-10-14,1,27,108,876,27,3389,1,0
1516,2222,1,2026-07-29,1,23,91,743,23,3392,1,0
1517,2222,1,2026-07-28,1,23,91,741,23,3393,1,0
1518,2224,1,2023-06-12,1,9,35,270,9,3395,1,0
1519,2225,1,2026-02-11,1,10,39,304,10,3397,1,0
1520,2226,1,2023-09-28,1,1,1,4,1,3399,1,0
1521,2229,1,2025-02-10,1,4,13,90,4,3403,1,0
1522,2231,1,2025-12-26,1,15,57,456,15,3407,1,0
1523,2233,1,2023-09-30,1,25,98,796,25,3410,1,0
1524,2237,1,2026-04-30,1,6,24,183,6,3415,1,0
1525,2238,1,2024-07-07,1,16,64,512,16,3416,1,0
1526,2238,1,2024-05-21,1,16,64,509,16,3417,1,0
1527,2239,2,2025-12-29,1,28,110,898,28,3419,1,0
1528,2240,1,2024-12-22,1,16,63,506,16,3421,1,0
1529,2242,1,2023-06-29,1,25,99,814,25,3424,1,0
1530,2244,1,2026-08-02,1,30,118,958,30,3426,1,0
1531,2244,1,2026-05-16,1,30,118,956,30,3427,1,0
1532,2247,1,2025-03-12,1,25,99,812,25,3430,1,0
1533,2248,1,2025-06-29,1,27,108,881,27,3431,1,0
1534,2249,1,2024-12-22,1,26,104,847,26,3432,1,0
1535,2251,1,2026-05-30,1,23,92,745,23,3435,1,0
1536,2252,1,2024-02-05,1,1,4,26,1,3437,1,0
1537,2252,1,2024-02-24,1,1,4,27,1,3438,1,0
1538,2255,1,2024-09-18,1,1,4,25,1,3442,1,0
1539,2257,1,2024-07-03,1,23,90,733,23,3446,1,0
1540,2258,1,2023-04-07,1,18,69,554,18,3447,1,0
1541,2260,1,2025-08-16,1,13,51,408,13,3451,1,0
1542,2263,2,2023-01-28,1,7,26,198,7,3454,1,0
1543,2266,1,2024-03-23,1,20,79,644,20,3459,1,0
1544,2266,1,2024-05-06,1,20,79,639,20,3460,1,0
1545,2267,1,2025-05-30,1,6,21,151,6,3462,1,0
1546,2268,1,2024-03-11,1,25,99,808,25,3463,1,0
1547,2270,1,2026-01-19,1,26,102,834,26,3466,1,0
1548,2271,1,2026-09-05,1,25,98,797,25,3467,1,0
1549,2272,2,2024-04-14,1,2,8,58,2,3469,1,0
1550,2277,1,2023-09-01,1,15,60,478,15,3475,1,0
1551,2277,1,2023-08-07,1,15,60,484,15,3476,1,0
1552,2280,1,2024-03-13,1,1,4,26,1,3480,1,0
1553,2280,1,2023-12-20,1,1,4,28,1,3481,1,0
1554,2284,1,2024-12-08,1,18,71,566,18,3486,1,0
1555,2288,1,2026-01-25,1,29,115,931,29,3491,1,0
1556,2289,1,2026-06-03,1,3,10,71,3,3493,1,0
1557,2289,1,2026-07-16,1,3,10,66,3,3494,1,0
1558,2291,1,2025-05-11,1,29,115,935,29,3496,1,0
1559,2293,1,2024-02-21,1,7,28,214,7,3499,1,0
1560,2293,1,2024-03-05,1,7,28,219,7,3500,1,0
1561,2295,1,2023-09-19,1,29,116,938,29,3502,1,0
1562,2296,1,2025-05-30,1,30,117,954,30,3503,1,0
1563,2300,2,2025-01-29,1,1,4,22,1,3509,1,0
1564,2300,2,2025-01-23,1,1,4,27,1,3510,1,0
1565,2301,1,2024-07-11,1,14,55,438,14,3511,1,0
1566,2301,1,2024-09-09,1,14,55,441,14,3512,1,0
1567,2301,1,2024-09-20,1,14,55,444,14,3513,1,0
1568,2302,1,2025-06-17,1,11,42,334,11,3514,1,0
1569,2304,1,2025-10-17,1,1,3,13,1,3516,1,0
1570,2305,1,2024-12-23,1,4,13,91,4,3517,1,0
1571,2305,1,2024-12-09,1,4,13,97,4,3518,1,0
1572,2308,1,2024-04-25,1,12,46,367,12,3523,1,0
1573,2309,1,2023-12-16,1,23,92,753,23,3524,1,0
1574,2309,1,2023-10-04,1,23,92,753,23,3525,1,0
1575,2310,1,2026-02-20,1,11,41,327,11,3527,1,0
1576,2313,2,2026-08-15,1,1,3,21,1,3531,1,0
1577,2314,1,2026-06-23,1,3,11,79,3,3532,1,0
1578,2315,1,2024-08-13,1,17,65,517,17,3533,1,0
1579,2315,1,2024-08-11,1,17,65,514,17,3534,1,0
1580,2315,1,2024-06-08,1,17,65,517,17,3535,1,1
1581,2316,1,2023-07-17,1,30,119,967,30,3536,1,0
1582,2316,1,2023-07-25,1,30,119,967,30,3537,1,0
1583,2316,1,2023-08-22,1,30,119,972,30,3538,1,0
1584,2318,1,2025-09-19,1,11,43,344,11,3540,1,0
1585,2318,1,2025-10-01,1,11,43,344,11,3541,1,0
1586,2318,1,2025-12-27,1,11,43,341,11,3542,1,0
1587,2319,1,2024-11-30,1,14,56,453,14,3543,1,0
1588,2322,1,2026-04-04,1,22,87,707,22,3546,1,0
1589,2323,1,2025-08-13,1,14,56,450,14,3547,1,0
1590,2327,1,2025-08-02,1,29,116,944,29,3552,1,0
1591,2330,1,2025-07-31,1,8,32,247,8,3555,1,0
1592,2330,1,2025-07-17,1,8,32,250,8,3556,1,0
1593,2331,1,2025-01-23,1,17,68,549,17,3557,1,0
1594,2333,1,2023-05-29,1,14,55,440,14,3559,1,0
1595,2335,1,2025-10-25,1,25,97,793,25,3562,1,0
1596,2340,1,2023-09-09,1,27,107,874,27,3568,1,0
1597,2340,1,2023-09-20,1,27,107,872,27,3569,1,0
1598,2341,1,2023-02-06,1,1,4,27,1,3570,1,0
1599,2343,1,2026-01-12,1,16,61,489,16,3574,1,0
1600,2347,1,2024-11-29,1,25,99,806,25,3578,1,0
1601,2347,1,2025-03-01,1,25,99,812,25,3579,1,0
1602,2348,1,2023-12-22,1,25,98,803,25,3580,1,0
1603,2349,1,2024-02-08,1,25,99,810,25,3582,1,0
1604,2350,1,2026-03-28,1,22,85,690,22,3583,1,0
1605,2352,1,2026-04-22,1,1,2,12,1,3585,1,0
1606,2355,1,2025-10-16,1,4,16,115,4,3589,1,0
1607,2357,1,2024-09-09,1,25,98,797,25,3591,1,0
1608,2359,1,2026-08-06,1,2,6,40,2,3593,1,0
1609,2359,1,2026-07-16,1,2,6,43,2,3594,1,0
1610,2361,1,2024-11-26,1,2,7,47,2,3596,1,0
1611,2362,1,2025-02-19,1,13,50,395,13,3598,1,0
1612,2363,1,2024-05-06,1,24,94,766,24,3601,1,0
1613,2364,1,2026-04-08,1,1,4,27,1,3602,1,0
1614,2364,1,2026-05-18,1,1,4,27,1,3603,1,0
1615,2367,1,2024-01-28,1,25,99,812,25,3607,1,0
1616,2368,1,2025-04-28,1,3,11,76,3,3608,1,0
1617,2370,2,2025-02-12,1,11,41,324,11,3610,1,0
1618,2373,1,2024-04-17,1,1,1,3,1,3613,1,0
1619,2374,1,2026-04-17,1,17,67,540,17,3614,1,0
1620,2376,1,2024-07-01,1,15,57,455,15,3618,1,0
1621,2378,1,2024-09-05,1,29,114,928,29,3620,1,0
1622,2379,1,2024-03-29,1,25,99,813,25,3621,1,0
1623,2380,1,2025-12-28,1,5,17,126,5,3622,1,0
1624,2381,1,2026-02-08,1,1,3,14,1,3624,1,0
1625,2384,1,2025-06-29,1,1,3,16,1,3629,1,0
1626,2384,1,2025-08-01,1,1,3,14,1,3630,1,0
1627,2385,1,2025-09-17,1,4,14,104,4,3631,1,0
1628,2386,1,2025-03-08,1,20,80,652,20,3634,1,0
1629,2387,1,2026-08-09,1,24,96,781,24,3636,1,0
1630,2388,1,2023-05-04,1,5,17,129,5,3637,1,0
1631,2393,1,2024-10-07,1,13,52,419,13,3643,1,1
1632,2394,2,2025-05-21,1,1,3,20,1,3644,1,0
1633,2397,1,2026-07-14,1,7,27,207,7,3647,1,0
1634,2398,2,2026-05-20,1,10,40,315,10,3648,1,0
1635,2401,1,2023-06-28,1,4,14,102,4,3653,1,0
1636,2402,1,2025-04-08,1,5,18,133,5,3654,1,0
1637,2404,1,2025-07-29,1,9,33,257,9,3657,1,0
1638,2404,1,2025-08-17,1,9,33,257,9,3658,1,0
1639,2405,1,2024-10-24,1,12,45,358,12,3660,1,0
1640,2406,1,2025-01-28,1,25,98,804,25,3661,1,0
1641,2409,1,2025-07-16,1,1,1,6,1,3664,1,1
1642,2410,1,2025-05-24,1,27,105,856,27,3666,1,0
1643,2411,2,2026-08-27,1,1,2,8,1,3667,1,0
1644,2412,1,2024-03-15,1,15,59,467,15,3669,1,0
1645,2414,1,2024-03-16,1,15,60,481,15,3671,1,0
1646,2415,1,2023-06-05,1,25,99,807,25,3674,1,0
1647,2416,1,2024-11-25,1,1,2,12,1,3675,1,0
1648,2418,1,2024-01-16,1,4,15,107,4,3678,1,0
1649,2419,1,2025-04-02,1,1,1,2,1,3679,1,0
1650,2420,1,2024-11-02,1,25,98,802,25,3680,1,0
1651,2422,1,2025-02-24,1,1,4,24,1,3684,1,0
1652,2422,1,2025-04-06,1,1,4,26,1,3685,1,0
1653,2423,1,2025-11-24,1,4,13,98,4,3687,1,0
1654,2425,1,2023-06-30,1,27,108,876,27,3691,1,0
1655,2426,1,2024-09-03,1,4,13,94,4,3692,1,0
1656,2428,1,2024-01-12,1,8,31,237,8,3695,1,0
1657,2428,1,2024-01-17,1,8,31,244,8,3696,1,0
1658,2429,1,2023-09-03,1,20,80,646,20,3699,1,0
1659,2429,1,2023-08-03,1,20,80,646,20,3700,1,0
1660,2430,2,2023-06-25,1,25,98,805,25,3701,1,0
1661,2431,1,2023-07-02,1,29,116,941,29,3703,1,0
1662,2434,2,2024-01-12,1,6,22,164,6,3707,1,0
1663,2440,1,2023-10-27,1,14,55,438,14,3713,1,0
1664,2440,1,2023-11-05,1,14,55,438,14,3714,1,0
1665,2441,1,2024-02-12,1,25,98,803,25,3715,1,0
1666,2443,1,2024-02-27,1,17,67,541,17,3717,1,0
1667,2444,1,2024-02-24,1,5,20,150,5,3718,1,0
1668,2447,1,2023-10-16,1,11,43,343,11,3721,1,0
1669,2448,1,2025-06-13,1,2,8,55,2,3722,1,0
1670,2448,1,2025-06-04,1,2,8,56,2,3723,1,0
1671,2453,1,2025-02-24,1,1,1,3,1,3730,1,0
1672,2456,1,2025-03-27,1,4,14,102,4,3735,1,0
1673,2459,1,2025-08-25,1,25,98,804,25,3741,1,0
1674,2459,1,2025-11-15,1,25,98,803,25,3742,1,0
1675,2460,1,2025-03-26,1,1,4,29,1,3745,1,0
1676,2461,1,2024-07-04,1,26,103,841,26,3746,1,0
1677,2464,2,2023-08-04,1,2,7,52,2,3749,1,0
1678,2465,1,2025-04-03,1,25,98,803,25,3752,1,0
1679,2465,1,2025-05-16,1,25,98,799,25,3753,1,0
1680,2466,1,2023-10-19,1,1,4,24,1,3754,1,0
1681,2467,1,2023-05-04,1,25,99,806,25,3755,1,0
1682,2468,1,2025-02-12,1,14,54,436,14,3756,1,0
1683,2469,1,2024-04-02,1,26,101,831,26,3758,1,0
1684,2469,1,2024-02-20,1,26,101,829,26,3759,1,0
1685,2471,1,2024-11-21,1,25,98,799,25,3761,1,0
1686,2474,1,2025-03-02,1,25,97,788,25,3764,1,0
1687,2474,1,2025-04-11,1,25,97,791,25,3765,1,0
1688,2475,1,2024-07-31,1,12,48,378,12,3767,1,0
1689,2476,1,2025-10-05,1,18,70,563,18,3768,1,0
1690,2477,1,2025-05-14,1,29,116,938,29,3771,1,0
1691,2479,1,2026-01-07,1,19,74,593,19,3773,1,0
1692,2480,1,2024-08-20,1,4,16,122,4,3776,1,0
1693,2482,1,2025-03-04,1,26,104,849,26,3779,1,0
1694,2487,1,2024-10-15,1,25,99,806,25,3784,1,0
1695,2487,1,2024-11-19,1,25,99,812,25,3785,1,0
1696,2489,1,2025-02-07,1,21,81,655,21,3787,1,0
1697,2489,1,2025-01-20,1,21,81,659,21,3788,1,0
1698,2490,1,2025-04-11,1,31,124,1014,31,3789,1,0
1699,2491,1,2026-05-10,1,29,114,923,29,3791,1,0
1700,2493,1,2023-04-10,1,17,67,533,17,3796,1,0
1701,2495,1,2026-03-13,1,21,81,653,21,3800,1,0
1702,2496,1,2024-08-08,1,18,72,577,18,3801,1,0
1703,2497,1,2026-07-03,1,2,8,56,2,3802,1,0
1704,2498,1,2025-12-15,1,4,13,90,4,3804,1,0
1705,2499,1,2025-06-23,1,7,27,208,7,3807,1,0
1706,2500,1,2023-07-24,1,9,36,280,9,3808,1,0
1707,2501,1,2023-12-13,1,4,15,113,4,3811,1,0
1708,2502,1,2024-11-18,1,7,25,189,7,3814,1,0
1709,2505,1,2024-02-08,1,2,5,31,2,3818,1,0
1710,2506,1,2023-07-03,1,31,124,1010,31,3819,1,0
1711,2506,1,2023-07-11,1,31,124,1014,31,3820,1,0
1712,2507,1,2026-06-25,1,13,49,393,13,3821,1,0
1713,2508,1,2023-10-17,1,1,2,8,1,3825,1,0
1714,2510,1,2024-01-01,1,4,15,107,4,3828,1,0
1715,2513,1,2023-04-08,1,16,61,492,16,3832,1,0
1716,2514,1,2026-08-19,1,9,35,272,9,3833,1,0
1717,2517,1,2023-04-05,1,13,49,390,13,3837,1,0
1718,2518,1,2023-06-25,1,6,22,163,6,3838,1,0
1719,2520,1,2024-03-09,1,20,80,646,20,3840,1,0
1720,2521,2,2024-02-18,1,11,41,327,11,3841,1,0
1721,2522,1,2025-10-27,1,1,3,19,1,3842,1,0
1722,2523,2,2026-03-24,1,19,76,609,19,3843,1,0
1723,2523,2,2026-03-28,1,19,76,607,19,3845,1,0
1724,2524,1,2026-02-28,1,17,68,542,17,3846,1,0
1725,2531,1,2023-06-23,1,25,98,805,25,3853,1,0
1726,2532,1,2024-05-06,1,22,87,705,22,3855,1,0
1727,2532,2,2024-05-05,1,22,87,710,22,3857,1,0
1728,2533,1,2024-02-17,1,25,100,817,25,3858,1,0
1729,2534,1,2026-06-15,1,6,21,152,6,3859,1,0
1730,2535,1,2024-04-02,1,24,96,785,24,3860,1,0
1731,2539,1,2023-11-13,1,9,34,264,9,3865,1,0
1732,2541,1,2024-01-14,1,31,123,1005,31,3868,1,0
1733,2543,1,2026-03-13,1,25,98,801,25,3871,1,0
1734,2544,1,2025-05-11,1,30,117,954,30,3873,1,0
1735,2544,1,2025-04-13,1,30,117,950,30,3874,1,0
1736,2545,1,2024-10-01,1,30,118,955,30,3875,1,0
1737,2547,1,2024-01-18,1,9,34,263,9,3877,1,0
1738,2548,1,2023-08-24,1,4,13,94,4,3878,1,0
1739,2549,1,2025-06-29,1,12,48,386,12,3880,1,0
1740,2550,1,2023-07-24,1,25,98,802,25,3881,1,0
1741,2551,1,2023-10-09,1,2,6,45,2,3882,1,0
1742,2552,1,2024-04-07,1,13,50,402,13,3883,1,0
1743,2554,1,2024-04-12,1,4,13,93,4,3885,1,0
1744,2556,1,2025-09-11,1,1,2,7,1,3889,1,0
1745,2557,1,2023-06-27,1,4,13,91,4,3890,1,0
1746,2563,1,2026-08-11,1,18,72,582,18,3899,1,0
1747,2564,1,2026-02-25,1,7,26,196,7,3902,1,0
1748,2565,1,2025-05-14,1,17,68,549,17,3903,1,0
1749,2567,1,2024-08-29,1,7,28,212,7,3905,1,0
1750,2568,2,2025-10-20,1,1,1,1,1,3907,1,0
1751,2569,1,2025-09-29,1,23,90,736,23,3908,1,0
1752,2569,1,2025-08-16,1,23,90,737,23,3909,1,0
1753,2569,1,2025-06-30,1,23,90,731,23,3910,1,0
1754,2570,1,2024-04-19,1,4,16,116,4,3911,1,0
1755,2571,1,2025-09-08,1,13,49,393,13,3912,1,0
1756,2572,1,2026-04-15,1,25,99,806,25,3913,1,0
1757,2575,1,2023-09-06,1,6,21,154,6,3917,1,0
1758,2578,1,2026-06-06,1,18,71,567,18,3921,1,0
1759,2579,1,2025-02-02,1,21,82,662,21,3922,1,0
1760,2580,1,2023-07-27,1,25,99,812,25,3923,1,0
1761,2580,1,2023-10-24,1,25,99,810,25,3924,1,0
1762,2581,1,2026-03-21,1,1,1,2,1,3926,1,0
1763,2583,1,2023-05-31,1,23,90,732,23,3928,1,0
1764,2583,1,2023-04-15,1,23,90,732,23,3929,1,0
1765,2587,2,2023-07-09,1,1,2,10,1,3933,1,0
1766,2587,1,2023-07-19,1,1,2,10,1,3934,1,0
1767,2595,1,2024-06-30,1,1,3,16,1,3943,1,0
1768,2596,1,2025-03-11,1,13,49,387,13,3944,1,0
1769,2598,1,2023-08-24,1,13,51,408,13,3948,1,0
1770,2599,1,2024-09-22,1,4,16,119,4,3952,1,0
1771,2600,1,2024-12-02,1,13,51,404,13,3953,1,0
1772,2602,2,2026-02-21,1,2,6,43,2,3956,1,0
1773,2602,2,2026-05-18,1,2,6,44,2,3957,1,0
1774,2603,1,2025-06-30,1,1,3,19,1,3960,1,0
1775,2605,1,2024-01-20,1,15,59,474,15,3963,1,0
1776,2606,2,2023-05-31,1,3,9,65,3,3964,1,0
1777,2607,1,2024-01-29,1,3,10,70,3,3965,1,0
1778,2609,2,2025-07-16,1,1,2,7,1,3969,1,0
1779,2610,1,2024-04-14,1,25,98,805,25,3970,1,0
1780,2610,1,2024-03-29,1,25,98,802,25,3971,1,0
1781,2611,1,2024-11-14,1,16,62,498,16,3972,1,0
1782,2611,1,2024-09-09,1,16,62,498,16,3973,1,0
1783,2613,1,2026-02-14,1,13,49,391,13,3975,1,0
1784,2618,1,2023-09-10,1,3,10,73,3,3984,1,0
1785,2619,1,2025-02-15,1,27,105,857,27,3985,1,0
1786,2622,1,2025-09-28,1,12,48,382,12,3988,1,0
1787,2622,1,2025-11-16,1,12,48,380,12,3989,1,0
1788,2623,1,2025-01-10,1,25,98,800,25,3991,1,0
1789,2623,2,2025-03-01,1,25,98,799,25,3992,1,0
1790,2626,1,2025-08-29,1,5,19,143,5,3995,1,0
1791,2627,1,2024-12-10,1,25,99,811,25,3997,1,0
1792,2628,1,2025-02-03,1,5,18,135,5,3998,1,0
1793,2629,1,2025-12-13,1,25,99,814,25,4000,1,0
1794,2631,1,2026-01-13,1,16,64,511,16,4003,1,0
1795,2632,1,2026-06-04,1,5,19,142,5,4004,1,0
1796,2634,1,2026-07-13,1,12,46,368,12,4009,1,0
1797,2635,1,2026-01-02,1,24,95,777,24,4010,1,0
1798,2636,1,2025-06-02,1,3,10,66,3,4011,1,0
1799,2637,1,2026-08-16,1,7,25,188,7,4012,1,0
1800,2638,1,2026-03-01,1,25,98,800,25,4014,1,0
1801,2639,1,2024-06-06,1,1,4,26,1,4015,1,0
1802,2640,2,2026-06-16,1,27,108,879,27,4018,1,0
1803,2641,1,2026-01-23,1,21,81,659,21,4019,1,0
1804,2642,1,2024-01-12,1,25,100,818,25,4020,1,0
1805,2644,1,2025-09-21,1,17,67,536,17,4023,1,0
1806,2647,1,2025-11-01,1,1,2,8,1,4027,1,0
1807,2653,1,2023-06-01,1,4,15,107,4,4036,1,0
1808,2653,1,2023-03-23,1,4,15,109,4,4037,1,0
1809,2653,2,2023-05-18,1,4,15,112,4,4038,1,0
1810,2654,1,2023-04-06,1,25,97,794,25,4039,1,0
1811,2655,1,2024-06-01,1,10,38,299,10,4040,1,0
1812,2655,1,2024-09-14,1,10,38,297,10,4041,1,0
1813,2656,1,2023-09-16,1,1,4,23,1,4042,1,0
1814,2658,1,2025-10-18,1,8,29,223,8,4044,1,0
1815,2659,1,2023-12-08,1,3,9,65,3,4046,1,0
1816,2660,1,2025-06-18,1,3,9,63,3,4047,1,0
1817,2661,1,2024-02-02,1,1,1,3,1,4049,1,0
1818,2662,1,2026-03-04,1,28,110,896,28,4051,1,0
1819,2665,2,2024-12-20,1,3,11,76,3,4054,1,0
1820,2666,1,2023-11-16,1,1,3,20,1,4057,1,0
1821,2667,1,2026-06-04,1,10,39,308,10,4059,1,0
1822,2668,1,2024-12-15,1,3,10,70,3,4060,1,0
1823,2668,1,2025-01-23,1,3,10,73,3,4061,1,0
1824,2668,1,2024-10-09,1,3,10,71,3,4062,1,0
1825,2669,2,2025-11-21,1,16,64,513,16,4064,1,0
1826,2670,1,2026-07-29,1,24,94,769,24,4065,1,0
1827,2671,1,2025-08-13,1,4,13,94,4,4067,1,0
1828,2673,1,2026-05-11,1,15,57,458,15,4071,1,0
1829,2676,1,2025-05-29,1,1,3,17,1,4074,1,0
1830,2678,1,2024-01-02,1,29,115,934,29,4077,1,0
1831,2679,1,2026-01-17,1,3,9,63,3,4078,1,0
1832,2681,1,2026-07-04,1,8,32,254,8,4083,1,0
1833,2683,2,2025-05-31,1,13,50,403,13,4086,1,0
1834,2684,1,2024-11-02,1,15,58,465,15,4087,1,0
1835,2685,1,2024-10-06,1,19,76,608,19,4088,1,0
1836,2687,1,2026-06-03,1,25,97,789,25,4090,1,0
1837,2689,1,2023-07-09,1,15,58,466,15,4095,1,0
1838,2691,1,2025-11-18,1,29,114,929,29,4098,1,0
1839,2692,1,2023-03-21,1,1,4,26,1,4099,1,0
1840,2694,1,2023-06-06,1,1,1,1,1,4103,1,0
1841,2695,1,2023-12-14,1,17,66,528,17,4105,1,0
1842,2698,1,2024-07-15,1,25,98,803,25,4110,1,0
1843,2699,1,2025-03-13,1,4,15,111,4,4111,1,0
1844,2700,1,2024-11-19,1,18,69,553,18,4112,1,0
1845,2701,1,2026-09-25,1,22,86,701,22,4114,1,0
1846,2703,1,2023-05-12,1,1,2,8,1,4117,1,0
1847,2704,1,2023-05-11,1,1,2,10,1,4120,1,0
1848,2705,2,2024-03-28,1,25,99,813,25,4121,1,0
1849,2706,1,2024-07-03,1,2,5,34,2,4122,1,0
1850,2708,1,2024-02-16,1,31,123,1001,31,4126,1,0
1851,2708,2,2024-04-01,1,31,123,1002,31,4127,1,0
1852,2709,1,2024-12-05,1,25,97,793,25,4129,1,0
1853,2714,1,2023-06-26,1,11,41,329,11,4135,1,0
1854,2715,1,2023-11-09,1,29,116,942,29,4136,1,0
1855,2716,1,2025-04-13,1,13,52,418,13,4137,1,0
1856,2721,1,2025-07-01,1,4,13,90,4,4143,1,0
1857,2722,1,2026-02-27,1,29,116,944,29,4144,1,0
1858,2723,1,2025-08-14,1,25,100,816,25,4148,1,0
1859,2727,1,2026-02-23,1,25,99,810,25,4154,1,0
1860,2728,1,2025-05-18,1,3,12,82,3,4155,1,0
1861,2728,1,2025-04-09,1,3,12,82,3,4156,1,0
1862,2730,1,2025-08-08,1,23,90,733,23,4158,1,0
1863,2732,2,2026-05-13,1,25,97,787,25,4160,1,0
1864,2733,1,2023-02-14,1,4,16,118,4,4163,1,0
1865,2734,1,2025-06-30,1,24,96,781,24,4164,1,0
1866,2735,1,2024-03-27,1,30,118,962,30,4167,1,0
1867,2737,1,2026-05-26,1,29,113,915,29,4169,1,0
1868,2738,1,2025-05-15,1,31,123,999,31,4170,1,0
1869,2739,1,2026-05-14,1,4,13,91,4,4172,1,0
1870,2742,1,2025-08-20,1,14,55,443,14,4175,1,0
1871,2747,1,2026-06-22,1,25,97,791,25,4181,1,0
1872,2749,1,2023-12-15,1,4,13,95,4,4183,1,0
1873,2749,1,2023-11-20,1,4,13,96,4,4184,1,0
1874,2750,1,2025-07-15,1,30,118,958,30,4185,1,0
1875,2751,1,2023-07-05,1,2,8,53,2,4187,1,0
1876,2753,2,2025-11-23,1,4,16,114,4,4190,1,0
1877,2755,1,2025-06-26,1,10,39,308,10,4193,1,0
1878,2756,1,2023-08-12,1,23,90,735,23,4194,1,0
1879,2757,1,2023-10-14,1,3,11,80,3,4195,1,0
1880,2759,1,2025-10-28,1,23,89,725,23,4198,1,0
1881,2761,1,2025-12-27,1,4,13,92,4,4203,1,0
1882,2762,1,2023-11-17,1,15,57,454,15,4204,1,0
1883,2764,1,2024-07-31,1,3,9,63,3,4206,1,0
1884,2765,2,2024-07-30,1,3,11,75,3,4207,1,0
1885,2770,2,2024-05-17,1,25,100,821,25,4213,1,0
1886,2771,2,2026-07-19,1,6,24,175,6,4214,1,0
1887,2775,1,2026-03-27,1,25,97,795,25,4219,1,0
1888,2777,1,2024-09-30,1,21,83,676,21,4222,1,0
1889,2778,2,2025-05-19,1,25,98,802,25,4223,1,0
1890,2778,1,2025-03-28,1,25,98,800,25,4224,1,0
1891,2779,1,2023-04-14,1,30,120,980,30,4225,1,0
1892,2781,1,2025-11-26,1,27,108,876,27,4229,1,0
1893,2782,1,2023-10-13,1,17,65,520,17,4230,1,0
1894,2785,1,2024-08-12,1,22,88,717,22,4233,1,0
1895,2786,1,2023-08-25,1,23,92,753,23,4236,1,0
1896,2790,2,2025-02-23,1,4,14,104,4,4240,1,0
1897,2791,1,2026-06-14,1,18,72,579,18,4242,1,0
1898,2792,1,2025-04-23,1,21,83,673,21,4244,1,0
1899,2792,1,2025-04-25,1,21,83,676,21,4245,1,0
1900,2794,1,2024-08-01,1,1,4,26,1,4247,1,0
1901,2795,1,2023-06-24,1,28,109,884,28,4248,1,0
1902,2796,1,2024-10-22,1,6,23,174,6,4250,1,0
1903,2797,1,2025-09-15,1,22,87,705,22,4251,1,0
1904,2798,1,2023-06-30,1,25,100,821,25,4252,1,0
1905,2800,1,2026-07-26,1,3,9,59,3,4255,1,0
1906,2801,1,2025-07-11,1,13,51,413,13,4256,1,0
1907,2807,1,2026-01-07,1,23,91,744,23,4263,1,0
1908,2808,1,2023-12-20,1,16,64,509,16,4264,1,0
1909,2811,1,2026-08-31,1,1,3,14,1,4270,1,0
1910,2813,1,2024-09-16,1,18,70,564,18,4272,1,0
1911,2814,1,2026-08-25,1,27,108,881,27,4273,1,0
1912,2815,1,2023-04-27,1,25,98,805,25,4274,1,0
1913,2817,2,2024-05-01,1,2,5,35,2,4276,1,0
1914,2819,1,2024-01-21,1,24,96,782,24,4282,1,0
1915,2820,1,2025-05-15,1,12,48,377,12,4283,1,0
1916,2821,2,2023-05-31,1,6,22,160,6,4284,1,0
1917,2823,1,2024-02-13,1,18,71,567,18,4286,1,0
1918,2825,1,2025-04-01,1,4,13,90,4,4289,1,0
1919,2827,1,2024-08-19,1,23,91,740,23,4291,1,0
1920,2831,1,2024-05-21,1,26,101,825,26,4296,1,0
1921,2831,1,2024-07-19,1,26,101,825,26,4297,1,0
1922,2833,1,2023-10-19,1,23,91,740,23,4299,1,0
1923,2836,2,2023-12-31,1,18,71,569,18,4302,1,0
1924,2837,2,2024-01-15,1,4,15,109,4,4305,1,0
1925,2838,1,2024-03-27,1,19,76,607,19,4306,1,0
1926,2839,1,2026-04-01,1,10,40,314,10,4308,1,0
1927,2840,1,2023-09-09,1,1,4,24,1,4309,1,0
1928,2841,1,2024-03-10,1,25,100,816,25,4311,1,0
1929,2844,1,2024-10-22,1,24,94,767,24,4314,1,0
1930,2845,2,2025-04-20,1,2,5,39,2,4315,1,0
1931,2846,1,2025-10-23,1,4,14,102,4,4316,1,0
1932,2848,1,2026-07-16,1,21,81,656,21,4318,1,0
1933,2849,1,2023-05-14,1,5,19,138,5,4320,1,0
1934,2850,1,2024-07-08,1,4,16,118,4,4321,1,0
1935,2853,1,2024-11-22,1,10,37,287,10,4327,1,0
1936,2854,1,2026-06-24,1,23,91,739,23,4328,1,0
1937,2854,1,2026-05-09,1,23,91,739,23,4329,1,0
1938,2854,1,2026-05-10,1,23,91,741,23,4330,1,0
1939,2857,1,2025-04-08,1,1,3,14,1,4333,1,0
1940,2858,1,2025-12-16,1,25,100,816,25,4334,1,0
1941,2861,1,2023-09-20,1,8,31,242,8,4337,1,0
1942,2863,1,2023-09-10,1,14,53,424,14,4341,1,0
1943,2863,1,2023-11-26,1,14,53,429,14,4342,1,0
1944,2864,1,2023-12-16,1,25,100,818,25,4343,1,0
1945,2866,1,2024-07-24,1,4,15,107,4,4345,1,0
1946,2869,1,2025-10-28,1,1,2,12,1,4349,1,0
1947,2871,1,2025-11-22,1,4,15,109,4,4351,1,0
1948,2871,1,2025-10-05,1,4,15,107,4,4352,1,0
1949,2872,1,2023-03-05,1,22,88,717,22,4353,1,0
1950,2873,1,2026-03-31,1,2,5,32,2,4354,1,0
1951,2876,1,2024-01-20,1,8,31,239,8,4358,1,0
1952,2880,1,2025-09-24,1,24,94,766,24,4363,1,0
1953,2881,1,2023-11-13,1,27,105,855,27,4364,1,0
1954,2883,1,2025-05-15,1,14,54,437,14,4366,1,0
1955,2884,1,2023-11-24,1,27,107,868,27,4368,1,0
1956,2886,1,2026-01-20,1,25,99,806,25,4372,1,0
1957,2888,1,2024-04-18,1,25,97,794,25,4374,1,0
1958,2890,2,2024-10-03,1,5,17,125,5,4376,1,0
1959,2890,1,2024-11-22,1,5,17,128,5,4377,1,0
1960,2891,1,2023-12-22,1,1,1,1,1,4378,1,0
1961,2895,1,2026-02-10,1,25,97,788,25,4382,1,0
1962,2895,1,2025-12-24,1,25,97,794,25,4383,1,0
1963,2895,1,2025-10-31,1,25,97,794,25,4384,1,0
1964,2896,1,2024-01-04,1,25,98,801,25,4385,1,0
1965,2897,1,2023-11-27,1,23,89,721,23,4386,1,0
1966,2899,1,2025-07-07,1,15,59,469,15,4388,1,0
1967,2900,1,2026-09-27,1,26,101,823,26,4391,1,0
1968,2901,1,2024-11-18,1,16,63,500,16,4392,1,0
1969,2904,1,2025-04-06,1,21,84,685,21,4395,1,0
1970,2909,1,2025-01-19,1,1,2,11,1,4402,1,0
1971,2911,1,2023-05-02,1,27,105,861,27,4405,1,0
1972,2912,1,2024-06-02,1,30,120,974,30,4406,1,0
1973,2912,1,2024-06-24,1,30,120,974,30,4407,1,0
1974,2913,1,2026-06-25,1,5,17,123,5,4408,1,0
1975,2914,1,2026-06-02,1,15,59,475,15,4409,1,0
1976,2918,2,2025-08-18,1,4,16,117,4,4414,1,0
1977,2919,1,2024-07-19,1,30,119,964,30,4415,1,0
1978,2920,1,2024-09-12,1,15,58,465,15,4416,1,0
1979,2921,1,2023-06-13,1,20,79,641,20,4418,1,0
1980,2922,1,2026-04-06,1,4,16,120,4,4419,1,0
1981,2924,1,2023-12-20,1,15,59,476,15,4421,1,0
1982,2925,1,2025-07-09,1,4,15,111,4,4422,1,0
1983,2926,1,2024-06-21,1,23,92,748,23,4424,1,0
1984,2927,1,2026-02-09,1,25,99,814,25,4425,1,0
1985,2931,1,2024-10-04,1,24,95,779,24,4431,1,0
1986,2934,1,2023-09-10,1,3,9,65,3,4434,1,0
1987,2935,1,2023-02-07,1,11,43,345,11,4435,1,0
1988,2936,1,2025-01-08,1,1,1,3,1,4436,1,0
1989,2938,1,2025-08-16,1,27,108,879,27,4438,1,0
1990,2939,1,2025-01-18,1,4,15,107,4,4439,1,0
1991,2941,1,2026-07-28,1,28,112,913,28,4441,1,0
1992,2944,1,2025-04-22,1,18,72,577,18,4445,1,0
1993,2948,1,2026-01-05,1,23,90,735,23,4449,1,0
1994,2949,1,2025-03-26,1,1,3,21,1,4450,1,0
1995,2949,1,2025-04-25,1,1,3,21,1,4451,1,0
1996,2955,1,2026-01-19,1,24,96,782,24,4458,1,0
1997,2955,1,2026-01-01,1,24,96,781,24,4459,1,0
1998,2956,1,2023-06-22,1,6,21,155,6,4460,1,0
1999,2959,1,2024-09-16,1,29,115,937,29,4463,1,0
2000,2960,1,2024-10-21,1,19,73,589,19,4464,1,0
2001,2962,1,2024-06-25,1,19,74,595,19,4467,1,0
2002,2964,1,2025-10-05,1,15,58,465,15,4469,1,0
2003,2966,1,2025-11-22,1,28,111,901,28,4472,1,0
2004,2967,1,2024-03-07,1,21,81,653,21,4473,1,0
2005,2967,1,2024-03-06,1,21,81,659,21,4474,1,0
2006,2968,1,2025-06-17,1,12,46,363,12,4475,1,0
2007,2968,2,2025-06-12,1,12,46,365,12,4476,1,0
2008,2969,1,2026-06-11,1,27,105,857,27,4477,1,0
2009,2970,1,2024-12-27,1,1,4,24,1,4478,1,0
2010,2972,1,2025-05-04,1,27,105,855,27,4480,1,0
2011,2976,1,2024-03-16,1,20,78,626,20,4484,1,0
2012,2977,1,2023-07-22,1,8,30,229,8,4485,1,0
2013,2980,1,2023-08-27,1,4,16,115,4,4488,1,0
2014,2983,1,2023-03-16,1,1,3,20,1,4496,1,0
2015,2985,1,2023-12-27,1,16,64,509,16,4498,1,0
2016,2988,1,2023-04-25,1,20,79,642,20,4502,1,0
2017,2988,1,2023-04-30,1,20,79,635,20,4503,1,0
2018,2995,1,2024-03-03,1,25,98,799,25,4511,1,0
2019,2996,1,2023-11-06,1,25,97,788,25,4513,1,0
