CSID,CaseMasterID,csdate,cstype,PolicePersonID
1,1,2025-10-19 00:34:14,A,27
2,2,2026-08-15 23:11:14,A,64
3,4,2026-09-28 22:33:44,C,78
4,7,2026-08-17 03:56:16,B,85
5,8,2024-04-11 20:13:16,A,10
6,11,2025-02-11 16:38:08,A,64
7,14,2024-07-19 18:42:41,C,11
8,17,2024-02-23 13:45:46,A,792
9,19,2024-05-16 21:50:32,A,800
10,20,2024-01-17 20:38:44,A,802
11,21,2024-11-05 13:23:16,B,820
12,23,2025-01-21 06:46:26,A,790
13,25,2026-02-21 20:15:34,C,817
14,26,2025-09-03 14:16:18,B,794
15,27,2025-05-26 16:48:58,A,812
16,30,2024-10-12 18:55:10,A,807
17,31,2023-08-25 20:43:45,A,820
18,33,2026-06-24 20:18:48,A,806
19,34,2025-07-20 11:50:10,A,791
20,36,2025-04-15 14:38:38,A,815
21,37,2024-01-15 11:11:15,A,798
22,38,2026-04-20 09:50:02,A,817
23,39,2023-11-06 05:35:38,A,796
24,40,2025-04-03 11:56:49,A,795
25,43,2023-11-25 10:20:40,A,798
26,44,2024-06-19 18:57:24,A,796
27,45,2026-03-12 04:55:58,B,816
28,46,2025-05-17 13:25:05,C,807
29,47,2025-06-12 21:57:10,C,821
30,51,2026-09-27 15:36:52,C,815
31,52,2025-11-03 18:00:58,A,794
32,53,2024-01-03 04:15:09,A,792
33,54,2025-04-29 02:58:33,C,793
34,56,2025-04-03 15:54:11,A,805
35,61,2024-04-24 11:38:02,C,812
36,64,2025-02-22 08:59:42,C,820
37,65,2023-05-10 22:25:10,A,811
38,66,2023-04-05 00:57:16,C,806
39,67,2023-08-13 14:33:34,C,789
40,68,2024-10-19 01:35:06,A,802
41,69,2024-07-06 09:41:40,C,816
42,73,2025-08-08 10:08:27,B,815
43,76,2025-04-06 16:32:41,A,792
44,78,2025-07-05 07:10:15,B,807
45,80,2023-06-29 23:03:25,A,817
46,84,2024-02-05 00:26:45,A,815
47,85,2026-06-06 10:40:33,A,821
48,86,2023-12-28 02:31:16,A,790
49,89,2023-07-21 23:20:37,A,806
50,91,2025-03-31 04:28:24,C,789
51,93,2024-12-06 15:52:06,C,798
52,94,2024-12-25 04:29:54,A,789
53,95,2023-06-26 00:18:18,A,817
54,96,2025-08-04 05:38:32,A,804
55,97,2024-05-31 13:29:15,C,790
56,99,2026-04-13 16:52:19,C,822
57,100,2025-03-20 09:05:33,C,818
58,102,2023-10-20 21:17:14,C,790
59,104,2024-07-13 22:59:19,A,816
60,105,2026-01-03 04:34:36,A,811
61,106,2024-05-17 02:59:27,A,810
62,107,2024-03-20 03:17:14,C,798
63,108,2024-06-09 10:46:37,A,803
64,109,2025-09-30 20:27:02,A,794
65,110,2024-06-27 15:14:24,A,801
66,112,2024-11-21 22:24:48,B,817
67,114,2024-04-15 23:27:02,C,793
68,116,2024-02-29 00:03:00,A,792
69,118,2024-10-27 16:22:06,B,806
70,121,2025-02-28 15:14:53,A,814
71,123,2025-10-15 12:31:14,A,809
72,124,2025-10-24 09:16:17,A,815
73,125,2025-02-13 18:28:15,C,789
74,127,2025-08-12 19:09:01,A,810
75,129,2025-11-02 01:57:37,A,791
76,130,2024-03-08 13:01:49,A,803
77,132,2023-09-02 21:44:58,B,817
78,134,2024-10-24 01:08:29,C,809
79,136,2023-03-25 22:39:31,A,645
80,137,2023-12-11 05:17:27,A,481
81,138,2025-09-24 23:30:07,A,16
82,139,2025-11-05 08:43:06,A,44
83,142,2025-09-23 18:38:25,A,791
84,144,2025-06-04 05:36:40,C,200
85,145,2026-09-04 08:04:20,C,778
86,148,2026-06-02 02:38:12,C,127
87,151,2024-02-24 00:39:55,C,247
88,153,2025-11-27 09:45:55,B,878
89,154,2025-02-09 19:08:08,A,379
90,158,2025-04-07 00:43:24,B,172
91,159,2025-08-02 07:24:36,A,734
92,160,2024-07-19 16:23:12,C,609
93,163,2023-04-04 07:32:32,C,787
94,164,2024-12-31 20:15:24,A,594
95,165,2026-05-27 06:20:53,A,296
96,166,2026-04-15 10:10:06,C,1
97,169,2024-10-12 22:47:16,C,855
98,170,2025-09-12 13:06:13,A,388
99,171,2025-12-11 21:30:39,C,347
100,172,2026-08-07 22:24:47,A,976
101,174,2025-05-13 14:13:07,A,380
102,175,2026-05-10 09:11:49,A,179
103,176,2024-06-05 05:29:47,A,767
104,178,2024-04-22 01:38:22,C,2
105,180,2026-03-18 20:58:41,C,801
106,182,2025-04-01 05:23:13,A,12
107,183,2026-09-11 18:31:41,A,662
108,184,2023-10-15 08:09:50,A,821
109,185,2025-07-26 20:56:13,A,455
110,187,2025-06-05 05:31:00,A,579
111,188,2023-07-15 08:13:12,A,377
112,190,2024-02-08 15:37:24,A,102
113,192,2025-04-17 13:17:58,A,632
114,194,2026-01-18 00:30:46,A,118
115,195,2024-07-13 10:46:45,A,107
116,197,2026-09-24 11:20:56,C,851
117,199,2025-07-22 12:24:45,A,802
118,201,2024-11-23 10:25:33,A,410
119,203,2023-10-11 08:50:22,A,744
120,204,2024-07-12 20:57:39,C,341
121,205,2024-05-14 08:25:59,B,911
122,209,2025-11-21 20:45:44,A,418
123,211,2024-12-30 04:01:31,C,592
124,213,2026-07-14 02:22:02,A,100
125,214,2026-07-09 01:23:41,A,803
126,215,2024-08-13 14:23:44,A,1
127,217,2023-08-05 18:03:25,A,501
128,220,2026-04-22 04:23:27,A,51
129,223,2025-12-30 13:18:23,A,517
130,226,2026-09-23 07:35:20,C,698
131,227,2024-07-08 17:07:45,A,73
132,228,2025-06-08 19:07:17,A,490
133,229,2024-09-12 13:40:42,B,787
134,230,2024-02-12 10:10:55,A,816
135,231,2024-02-19 22:40:04,C,19
136,234,2024-07-18 00:59:10,A,137
137,235,2026-10-19 04:08:31,A,4
138,238,2025-11-30 09:55:19,A,802
139,241,2024-07-20 08:18:26,C,441
140,242,2025-09-17 12:11:22,B,769
141,243,2025-01-31 03:15:41,A,897
142,245,2025-09-07 06:12:48,C,87
143,247,2024-11-12 19:09:28,A,839
144,248,2025-06-19 00:37:30,A,10
145,250,2026-05-24 03:31:49,C,108
146,251,2026-02-23 01:55:50,A,897
147,253,2024-10-18 06:13:39,A,104
148,254,2023-07-17 19:03:53,A,988
149,258,2023-10-03 16:48:08,C,788
150,259,2024-09-16 23:08:27,C,917
151,261,2023-04-15 11:08:11,A,100
152,262,2023-12-21 08:03:13,A,822
153,263,2023-04-22 11:57:31,A,121
154,264,2023-03-20 11:33:30,C,634
155,265,2023-11-21 21:41:47,A,788
156,266,2025-12-30 17:06:53,C,789
157,267,2026-02-28 18:14:08,A,556
158,269,2025-01-22 23:37:37,A,546
159,270,2025-05-10 13:44:52,B,830
160,272,2023-08-12 00:32:11,A,662
161,273,2025-06-28 13:49:34,A,626
162,274,2026-11-12 15:38:26,A,744
163,275,2026-01-14 09:30:19,C,127
164,276,2025-05-06 19:28:13,A,662
165,278,2025-01-18 16:18:03,A,488
166,279,2024-04-03 20:13:12,C,90
167,280,2025-06-20 11:30:03,A,781
168,281,2025-12-29 08:17:11,B,563
169,283,2024-03-28 02:05:57,A,121
170,285,2026-08-29 01:25:56,A,374
171,286,2025-09-22 00:32:00,A,781
172,287,2024-03-15 00:28:34,A,618
173,288,2025-07-25 00:35:28,A,503
174,289,2025-07-08 13:57:34,C,58
175,293,2025-01-20 13:03:15,A,584
176,295,2024-10-31 06:23:34,A,3
177,297,2026-12-01 00:55:14,A,787
178,298,2024-01-14 09:50:14,A,46
179,299,2025-03-03 10:26:52,A,845
180,300,2025-06-12 03:49:19,A,211
181,301,2025-09-18 15:54:40,B,20
182,303,2025-10-10 03:35:57,A,588
183,305,2023-07-25 05:06:31,A,1001
184,306,2023-04-03 15:53:18,A,861
185,308,2025-03-29 19:28:03,C,260
186,312,2024-12-22 20:23:23,B,356
187,313,2024-11-26 14:31:45,A,827
188,314,2024-04-02 16:40:52,A,102
189,316,2024-11-03 18:36:22,A,795
190,317,2025-03-04 13:22:50,A,376
191,318,2026-08-11 12:15:18,A,327
192,320,2023-12-22 07:35:41,A,112
193,323,2026-02-05 17:06:15,A,858
194,325,2025-03-31 02:44:18,A,463
195,328,2026-02-06 16:14:34,A,1008
196,330,2024-10-02 20:21:27,C,8
197,332,2025-07-30 00:52:20,C,256
198,333,2024-03-06 19:24:02,A,7
199,334,2026-11-24 17:05:54,A,106
200,338,2025-07-26 13:30:07,A,568
201,340,2023-05-29 01:09:44,C,488
202,341,2023-05-02 02:31:14,A,572
203,342,2026-02-19 03:39:50,C,138
204,343,2026-06-09 02:10:36,A,8
205,344,2026-01-11 16:35:33,A,667
206,345,2026-05-13 17:00:13,A,234
207,346,2025-06-23 10:36:17,B,247
208,349,2023-05-02 20:18:37,C,495
209,351,2026-10-16 11:53:57,C,92
210,352,2025-01-20 10:47:20,C,569
211,353,2024-09-13 15:11:19,A,170
212,354,2025-10-28 01:47:56,A,810
213,355,2025-05-17 21:16:30,A,495
214,357,2024-02-16 10:22:58,A,190
215,358,2026-11-29 19:52:43,A,463
216,359,2025-05-21 22:49:24,A,931
217,360,2026-04-27 03:26:43,B,948
218,361,2024-08-03 06:10:52,A,842
219,364,2026-09-07 19:36:48,A,565
220,365,2023-11-02 03:08:39,C,806
221,367,2024-03-04 03:13:52,B,619
222,368,2023-11-12 14:08:36,A,589
223,371,2023-07-15 10:45:11,C,707
224,376,2024-03-28 22:56:58,A,870
225,378,2024-11-01 10:12:00,A,7
226,379,2023-10-23 07:53:36,B,187
227,381,2025-02-19 21:26:15,C,958
228,382,2026-04-12 18:34:26,C,204
229,383,2024-10-29 03:43:31,B,7
230,385,2025-06-21 17:16:33,A,393
231,386,2024-11-23 02:00:39,A,391
232,388,2023-10-28 19:05:32,C,28
233,389,2025-07-12 08:24:55,C,10
234,390,2025-01-31 13:24:18,A,117
235,392,2025-08-18 10:36:31,A,17
236,394,2023-04-27 05:10:38,A,802
237,395,2025-09-03 03:05:39,A,120
238,396,2026-04-22 16:24:46,A,491
239,397,2025-02-14 10:06:45,A,788
240,398,2026-03-25 19:25:40,C,950
241,400,2025-02-05 03:44:52,A,12
242,403,2025-09-19 02:49:56,A,5
243,404,2023-07-18 12:19:26,C,263
244,405,2025-10-25 18:43:56,C,29
245,407,2026-04-11 22:19:10,A,880
246,409,2025-07-12 12:03:23,C,519
247,411,2024-05-11 06:31:31,C,13
248,414,2025-03-02 19:48:59,A,516
249,416,2026-01-22 16:25:15,A,387
250,417,2025-04-22 06:01:20,A,454
251,418,2026-02-08 18:16:49,A,1
252,419,2023-03-01 02:50:15,A,15
253,420,2026-06-16 06:37:21,A,241
254,422,2024-05-22 19:53:29,C,14
255,423,2023-12-26 14:22:10,A,821
256,424,2024-03-06 03:43:38,A,28
257,425,2025-07-16 00:29:17,C,234
258,426,2024-12-18 22:14:12,C,820
259,427,2025-07-16 08:35:15,C,439
260,428,2025-06-25 04:51:37,C,11
261,429,2024-10-10 13:12:20,A,602
262,430,2025-09-23 18:08:48,A,991
263,431,2024-01-17 22:51:57,A,118
264,433,2023-11-20 19:22:28,A,861
265,434,2024-04-06 06:11:31,A,821
266,435,2026-09-09 20:44:22,A,998
267,439,2023-12-07 03:27:05,A,130
268,442,2024-05-05 11:04:50,C,1014
269,444,2024-10-17 08:52:15,A,970
270,447,2025-02-03 19:06:12,A,21
271,448,2026-04-16 20:50:23,A,128
272,449,2025-05-17 00:18:30,A,4
273,450,2023-08-11 08:32:05,C,247
274,451,2024-08-04 07:27:42,A,488
275,453,2024-12-28 15:11:36,A,825
276,455,2023-04-27 20:25:57,B,648
277,456,2024-06-01 14:05:21,A,810
278,458,2023-06-20 05:31:00,A,907
279,460,2024-12-03 06:06:40,A,100
280,465,2025-12-14 09:03:20,C,331
281,467,2024-02-01 22:44:29,A,570
282,468,2026-01-12 01:30:20,A,811
283,469,2024-12-15 23:50:22,A,811
284,470,2024-07-06 15:10:12,C,401
285,473,2026-05-01 08:15:14,A,746
286,474,2023-04-14 15:24:43,A,8
287,476,2025-09-22 08:50:00,B,23
288,479,2023-11-13 04:38:41,C,382
289,480,2026-01-02 08:45:22,A,293
290,481,2023-06-13 15:10:27,C,16
291,482,2024-03-11 20:13:01,A,591
292,483,2026-04-21 03:12:51,A,681
293,484,2025-03-08 15:54:07,A,2
294,486,2024-09-11 20:10:43,C,793
295,487,2024-04-09 13:20:36,A,576
296,488,2023-05-22 17:29:32,A,103
297,489,2024-05-06 11:36:46,A,808
298,490,2025-01-15 13:35:05,C,212
299,491,2024-01-13 11:10:58,A,689
300,493,2026-07-07 16:53:49,A,748
301,494,2024-05-22 15:20:28,A,39
302,499,2025-09-07 01:47:26,C,285
303,501,2026-08-17 20:58:10,A,100
304,503,2023-12-10 19:21:13,A,714
305,504,2025-08-09 00:42:06,A,109
306,505,2023-05-23 20:18:51,A,25
307,508,2026-08-01 13:55:23,A,790
308,510,2025-06-30 21:49:33,C,774
309,512,2026-07-31 17:42:22,A,155
310,513,2024-07-31 01:18:56,C,997
311,517,2024-06-10 17:55:36,A,226
312,520,2023-12-01 02:23:15,A,680
313,523,2026-01-30 05:19:41,A,39
314,524,2025-01-12 19:51:01,B,19
315,528,2025-03-13 03:52:08,A,377
316,529,2025-03-09 05:38:42,A,29
317,533,2025-02-28 03:15:51,C,228
318,535,2026-09-10 07:20:26,A,797
319,536,2023-03-19 11:30:01,C,815
320,537,2023-08-30 00:05:50,B,108
321,538,2023-09-15 07:55:49,A,456
322,539,2023-05-23 17:34:05,A,120
323,540,2024-03-16 22:07:45,C,393
324,541,2026-08-04 05:58:50,C,642
325,542,2026-01-23 02:08:45,A,340
326,543,2024-04-24 07:30:57,A,970
327,544,2023-09-26 00:43:47,C,996
328,546,2025-07-26 12:54:00,A,961
329,549,2023-07-11 04:43:04,C,3
330,550,2025-08-04 23:59:57,A,28
331,552,2026-04-24 08:14:54,A,101
332,553,2024-09-08 13:25:23,B,605
333,554,2024-06-14 07:08:01,C,16
334,555,2024-08-19 05:35:53,A,111
335,556,2024-10-24 02:28:07,A,293
336,558,2026-02-09 10:23:07,A,41
337,564,2025-09-27 07:13:51,A,106
338,566,2026-07-07 05:21:44,A,900
339,567,2026-03-27 05:31:37,C,1002
340,569,2026-04-03 09:41:36,A,803
341,570,2026-07-21 17:10:55,C,959
342,573,2024-11-07 06:20:49,B,820
343,574,2025-10-23 13:43:02,B,300
344,575,2023-09-02 09:02:15,C,669
345,576,2025-01-27 06:38:20,A,704
346,577,2023-12-09 17:47:37,A,888
347,578,2025-07-21 06:46:41,C,516
348,579,2026-01-24 05:47:24,A,144
349,580,2024-01-20 23:51:49,A,7
350,581,2023-10-29 16:52:46,A,91
351,582,2024-04-14 09:53:31,A,121
352,584,2025-02-15 10:30:20,A,27
353,585,2023-05-24 03:16:06,A,57
354,587,2025-02-06 06:07:52,A,109
355,588,2025-02-12 08:56:32,A,899
356,589,2023-04-11 23:21:54,A,3
357,590,2024-04-28 09:38:05,A,27
358,592,2025-10-08 19:10:30,C,203
359,593,2026-09-17 04:35:55,A,350
360,594,2024-07-13 23:08:08,A,15
361,596,2023-05-04 21:08:45,A,106
362,597,2023-09-28 02:08:09,C,437
363,598,2024-03-31 07:07:29,A,107
364,599,2026-02-08 23:05:37,A,12
365,600,2023-10-19 23:54:01,A,444
366,601,2025-12-14 03:35:44,B,360
367,602,2024-09-23 12:14:02,A,686
368,603,2026-06-28 14:10:54,A,803
369,606,2024-08-07 08:16:57,C,259
370,607,2023-08-03 12:16:18,A,781
371,609,2024-05-05 14:27:14,C,5
372,610,2026-03-03 19:43:23,A,178
373,611,2023-06-30 02:50:14,A,97
374,613,2024-10-09 01:28:43,A,694
375,616,2026-09-11 01:37:34,A,248
376,618,2023-11-11 21:05:08,A,1010
377,619,2023-09-07 05:28:42,B,11
378,622,2024-12-02 17:54:25,A,323
379,624,2024-12-03 04:40:59,A,364
380,625,2026-01-08 07:29:32,C,433
381,627,2024-04-09 18:39:04,A,845
382,628,2024-07-13 10:50:09,C,756
383,629,2025-05-07 17:11:24,A,117
384,632,2023-12-27 02:22:11,A,804
385,633,2025-09-14 08:01:01,A,105
386,635,2024-12-26 05:27:16,A,25
387,638,2026-08-24 03:11:26,C,807
388,642,2023-04-05 05:14:28,B,872
389,644,2023-11-24 05:34:49,C,456
390,645,2023-06-28 10:25:06,A,110
391,646,2026-03-16 14:01:26,A,9
392,647,2024-04-15 06:32:08,C,802
393,648,2024-08-08 21:20:12,C,3
394,649,2024-10-10 19:06:26,A,843
395,650,2025-11-25 08:54:40,A,876
396,651,2023-06-24 15:55:09,A,199
397,652,2025-09-02 04:44:21,C,132
398,653,2023-05-22 17:04:10,A,630
399,659,2025-11-14 07:22:31,A,168
400,660,2024-10-19 19:11:16,A,599
401,662,2024-08-23 14:08:40,C,8
402,663,2024-03-20 19:26:03,C,807
403,664,2026-08-22 15:02:16,A,960
404,666,2026-05-22 11:51:24,A,88
405,669,2026-07-17 01:43:50,A,131
406,670,2024-08-03 19:59:12,A,101
407,671,2023-07-19 15:34:54,A,423
408,672,2023-07-30 22:08:29,A,258
409,674,2023-07-04 08:41:09,B,567
410,675,2026-05-03 03:08:36,A,346
411,676,2024-08-10 15:09:14,B,477
412,679,2026-03-05 11:16:31,A,805
413,680,2023-07-09 13:10:51,C,1013
414,681,2025-04-04 22:00:38,C,118
415,682,2024-03-06 22:09:18,C,105
416,683,2024-10-08 19:36:46,A,193
417,684,2024-02-19 07:28:33,B,12
418,685,2026-08-07 08:13:15,A,717
419,687,2025-02-08 11:05:08,A,113
420,688,2024-08-30 04:46:16,A,720
421,689,2024-03-23 22:33:44,A,703
422,690,2026-02-25 11:27:04,C,24
423,691,2024-05-28 14:36:08,A,436
424,692,2026-05-29 06:41:26,A,63
425,693,2025-02-09 21:35:24,A,347
426,694,2023-11-29 23:49:25,C,467
427,696,2026-10-01 17:54:18,C,4
428,697,2025-04-29 12:01:17,B,617
429,699,2025-08-01 01:21:33,A,818
430,701,2023-06-30 09:59:25,C,234
431,702,2026-01-15 09:12:19,A,7
432,703,2024-08-17 18:40:13,C,864
433,704,2026-01-29 14:30:40,C,431
434,706,2025-05-16 04:18:10,B,745
435,708,2026-04-03 04:22:50,C,253
436,710,2023-11-30 07:36:31,A,998
437,711,2025-09-07 10:11:37,A,94
438,712,2026-07-24 20:08:39,A,277
439,713,2025-10-01 11:49:37,A,791
440,714,2025-11-24 19:21:11,A,26
441,715,2023-11-15 20:56:01,B,809
442,716,2024-11-15 23:35:09,A,407
443,717,2024-12-26 14:01:18,A,800
444,719,2026-06-28 13:07:08,C,2
445,720,2024-08-14 16:15:02,A,4
446,721,2025-09-27 09:10:42,A,789
447,722,2025-08-15 05:12:14,A,948
448,723,2024-01-09 23:42:12,C,655
449,724,2023-10-01 22:26:02,A,63
450,725,2023-10-16 18:26:41,B,457
451,726,2023-12-12 14:27:04,C,802
452,727,2025-11-19 01:58:19,A,870
453,728,2025-03-01 09:39:28,A,819
454,729,2025-10-05 04:57:53,C,304
455,730,2023-08-16 19:29:48,A,90
456,733,2024-07-13 10:41:40,C,19
457,734,2024-11-10 13:23:08,C,109
458,736,2024-08-12 00:21:21,A,784
459,737,2023-06-29 18:34:30,A,6
460,738,2023-10-13 04:07:35,A,486
461,739,2024-07-20 17:05:39,A,432
462,740,2024-11-13 18:22:49,A,802
463,742,2025-05-13 17:13:10,A,637
464,743,2023-02-21 12:03:03,C,504
465,744,2023-04-30 20:46:02,A,763
466,745,2025-07-26 15:18:58,A,95
467,747,2024-10-02 08:58:16,C,789
468,748,2024-09-17 01:34:39,A,492
469,749,2023-11-22 00:04:52,A,431
470,750,2025-06-17 17:43:42,C,11
471,753,2024-01-12 17:44:57,A,59
472,754,2024-05-25 23:11:52,A,202
473,755,2026-05-20 15:13:16,A,295
474,760,2026-03-08 19:02:33,B,794
475,761,2024-01-21 00:41:17,A,498
476,764,2026-05-10 04:33:34,A,8
477,765,2023-07-08 06:06:05,A,591
478,766,2023-12-14 09:27:26,C,610
479,768,2025-09-03 18:17:15,C,212
480,769,2023-06-19 05:08:35,C,111
481,770,2024-08-13 18:01:56,B,206
482,771,2024-08-31 04:05:33,A,869
483,772,2025-09-30 03:20:18,C,668
484,773,2026-10-09 23:28:41,C,17
485,774,2024-04-25 07:39:11,A,851
486,776,2026-02-13 08:57:30,C,810
487,777,2023-11-27 19:53:12,B,495
488,780,2026-02-05 15:42:04,B,101
489,782,2025-05-10 02:30:52,B,110
490,783,2024-09-14 08:09:08,C,592
491,786,2024-09-13 10:38:00,A,51
492,787,2025-08-14 09:52:49,A,843
493,788,2024-01-11 16:45:07,A,100
494,790,2025-04-16 10:22:39,C,793
495,791,2025-05-05 07:58:30,C,245
496,792,2025-11-07 03:00:01,A,460
497,795,2023-10-27 16:35:10,A,17
498,797,2025-02-12 08:41:10,C,585
499,801,2024-01-22 18:30:42,C,351
500,802,2023-06-14 23:44:06,C,802
501,805,2026-02-23 23:37:41,A,542
502,806,2023-12-30 13:47:39,C,151
503,807,2026-04-05 11:34:56,A,187
504,808,2024-01-20 13:53:07,C,817
505,809,2026-09-08 03:01:07,A,479
506,810,2023-03-31 23:12:49,A,523
507,811,2024-05-23 04:34:34,A,558
508,813,2024-04-17 19:29:22,A,758
509,814,2024-02-25 06:55:18,A,867
510,816,2024-03-11 20:29:53,A,29
511,817,2024-09-25 11:01:26,A,155
512,818,2023-08-16 03:27:34,A,886
513,819,2023-10-21 07:05:39,A,656
514,823,2025-07-11 15:44:35,A,704
515,825,2023-08-03 16:43:38,A,108
516,827,2024-09-19 07:15:55,A,909
517,828,2026-06-28 15:08:49,A,777
518,830,2024-01-27 08:31:48,A,401
519,831,2025-12-06 17:44:11,C,129
520,832,2023-06-23 19:14:23,C,912
521,834,2025-03-30 13:10:41,A,113
522,835,2024-03-18 20:03:56,A,791
523,838,2025-04-04 08:16:35,A,95
524,840,2024-04-09 10:10:29,A,801
525,842,2023-07-21 15:13:38,A,120
526,844,2025-08-28 16:10:10,A,436
527,845,2023-07-26 13:56:59,A,668
528,846,2026-05-25 08:07:58,C,813
529,847,2024-01-26 23:26:38,B,67
530,848,2024-12-09 20:46:25,A,16
531,849,2025-01-15 05:01:12,A,175
532,850,2025-12-20 22:04:58,C,433
533,851,2023-12-27 22:52:18,A,134
534,852,2024-05-21 19:18:46,A,659
535,853,2023-08-26 16:05:03,C,428
536,854,2026-08-22 02:13:58,C,29
537,856,2025-05-29 05:11:04,A,920
538,857,2023-08-13 00:53:19,B,821
539,858,2026-05-16 02:15:52,C,955
540,860,2026-08-10 10:26:12,B,148
541,862,2025-07-10 17:47:59,C,22
542,865,2025-02-12 06:33:39,A,42
543,866,2025-05-13 11:58:22,A,229
544,867,2025-12-03 01:39:15,A,162
545,868,2026-06-01 11:15:40,A,316
546,872,2023-10-12 02:39:21,A,441
547,873,2025-05-05 23:28:41,A,329
548,875,2025-05-28 09:21:39,A,299
549,876,2025-04-15 06:47:48,A,362
550,877,2023-08-03 14:38:41,A,97
551,878,2023-07-23 19:40:51,A,196
552,879,2024-01-20 18:06:42,B,36
553,880,2024-09-30 02:01:27,A,2
554,881,2025-11-18 15:11:20,A,26
555,882,2023-07-17 22:50:50,C,106
556,883,2024-07-07 13:11:02,C,807
557,884,2026-07-13 05:16:52,A,758
558,885,2026-09-28 03:09:50,C,434
559,887,2024-03-04 19:26:01,A,959
560,888,2024-10-28 22:49:51,A,389
561,889,2026-02-16 21:40:34,A,794
562,890,2024-05-09 22:21:40,A,49
563,891,2025-05-20 22:11:13,C,442
564,893,2024-06-14 04:24:27,B,451
565,894,2025-09-27 04:17:46,A,815
566,895,2023-12-23 12:00:21,B,121
567,898,2023-10-04 20:24:42,A,815
568,900,2023-12-22 06:37:14,A,340
569,901,2025-08-31 07:03:16,C,24
570,903,2025-06-17 21:29:29,A,836
571,904,2025-05-02 10:39:09,A,271
572,907,2023-10-03 00:09:09,A,763
573,909,2026-01-12 21:55:29,A,250
574,910,2025-05-05 10:39:33,C,915
575,912,2025-06-06 13:57:05,A,1002
576,914,2025-01-05 21:54:40,A,518
577,917,2026-08-25 14:00:12,C,810
578,918,2026-03-23 06:46:56,A,780
579,920,2023-11-25 01:45:19,A,349
580,921,2025-09-10 23:36:30,A,150
581,924,2024-10-10 00:39:24,A,434
582,926,2026-09-03 16:26:18,A,10
583,927,2025-05-26 02:32:01,A,231
584,928,2025-07-15 07:33:10,C,429
585,929,2024-05-18 08:40:13,C,929
586,930,2024-08-07 10:14:45,C,905
587,931,2025-06-27 00:04:12,A,24
588,932,2025-12-10 22:51:13,A,9
589,933,2026-08-17 23:31:03,A,91
590,935,2024-04-07 13:18:45,B,111
591,936,2024-04-17 14:35:01,C,330
592,937,2026-04-07 13:29:23,A,415
593,938,2023-10-08 22:15:37,A,477
594,939,2025-02-06 16:09:55,B,91
595,941,2026-09-06 05:15:53,C,844
596,942,2026-04-10 10:38:36,C,395
597,947,2024-05-24 02:42:46,A,114
598,948,2023-08-07 04:04:20,A,928
599,949,2026-04-08 15:59:42,C,806
600,950,2024-10-01 12:37:45,A,1
601,951,2023-10-03 03:35:26,B,878
602,954,2023-11-30 23:19:20,C,538
603,957,2023-04-13 00:12:08,A,986
604,961,2026-03-12 05:09:23,A,793
605,962,2026-07-02 18:05:33,C,821
606,963,2023-06-23 19:02:36,C,368
607,964,2025-05-06 23:29:07,A,909
608,965,2024-07-20 13:23:31,A,29
609,966,2024-11-24 19:42:32,A,904
610,967,2025-04-24 15:14:37,A,813
611,969,2024-06-14 09:37:01,C,605
612,970,2024-01-18 16:49:15,A,73
613,972,2024-05-17 17:02:30,C,719
614,973,2024-11-30 08:32:54,A,589
615,975,2025-10-15 16:13:51,C,16
616,977,2024-09-28 19:45:45,A,394
617,978,2023-08-04 05:44:05,C,529
618,979,2025-07-21 09:47:10,A,9
619,980,2024-02-05 19:13:16,A,106
620,985,2025-03-08 21:48:24,B,793
621,986,2025-02-15 23:04:44,B,260
622,989,2025-06-21 17:42:20,C,363
623,991,2025-03-28 23:13:12,C,139
624,993,2024-08-19 19:41:13,B,811
625,998,2024-07-03 23:35:32,C,813
626,999,2026-03-06 06:21:32,C,966
627,1000,2025-12-10 07:18:21,B,276
628,1001,2024-11-19 16:08:28,A,107
629,1002,2026-01-28 22:20:24,A,818
630,1003,2024-11-26 11:53:33,C,815
631,1006,2026-09-08 17:13:28,A,157
632,1008,2023-04-20 15:24:04,C,791
633,1013,2024-12-14 19:43:47,A,786
634,1014,2023-05-27 04:53:46,A,228
635,1015,2024-03-22 12:33:31,B,488
636,1016,2024-03-16 18:08:56,C,545
637,1017,2026-01-15 19:45:54,B,906
638,1018,2024-05-04 07:45:00,C,803
639,1019,2026-08-09 05:27:58,B,356
640,1020,2024-10-24 21:24:14,A,487
641,1021,2025-11-18 21:26:31,C,17
642,1022,2024-09-14 03:43:49,A,542
643,1023,2025-01-09 11:35:36,A,27
644,1024,2026-06-05 21:10:37,B,1003
645,1025,2025-05-21 21:54:34,A,15
646,1027,2024-02-01 13:10:44,A,949
647,1028,2026-04-20 10:14:46,A,785
648,1030,2025-12-03 08:52:31,A,459
649,1031,2024-04-02 11:52:14,C,875
650,1033,2025-05-19 10:59:54,B,115
651,1034,2024-01-20 23:17:12,A,15
652,1035,2025-12-15 22:21:06,A,490
653,1039,2023-12-08 04:36:40,A,819
654,1040,2026-03-30 05:51:16,A,516
655,1041,2025-03-03 05:53:08,C,791
656,1043,2024-06-05 17:38:51,C,814
657,1045,2025-08-16 00:40:56,A,806
658,1046,2024-09-12 17:58:19,C,812
659,1048,2025-10-04 17:38:01,A,11
660,1049,2026-07-22 19:18:07,A,932
661,1050,2025-01-01 02:21:58,A,959
662,1055,2023-07-02 13:42:27,C,561
663,1056,2023-09-08 09:49:31,A,123
664,1059,2023-11-21 14:44:35,A,802
665,1060,2023-11-19 05:30:57,B,260
666,1061,2026-03-14 13:28:25,A,100
667,1065,2024-02-06 06:41:53,A,435
668,1066,2025-08-19 14:22:49,A,394
669,1067,2025-10-21 04:03:28,A,821
670,1069,2023-12-03 02:04:22,A,30
671,1071,2026-04-03 14:40:42,A,6
672,1072,2024-11-14 15:47:55,A,804
673,1073,2023-10-26 13:11:10,A,442
674,1074,2024-01-14 14:15:59,C,98
675,1076,2024-07-19 22:25:46,C,356
676,1077,2026-03-31 17:28:53,A,150
677,1079,2023-02-27 18:15:06,A,15
678,1080,2025-09-23 13:39:57,B,2
679,1081,2025-11-28 13:24:25,C,586
680,1083,2025-10-28 11:25:59,A,477
681,1085,2025-06-30 10:56:06,A,145
682,1086,2026-05-31 06:28:38,C,996
683,1087,2024-10-19 23:47:56,A,265
684,1089,2024-10-05 12:29:48,A,463
685,1091,2024-07-11 23:37:34,B,775
686,1094,2024-11-05 09:56:16,A,924
687,1095,2025-07-23 18:40:30,A,845
688,1097,2026-03-22 05:33:52,A,11
689,1098,2024-10-16 00:57:07,A,104
690,1099,2023-10-21 11:45:05,C,67
691,1101,2024-02-19 12:25:20,A,91
692,1104,2025-11-13 14:05:37,A,869
693,1107,2023-07-09 15:39:58,A,45
694,1108,2024-03-25 03:28:25,A,31
695,1110,2025-07-28 09:11:46,C,15
696,1111,2026-02-09 09:56:52,C,736
697,1112,2025-02-05 12:31:44,A,117
698,1113,2023-06-14 09:12:20,A,968
699,1114,2025-10-26 14:52:27,A,117
700,1115,2025-08-16 00:38:54,A,342
701,1117,2023-09-11 12:40:48,B,812
702,1118,2023-12-30 18:25:15,A,742
703,1120,2025-07-01 21:18:19,C,736
704,1122,2024-04-13 15:29:47,A,804
705,1123,2026-08-13 22:25:45,A,821
706,1124,2025-05-13 10:42:08,A,787
707,1125,2024-09-19 06:46:59,A,46
708,1127,2026-05-02 15:59:48,C,854
709,1133,2026-01-15 01:02:54,A,702
710,1135,2024-04-06 23:11:40,A,93
711,1136,2025-07-11 11:55:51,A,855
712,1137,2024-12-03 09:28:33,C,810
713,1138,2026-04-30 12:31:51,A,935
714,1144,2023-09-14 00:08:37,A,811
715,1148,2026-01-11 20:30:29,C,424
716,1150,2025-06-05 10:52:35,C,1012
717,1152,2025-01-24 22:54:16,C,98
718,1153,2023-06-13 14:46:13,A,109
719,1156,2024-07-11 08:40:17,A,53
720,1158,2024-04-10 13:02:58,C,454
721,1159,2023-07-09 19:35:58,A,12
722,1160,2025-05-16 02:27:59,C,15
723,1162,2024-12-18 13:24:16,A,80
724,1164,2025-07-25 02:38:51,B,85
725,1167,2025-05-28 22:46:48,A,688
726,1170,2026-04-24 09:49:38,A,8
727,1171,2026-03-03 20:22:24,A,895
728,1172,2025-02-11 13:15:12,C,283
729,1176,2026-05-23 11:22:31,A,115
730,1178,2025-02-07 17:29:04,A,113
731,1179,2025-05-14 04:59:06,A,71
732,1180,2024-01-18 19:45:36,C,811
733,1181,2024-03-24 17:34:35,B,97
734,1182,2025-09-20 15:11:16,B,896
735,1183,2025-12-08 19:22:12,A,118
736,1184,2025-09-11 05:37:36,A,808
737,1185,2025-03-03 18:44:03,A,50
738,1186,2024-02-01 21:08:28,A,65
739,1187,2024-07-25 22:04:59,A,934
740,1188,2024-07-07 04:47:51,A,351
741,1190,2024-06-04 10:44:26,A,494
742,1191,2024-07-01 11:21:00,A,47
743,1192,2024-06-14 08:19:46,A,836
744,1193,2026-09-27 09:24:05,A,801
745,1198,2024-08-18 01:21:19,B,820
746,1199,2025-11-17 22:22:52,A,109
747,1202,2024-02-11 15:32:11,C,571
748,1203,2026-06-21 01:28:26,C,39
749,1205,2025-02-12 00:59:10,A,23
750,1206,2026-05-16 10:50:40,C,108
751,1207,2026-01-17 21:20:08,C,72
752,1211,2025-04-17 13:28:20,A,457
753,1212,2025-05-24 01:09:49,C,860
754,1214,2026-02-06 08:42:24,C,652
755,1215,2025-06-22 08:27:01,C,13
756,1216,2023-03-11 01:32:29,A,909
757,1217,2024-12-07 01:51:18,C,878
758,1219,2026-10-10 09:17:23,A,806
759,1220,2026-06-30 18:28:34,C,929
760,1224,2026-02-26 04:52:32,A,149
761,1225,2023-08-28 23:33:09,A,994
762,1226,2026-01-02 08:47:12,C,364
763,1227,2024-05-02 00:48:43,B,789
764,1228,2023-12-26 09:34:19,A,672
765,1229,2025-04-01 12:47:22,B,742
766,1231,2025-05-30 21:29:09,B,17
767,1232,2023-06-06 18:16:53,C,784
768,1233,2025-08-03 05:05:20,B,13
769,1234,2023-11-06 17:12:42,C,531
770,1239,2026-04-26 02:11:01,C,389
771,1240,2025-09-06 00:56:52,A,1006
772,1242,2024-05-13 10:23:55,A,393
773,1244,2024-08-14 03:47:39,A,347
774,1245,2026-01-21 00:10:32,A,26
775,1246,2023-11-01 05:19:43,C,350
776,1249,2023-08-16 03:45:24,C,78
777,1251,2024-01-01 01:36:19,A,902
778,1252,2024-08-30 12:07:17,C,349
779,1255,2024-12-06 09:30:51,C,822
780,1256,2024-07-26 04:20:16,A,99
781,1258,2025-11-06 14:27:50,A,302
782,1259,2024-09-26 16:34:48,A,362
783,1260,2024-09-19 16:13:14,A,270
784,1268,2023-12-28 05:24:10,A,162
785,1269,2026-02-07 18:24:48,A,815
786,1274,2024-11-28 15:22:21,A,814
787,1276,2025-02-08 17:37:51,A,14
788,1277,2026-08-10 11:42:40,C,97
789,1278,2024-04-14 14:27:21,A,987
790,1279,2024-12-01 10:17:10,C,442
791,1280,2025-03-26 01:25:11,A,503
792,1281,2023-07-05 04:17:34,C,827
793,1284,2025-10-19 22:11:14,A,796
794,1285,2026-05-14 22:57:47,A,130
795,1288,2024-07-05 05:26:01,A,930
796,1289,2023-05-15 19:30:12,A,938
797,1290,2023-08-22 06:36:37,A,1
798,1292,2024-02-21 09:50:14,A,1010
799,1293,2026-02-07 22:27:09,B,516
800,1299,2025-11-09 12:21:36,A,815
801,1301,2024-03-05 20:10:31,A,120
802,1302,2024-10-03 22:33:07,C,325
803,1303,2023-10-24 03:46:19,A,81
804,1304,2023-07-30 06:38:44,B,320
805,1306,2023-12-18 15:55:36,A,103
806,1307,2026-04-25 07:37:30,C,52
807,1308,2024-07-28 00:49:32,C,993
808,1309,2026-08-08 13:31:28,A,3
809,1311,2025-09-16 20:15:51,C,182
810,1314,2025-08-04 19:26:18,C,802
811,1317,2023-08-14 23:53:20,B,811
812,1319,2024-05-02 16:31:52,C,135
813,1321,2024-03-30 00:44:29,C,354
814,1322,2024-07-21 05:38:28,C,742
815,1323,2025-01-04 23:32:14,C,90
816,1324,2025-04-23 00:51:09,A,513
817,1326,2023-07-19 18:12:03,C,865
818,1327,2026-05-13 03:05:46,B,812
819,1329,2025-11-19 16:04:25,C,1012
820,1331,2024-09-08 13:14:46,A,121
821,1335,2026-06-21 07:54:43,C,337
822,1337,2025-04-21 07:51:53,B,102
823,1338,2026-05-06 06:53:07,A,834
824,1339,2024-10-21 13:44:25,A,376
825,1340,2024-01-01 04:17:20,A,111
826,1341,2024-09-30 00:08:53,A,370
827,1344,2024-06-25 18:20:45,A,793
828,1346,2026-07-04 21:19:31,B,814
829,1347,2026-02-25 06:47:07,C,517
830,1348,2023-08-10 09:38:17,A,596
831,1350,2025-02-10 16:58:00,B,20
832,1351,2026-05-18 12:14:19,A,715
833,1352,2025-04-25 10:32:15,C,464
834,1354,2026-10-12 12:24:43,A,873
835,1355,2026-04-23 12:13:14,C,404
836,1356,2024-12-28 08:15:40,A,295
837,1357,2025-12-28 04:19:48,C,589
838,1358,2024-07-24 13:28:58,A,972
839,1359,2025-01-29 20:29:08,A,494
840,1360,2026-01-06 07:33:39,C,819
841,1361,2026-07-09 05:55:17,B,417
842,1362,2025-02-09 07:26:21,A,224
843,1364,2026-08-20 11:39:45,A,579
844,1365,2023-06-10 21:35:37,A,1011
845,1366,2024-02-17 15:15:09,B,944
846,1369,2024-03-05 10:00:36,C,813
847,1370,2023-06-01 18:10:08,B,3
848,1371,2025-07-24 20:30:38,A,318
849,1372,2023-11-23 15:40:39,A,113
850,1373,2026-07-21 03:14:11,C,105
851,1374,2023-08-02 00:30:05,C,194
852,1375,2023-11-13 04:00:02,B,943
853,1380,2026-03-31 15:36:50,C,19
854,1381,2025-01-22 21:54:18,C,917
855,1383,2023-11-26 09:50:00,B,91
856,1384,2025-09-07 03:05:45,C,48
857,1386,2025-09-16 02:56:46,C,44
858,1388,2025-07-04 00:37:00,A,954
859,1390,2023-12-08 13:50:51,B,520
860,1391,2026-09-29 01:55:12,A,106
861,1392,2025-12-03 10:06:04,A,857
862,1393,2023-11-29 02:25:46,A,690
863,1394,2025-01-16 00:01:16,A,224
864,1398,2025-04-03 06:14:03,A,816
865,1401,2026-07-11 09:32:48,A,854
866,1403,2023-08-04 01:41:06,A,431
867,1404,2026-06-10 13:02:35,A,746
868,1405,2023-09-05 11:59:50,C,105
869,1406,2023-05-19 23:41:42,A,157
870,1408,2026-10-24 09:59:27,A,91
871,1409,2026-10-28 00:42:37,A,876
872,1410,2023-04-16 14:33:30,A,643
873,1411,2025-01-18 19:41:05,A,995
874,1412,2024-06-03 19:16:34,A,237
875,1413,2026-06-26 18:51:50,A,695
876,1417,2026-03-02 01:01:38,A,448
877,1418,2025-02-12 03:52:56,A,94
878,1422,2023-11-02 21:09:04,A,440
879,1423,2024-01-02 17:37:47,B,8
880,1425,2025-12-03 19:38:47,A,548
881,1426,2024-03-25 02:57:51,A,4
882,1427,2025-11-25 12:26:58,B,790
883,1430,2024-09-23 01:44:26,A,32
884,1431,2024-07-18 23:06:11,A,961
885,1435,2024-08-18 18:02:41,A,699
886,1437,2024-11-19 11:22:46,A,96
887,1439,2024-07-15 11:12:34,A,795
888,1440,2024-02-17 14:34:24,A,242
889,1441,2025-05-31 16:32:20,A,159
890,1442,2026-09-21 06:40:40,A,100
891,1445,2024-08-12 23:31:56,A,781
892,1446,2024-12-05 17:55:26,A,800
893,1447,2025-05-21 20:42:31,A,73
894,1448,2025-04-30 05:32:35,C,20
895,1449,2025-10-30 03:02:43,A,713
896,1453,2023-09-26 10:54:31,C,630
897,1455,2025-01-27 11:32:55,A,504
898,1457,2025-10-03 22:03:14,A,794
899,1458,2025-12-15 21:38:17,C,798
900,1459,2025-06-29 08:28:25,A,131
901,1462,2024-03-29 11:30:28,C,892
902,1463,2026-04-14 13:41:19,A,839
903,1465,2023-11-11 19:17:57,A,255
904,1466,2025-05-08 06:13:25,C,25
905,1467,2025-07-22 11:10:03,C,796
906,1468,2024-05-16 10:02:28,A,386
907,1470,2025-05-04 08:16:46,A,557
908,1472,2024-03-04 10:29:11,A,107
909,1473,2024-04-14 18:24:49,A,515
910,1475,2024-07-11 19:18:19,A,1000
911,1476,2025-03-18 04:49:26,A,910
912,1483,2023-12-22 21:20:15,A,343
913,1484,2025-09-20 20:16:12,A,15
914,1485,2024-12-16 03:57:46,A,179
915,1486,2024-05-10 00:40:54,A,962
916,1487,2024-02-27 10:31:45,C,91
917,1488,2026-04-26 18:29:09,B,112
918,1492,2025-06-21 12:30:55,A,118
919,1493,2024-11-24 11:31:08,A,104
920,1494,2023-11-24 01:26:18,A,819
921,1495,2023-06-29 10:02:53,A,812
922,1496,2025-12-08 13:37:46,C,430
923,1497,2024-10-19 11:03:14,C,13
924,1498,2024-10-03 11:52:05,A,788
925,1501,2026-10-21 16:02:31,C,820
926,1502,2024-10-07 07:17:58,C,313
927,1503,2025-04-02 02:42:02,C,354
928,1504,2026-11-18 17:03:31,C,12
929,1505,2026-08-10 10:00:58,C,100
930,1506,2023-08-30 03:09:48,A,22
931,1507,2024-10-25 01:54:53,A,698
932,1509,2024-12-07 23:01:28,C,709
933,1511,2024-04-28 13:52:59,A,783
934,1512,2023-07-03 03:28:48,A,22
935,1513,2026-05-21 11:05:07,A,515
936,1514,2023-11-23 16:44:04,C,454
937,1515,2025-06-08 23:26:54,A,362
938,1516,2024-12-02 14:04:47,A,949
939,1519,2024-07-24 07:41:28,A,836
940,1524,2025-11-29 20:16:17,B,120
941,1525,2024-05-25 22:37:53,A,668
942,1526,2023-06-25 00:22:39,A,632
943,1529,2025-08-17 11:37:11,C,561
944,1531,2023-04-19 11:34:06,A,864
945,1532,2024-09-15 05:21:11,C,518
946,1534,2023-12-15 12:12:37,A,583
947,1537,2023-06-14 09:10:01,A,103
948,1538,2024-05-16 19:13:08,B,995
949,1539,2023-09-08 12:55:38,A,638
950,1540,2025-09-11 19:48:03,C,2
951,1541,2024-09-14 17:18:45,A,114
952,1544,2025-12-23 09:31:48,C,651
953,1545,2025-06-09 00:49:51,A,769
954,1546,2026-02-24 19:37:53,A,852
955,1547,2023-10-22 12:51:11,A,858
956,1549,2025-01-21 11:30:25,C,97
957,1550,2026-09-07 05:35:48,A,9
958,1551,2023-06-10 02:20:07,C,814
959,1552,2023-11-08 10:43:45,A,29
960,1554,2025-08-18 02:35:13,A,1
961,1555,2023-10-15 02:29:48,A,15
962,1556,2026-05-23 06:45:23,A,265
963,1557,2023-03-11 19:06:18,A,135
964,1558,2025-06-21 02:12:00,A,404
965,1562,2023-12-10 22:02:14,A,102
966,1563,2024-09-20 04:16:42,A,794
967,1566,2025-03-03 06:34:14,B,806
968,1568,2023-12-15 09:40:23,A,800
969,1569,2026-10-28 04:39:08,A,9
970,1571,2025-02-19 14:00:26,A,6
971,1572,2025-06-24 19:54:28,C,972
972,1573,2023-08-02 20:39:14,B,573
973,1574,2024-03-24 05:44:26,B,817
974,1575,2026-07-29 12:50:30,A,349
975,1577,2026-03-18 23:02:02,B,604
976,1578,2026-05-15 00:31:22,C,803
977,1582,2023-07-29 13:09:42,A,955
978,1583,2025-09-14 03:25:24,C,367
979,1585,2026-07-14 13:49:46,A,270
980,1588,2024-06-13 07:13:40,A,105
981,1589,2023-07-07 11:05:39,A,23
982,1592,2024-08-26 19:45:43,A,904
983,1594,2024-06-24 03:57:46,A,820
984,1595,2024-07-06 05:08:41,A,8
985,1596,2024-10-20 17:04:07,C,259
986,1598,2026-02-09 15:12:46,A,482
987,1599,2024-03-12 22:35:21,A,803
988,1601,2023-07-15 20:26:26,A,697
989,1604,2023-07-02 20:47:51,A,820
990,1605,2025-08-15 16:06:07,C,924
991,1606,2026-02-05 04:09:04,A,792
992,1607,2023-05-19 11:10:19,A,822
993,1608,2024-03-03 03:43:00,C,986
994,1609,2024-01-20 05:00:48,C,807
995,1610,2024-12-31 23:24:18,C,8
996,1611,2025-07-10 11:03:06,C,998
997,1614,2025-04-05 14:11:08,A,508
998,1615,2024-12-16 23:39:42,A,197
999,1616,2023-07-02 11:51:00,A,54
1000,1618,2025-10-22 16:46:12,A,101
1001,1621,2024-12-21 00:42:39,A,265
1002,1622,2024-05-18 00:26:57,A,921
1003,1623,2024-09-20 17:08:50,A,471
1004,1624,2024-12-03 23:43:12,A,794
1005,1626,2023-07-28 08:02:21,A,299
1006,1627,2024-01-03 02:08:28,A,615
1007,1634,2024-07-17 11:50:29,C,658
1008,1637,2024-02-09 14:15:50,B,434
1009,1638,2024-10-22 12:20:39,A,214
1010,1639,2023-12-14 05:32:43,A,889
1011,1640,2024-04-19 15:58:48,A,952
1012,1645,2026-07-07 19:23:25,A,2
1013,1646,2024-07-18 01:20:56,C,97
1014,1647,2026-04-28 06:25:08,B,436
1015,1648,2025-03-24 19:11:02,B,732
1016,1649,2024-04-20 12:14:05,A,912
1017,1650,2024-12-08 09:09:18,A,79
1018,1652,2023-05-25 13:37:57,A,14
1019,1654,2023-08-16 05:15:04,C,806
1020,1655,2026-05-19 08:00:41,C,698
1021,1657,2023-06-17 10:05:03,B,14
1022,1658,2024-08-28 12:45:51,A,174
1023,1660,2025-03-23 06:39:34,B,355
1024,1661,2025-11-12 17:42:49,B,811
1025,1662,2023-09-29 09:47:53,C,195
1026,1664,2025-04-24 07:53:53,A,819
1027,1666,2025-02-28 09:53:03,B,120
1028,1667,2025-05-05 09:30:41,A,557
1029,1668,2023-09-01 05:49:21,C,432
1030,1669,2025-09-13 02:23:30,A,28
1031,1670,2024-01-21 06:10:21,A,914
1032,1671,2023-10-16 07:05:50,A,117
1033,1673,2025-08-21 00:30:37,C,934
1034,1674,2024-08-12 16:12:35,B,873
1035,1676,2024-05-17 03:10:19,A,429
1036,1677,2024-08-22 17:56:27,A,4
1037,1678,2024-03-08 02:59:50,A,507
1038,1679,2023-11-15 23:14:49,A,189
1039,1680,2026-11-15 04:03:25,A,803
1040,1682,2023-09-11 11:47:42,A,110
1041,1683,2025-02-03 02:27:29,A,909
1042,1684,2024-03-22 21:22:52,C,1
1043,1686,2026-08-02 12:14:45,C,755
1044,1687,2025-08-23 12:15:29,A,821
1045,1689,2025-12-23 12:46:07,A,103
1046,1690,2024-01-02 17:34:27,A,806
1047,1691,2024-12-15 14:08:24,A,781
1048,1694,2026-03-16 14:20:30,A,745
1049,1695,2023-06-26 16:31:54,A,205
1050,1696,2023-06-24 08:14:56,A,346
1051,1697,2026-09-30 05:25:06,A,900
1052,1698,2025-02-06 01:55:29,A,184
1053,1699,2026-10-17 08:28:32,A,985
1054,1700,2023-09-02 19:24:18,C,253
1055,1703,2026-02-10 23:32:05,B,44
1056,1705,2025-11-16 15:41:17,B,105
1057,1706,2026-01-03 19:19:22,C,646
1058,1708,2025-03-10 22:03:50,A,688
1059,1709,2024-01-24 17:43:33,C,856
1060,1711,2026-03-24 08:54:50,A,510
1061,1712,2024-09-19 09:31:05,A,653
1062,1715,2023-02-23 22:36:48,B,978
1063,1716,2024-11-21 14:27:48,A,79
1064,1717,2025-02-10 19:14:05,A,582
1065,1718,2026-09-13 18:29:02,A,356
1066,1719,2024-07-05 17:22:43,C,21
1067,1721,2024-08-23 19:33:41,A,14
1068,1722,2026-01-17 14:36:13,B,116
1069,1723,2023-07-18 21:59:18,A,259
1070,1724,2025-01-17 07:39:19,C,151
1071,1725,2024-03-10 08:54:10,A,371
1072,1728,2024-07-15 20:41:40,C,422
1073,1729,2024-08-25 00:20:58,C,509
1074,1732,2025-03-04 11:02:13,A,127
1075,1734,2024-11-09 09:32:29,A,450
1076,1735,2023-12-31 12:14:16,B,11
1077,1736,2024-09-12 11:34:25,C,130
1078,1737,2025-06-15 14:21:03,C,29
1079,1739,2024-02-05 17:56:22,A,800
1080,1742,2024-01-10 23:51:19,A,139
1081,1743,2023-11-18 07:42:57,A,462
1082,1747,2025-11-10 03:31:29,A,115
1083,1748,2025-07-15 16:01:14,A,126
1084,1749,2023-07-20 16:17:43,A,94
1085,1751,2023-07-07 11:39:01,A,812
1086,1755,2025-02-14 23:08:53,A,325
1087,1756,2024-04-20 13:57:42,A,75
1088,1759,2025-12-05 21:41:55,A,600
1089,1760,2026-04-17 07:28:49,A,7
1090,1761,2024-09-29 23:50:55,A,707
1091,1763,2024-01-10 15:00:53,A,787
1092,1764,2024-03-01 18:34:23,C,16
1093,1765,2023-07-23 18:50:07,C,285
1094,1766,2025-09-22 07:53:42,A,667
1095,1767,2024-08-03 05:38:28,A,115
1096,1768,2025-03-09 03:30:49,C,372
1097,1769,2024-05-29 01:29:16,A,163
1098,1770,2023-08-09 04:50:00,A,420
1099,1772,2025-04-01 19:44:31,A,110
1100,1773,2024-12-14 06:18:16,C,646
1101,1774,2025-08-02 09:10:03,A,185
1102,1777,2025-03-15 09:56:49,A,905
1103,1780,2024-04-08 20:03:50,A,806
1104,1781,2026-06-25 01:41:26,A,896
1105,1784,2025-02-03 08:48:22,A,120
1106,1788,2026-05-29 02:49:25,C,787
1107,1789,2024-11-28 18:37:13,A,322
1108,1790,2023-11-29 13:57:59,A,111
1109,1792,2025-09-15 19:32:40,C,474
1110,1793,2025-09-27 17:53:47,A,105
1111,1795,2025-12-23 23:34:19,A,809
1112,1796,2025-08-10 03:19:49,A,1006
1113,1797,2025-10-24 00:14:34,A,102
1114,1799,2024-09-25 08:17:37,A,33
1115,1800,2023-07-09 15:49:31,A,615
1116,1801,2026-02-27 18:08:57,A,878
1117,1804,2024-10-03 07:49:54,B,781
1118,1805,2024-11-15 10:45:17,A,823
1119,1806,2026-08-04 09:57:22,B,811
1120,1808,2025-04-11 11:59:08,B,444
1121,1811,2025-03-04 15:00:47,C,665
1122,1812,2026-04-18 16:06:01,A,118
1123,1813,2024-09-19 15:40:40,A,117
1124,1814,2024-12-08 23:47:38,C,23
1125,1818,2026-07-15 06:00:48,A,351
1126,1819,2024-08-03 08:29:35,A,684
1127,1822,2025-03-03 17:50:22,C,695
1128,1823,2025-12-04 13:19:59,C,790
1129,1824,2026-05-02 03:20:55,A,952
1130,1825,2025-08-01 20:15:38,A,978
1131,1826,2023-12-21 17:55:37,A,22
1132,1827,2025-05-14 11:30:10,A,763
1133,1828,2026-01-03 11:08:19,A,950
1134,1829,2025-12-09 12:07:50,C,256
1135,1830,2023-04-14 08:41:32,A,17
1136,1831,2024-12-14 05:14:02,A,105
1137,1834,2024-08-03 02:16:34,A,859
1138,1835,2026-07-17 00:42:08,A,135
1139,1836,2024-10-21 18:40:42,A,553
1140,1840,2026-11-30 07:13:55,A,108
1141,1842,2024-10-13 00:48:48,B,733
1142,1843,2026-06-17 13:56:22,A,740
1143,1844,2024-06-02 13:27:53,A,84
1144,1847,2024-06-13 03:46:05,B,944
1145,1848,2024-06-14 02:01:14,C,11
1146,1849,2026-01-09 09:40:03,A,622
1147,1850,2026-08-30 02:35:31,A,859
1148,1853,2024-07-25 07:34:21,A,422
1149,1854,2025-11-07 22:29:21,A,276
1150,1855,2025-08-11 11:28:48,A,651
1151,1856,2025-04-04 20:46:20,C,556
1152,1857,2026-05-02 22:40:44,C,463
1153,1858,2024-08-18 15:05:00,B,566
1154,1862,2025-06-16 00:42:14,A,125
1155,1864,2024-03-01 08:54:07,A,91
1156,1865,2024-07-25 09:05:44,A,369
1157,1866,2024-01-29 23:06:56,C,167
1158,1869,2024-10-13 05:10:17,B,594
1159,1871,2024-12-06 06:59:12,C,593
1160,1872,2023-11-22 11:31:58,C,12
1161,1874,2024-08-28 12:34:56,B,293
1162,1876,2026-08-20 14:17:38,C,776
1163,1878,2025-03-07 17:51:27,A,90
1164,1879,2023-07-07 04:11:00,A,474
1165,1881,2025-01-31 00:24:38,A,916
1166,1882,2024-07-22 03:50:04,A,301
1167,1886,2024-06-22 03:51:44,C,794
1168,1887,2023-11-20 05:33:34,A,220
1169,1888,2024-03-02 10:50:06,B,911
1170,1889,2026-07-01 03:52:11,A,16
1171,1892,2024-06-15 16:15:47,A,910
1172,1893,2024-06-13 14:49:49,C,820
1173,1894,2026-01-24 23:07:24,A,832
1174,1898,2026-07-04 01:36:24,A,881
1175,1900,2024-06-08 08:04:37,C,919
1176,1901,2026-07-18 17:38:46,A,127
1177,1902,2024-11-21 03:53:15,B,798
1178,1903,2026-01-17 21:46:15,A,119
1179,1905,2025-12-25 01:21:16,A,986
1180,1906,2024-12-24 17:04:13,A,803
1181,1907,2025-05-13 19:56:15,C,734
1182,1909,2025-04-02 02:08:37,A,9
1183,1912,2026-01-25 05:56:59,A,355
1184,1914,2023-08-08 07:52:32,C,3
1185,1915,2023-12-10 16:37:13,C,692
1186,1916,2023-06-22 03:28:57,A,177
1187,1918,2023-12-20 06:01:16,C,511
1188,1922,2026-10-15 23:13:40,C,893
1189,1923,2024-11-29 16:23:34,A,174
1190,1925,2026-02-22 10:01:27,A,915
1191,1927,2024-09-17 15:14:33,A,10
1192,1928,2025-09-25 05:56:17,A,418
1193,1930,2025-03-15 04:34:12,B,28
1194,1932,2024-09-17 19:34:05,A,980
1195,1933,2023-08-03 13:05:06,A,107
1196,1934,2023-06-30 17:01:07,A,111
1197,1935,2024-08-28 08:00:38,A,137
1198,1937,2024-02-06 06:44:04,B,100
1199,1940,2026-03-28 01:37:51,A,821
1200,1941,2023-10-03 08:39:05,A,20
1201,1942,2026-04-19 05:58:48,A,700
1202,1943,2026-04-25 20:41:49,A,189
1203,1944,2026-07-02 22:48:29,A,521
1204,1948,2024-01-01 08:12:17,A,67
1205,1951,2025-01-22 19:57:13,A,546
1206,1953,2024-01-29 17:50:31,A,28
1207,1954,2023-08-12 22:17:48,C,479
1208,1955,2024-12-27 20:14:56,A,451
1209,1956,2025-08-10 20:08:48,A,290
1210,1958,2024-11-01 23:07:03,C,483
1211,1960,2026-01-05 01:00:20,A,812
1212,1961,2023-07-21 15:16:56,C,38
1213,1963,2024-07-03 20:07:58,A,779
1214,1964,2024-09-18 20:54:46,C,20
1215,1966,2025-03-26 18:38:11,A,790
1216,1967,2023-10-27 00:58:11,A,763
1217,1968,2024-08-22 14:15:27,A,802
1218,1970,2025-10-08 10:30:38,C,796
1219,1972,2026-08-22 21:35:33,C,101
1220,1973,2024-01-05 00:59:29,A,892
1221,1974,2026-02-27 15:58:32,A,891
1222,1976,2025-01-08 05:52:08,A,101
1223,1977,2023-07-13 04:40:36,A,482
1224,1978,2024-12-15 02:57:41,B,795
1225,1982,2025-11-02 22:25:01,C,13
1226,1983,2023-12-22 01:24:16,A,820
1227,1984,2023-09-01 13:21:29,A,29
1228,1985,2024-10-26 17:54:58,A,321
1229,1986,2024-06-11 17:50:52,A,681
1230,1988,2024-01-07 09:59:59,C,366
1231,1989,2026-02-18 04:42:18,B,10
1232,1990,2026-11-11 20:59:59,A,375
1233,1992,2026-01-17 21:49:50,C,6
1234,1993,2026-03-03 01:07:00,A,762
1235,1994,2024-04-08 11:20:07,A,1006
1236,1995,2026-01-12 21:53:50,A,380
1237,1996,2026-05-19 02:43:23,A,379
1238,1998,2023-05-28 20:48:00,A,804
1239,2001,2024-04-01 13:39:58,A,97
1240,2005,2026-10-21 19:00:29,A,64
1241,2007,2023-07-24 17:33:15,A,6
1242,2008,2024-06-24 22:42:37,A,390
1243,2009,2024-10-15 12:28:36,B,843
1244,2010,2025-05-15 06:23:50,A,98
1245,2011,2025-02-22 06:57:15,A,267
1246,2012,2023-10-29 04:29:24,B,108
1247,2013,2025-01-11 13:53:52,A,4
1248,2017,2025-03-07 17:29:13,A,793
1249,2018,2024-05-07 02:18:10,C,413
1250,2020,2025-07-04 03:01:43,A,378
1251,2021,2026-02-05 22:39:03,C,51
1252,2022,2023-07-29 22:07:53,A,488
1253,2025,2026-06-12 04:52:06,A,908
1254,2027,2024-04-11 23:16:28,A,389
1255,2028,2026-05-10 02:40:40,C,447
1256,2030,2026-05-11 07:18:50,A,710
1257,2031,2023-06-07 19:32:41,C,839
1258,2032,2026-07-15 19:25:38,C,110
1259,2033,2026-06-09 17:47:21,B,18
1260,2034,2024-03-21 07:00:38,A,188
1261,2035,2024-12-16 07:38:04,B,757
1262,2037,2023-06-14 04:22:12,A,596
1263,2038,2023-11-23 07:16:04,C,286
1264,2039,2023-08-05 05:03:56,A,799
1265,2040,2025-11-30 05:40:29,B,819
1266,2044,2023-07-13 02:02:02,A,105
1267,2045,2024-11-02 02:40:48,A,128
1268,2047,2025-08-17 18:22:49,A,897
1269,2048,2023-08-16 02:32:31,B,27
1270,2049,2024-05-18 21:23:23,A,202
1271,2051,2023-11-08 12:00:35,A,311
1272,2054,2025-11-17 08:39:09,C,112
1273,2055,2026-01-10 08:33:56,B,111
1274,2057,2025-11-22 02:00:53,A,469
1275,2058,2023-07-30 01:24:15,A,113
1276,2060,2024-10-22 00:52:22,A,910
1277,2061,2026-12-02 10:55:19,A,962
1278,2062,2024-12-21 16:45:51,A,254
1279,2063,2024-08-29 13:24:11,A,318
1280,2065,2026-04-28 16:44:09,A,975
1281,2066,2024-01-21 22:33:40,C,10
1282,2068,2024-02-16 04:16:09,A,497
1283,2069,2025-09-27 10:36:51,B,356
1284,2070,2025-02-19 10:38:05,A,147
1285,2072,2024-05-23 20:31:16,A,386
1286,2073,2024-07-13 19:01:09,A,637
1287,2074,2023-09-13 02:35:44,A,811
1288,2077,2024-07-28 21:17:50,C,26
1289,2078,2026-05-18 21:53:15,A,503
1290,2081,2025-06-28 23:40:58,A,522
1291,2082,2023-09-05 16:43:38,C,572
1292,2083,2024-04-10 21:24:15,A,20
1293,2084,2024-09-29 02:44:16,A,913
1294,2088,2025-12-08 21:51:08,A,427
1295,2091,2025-03-27 05:01:31,A,214
1296,2094,2023-10-07 04:25:20,A,792
1297,2095,2024-09-27 13:51:14,A,182
1298,2098,2025-11-08 22:37:33,A,814
1299,2099,2026-07-19 16:57:24,A,6
1300,2101,2024-09-20 00:45:08,A,105
1301,2104,2023-10-12 20:42:44,A,11
1302,2105,2024-03-24 02:43:31,B,841
1303,2106,2023-05-07 11:33:06,C,492
1304,2107,2025-01-12 04:58:35,A,252
1305,2108,2026-05-29 14:31:25,A,730
1306,2110,2025-09-12 15:42:58,B,961
1307,2112,2025-01-19 11:48:14,A,744
1308,2113,2026-07-31 00:22:22,A,812
1309,2114,2023-06-22 12:53:23,A,88
1310,2115,2023-07-02 16:13:50,A,288
1311,2116,2025-12-25 00:15:01,A,29
1312,2117,2025-03-04 13:53:30,A,9
1313,2118,2025-12-30 02:01:58,A,171
1314,2119,2026-06-23 10:00:39,A,109
1315,2122,2024-07-23 20:33:28,B,626
1316,2123,2026-02-25 16:53:42,A,129
1317,2127,2025-06-10 09:52:36,C,4
1318,2129,2025-10-20 13:50:49,A,815
1319,2130,2024-01-20 08:16:41,A,27
1320,2131,2025-04-07 08:10:16,A,451
1321,2132,2025-12-10 11:35:38,B,890
1322,2134,2026-08-06 18:38:06,A,741
1323,2136,2023-12-31 09:06:25,C,576
1324,2138,2025-01-07 08:41:03,C,11
1325,2140,2026-09-15 08:08:45,A,394
1326,2141,2023-09-20 14:37:44,A,115
1327,2142,2025-04-04 02:54:02,C,1
1328,2143,2023-05-20 09:21:39,A,810
1329,2144,2024-12-23 15:57:09,A,984
1330,2149,2023-11-20 17:49:13,A,602
1331,2150,2025-07-04 03:36:25,A,705
1332,2151,2024-04-21 19:21:48,B,654
1333,2155,2024-10-25 21:00:25,A,104
1334,2157,2023-07-02 08:38:41,B,577
1335,2159,2026-07-27 13:10:41,A,422
1336,2163,2026-12-05 15:16:53,C,760
1337,2164,2026-09-06 03:46:06,A,878
1338,2165,2023-03-26 17:59:43,A,346
1339,2166,2026-03-11 19:19:20,A,445
1340,2167,2025-04-19 20:40:56,A,580
1341,2168,2026-06-13 18:32:22,A,189
1342,2170,2023-05-27 13:50:58,A,104
1343,2173,2023-12-07 03:37:56,A,117
1344,2175,2026-07-11 21:39:34,A,97
1345,2176,2024-04-24 15:02:21,C,28
1346,2177,2023-10-26 23:01:21,A,103
1347,2178,2024-03-15 13:40:37,A,980
1348,2180,2026-06-27 08:19:23,A,838
1349,2182,2025-06-04 11:29:03,A,410
1350,2183,2023-05-24 09:29:37,A,8
1351,2185,2024-11-06 22:22:07,B,31
1352,2186,2023-10-15 18:03:46,C,47
1353,2187,2024-04-27 04:03:59,A,464
1354,2190,2024-08-02 12:28:39,A,267
1355,2191,2026-02-14 20:03:01,A,579
1356,2192,2024-11-16 01:28:11,B,160
1357,2193,2024-03-20 20:45:57,A,118
1358,2194,2025-07-06 08:28:33,A,560
1359,2198,2024-06-23 11:36:46,C,277
1360,2199,2024-01-22 08:45:23,A,225
1361,2200,2024-12-03 00:11:26,A,105
1362,2201,2023-09-03 02:25:46,A,812
1363,2203,2025-08-29 18:54:01,C,6
1364,2206,2024-12-12 15:41:08,A,820
1365,2208,2025-08-13 22:32:06,A,973
1366,2209,2026-03-24 10:49:09,A,11
1367,2213,2025-04-02 23:11:03,C,335
1368,2214,2024-07-08 05:12:25,A,106
1369,2216,2024-09-18 10:16:43,A,287
1370,2217,2025-03-13 23:09:49,A,814
1371,2218,2025-04-10 04:52:07,A,2
1372,2219,2023-09-26 11:52:30,C,465
1373,2220,2023-10-20 21:37:24,A,877
1374,2226,2023-10-26 15:15:45,C,1
1375,2228,2025-06-13 03:08:58,A,29
1376,2230,2023-12-21 01:28:52,A,1000
1377,2233,2023-12-06 12:28:06,A,804
1378,2234,2026-07-28 11:10:00,A,809
1379,2235,2025-08-30 04:12:43,A,100
1380,2237,2026-08-28 14:15:00,C,178
1381,2238,2024-09-22 08:35:52,C,512
1382,2239,2026-01-18 13:12:40,C,898
1383,2240,2025-01-20 19:13:31,A,504
1384,2243,2024-12-30 14:00:46,C,855
1385,2244,2026-07-24 05:29:03,C,955
1386,2247,2025-05-31 09:11:00,C,811
1387,2248,2025-10-26 08:15:04,C,877
1388,2249,2024-12-29 11:30:06,A,850
1389,2250,2023-09-30 08:06:08,A,442
1390,2251,2026-08-03 00:46:48,A,747
1391,2252,2024-03-23 17:21:54,A,25
1392,2253,2025-04-08 22:03:51,A,138
1393,2254,2024-04-23 23:43:22,A,11
1394,2255,2024-10-30 16:01:47,A,22
1395,2256,2023-09-03 19:50:38,A,119
1396,2257,2024-10-29 18:49:18,A,731
1397,2258,2023-04-26 13:38:01,A,550
1398,2260,2025-12-09 19:36:28,A,413
1399,2262,2024-06-11 06:01:19,A,4
1400,2263,2023-06-29 08:11:31,A,195
1401,2264,2025-03-13 05:41:38,C,29
1402,2265,2025-05-26 03:39:10,C,97
1403,2267,2025-07-12 05:45:39,A,152
1404,2270,2025-12-20 18:25:27,B,835
1405,2271,2026-10-20 13:14:33,A,801
1406,2272,2024-03-12 12:19:20,C,56
1407,2273,2024-10-27 06:38:50,A,27
1408,2275,2026-03-15 15:12:11,A,15
1409,2276,2024-03-22 15:33:09,A,622
1410,2277,2023-12-03 06:41:53,A,479
1411,2278,2023-05-01 15:25:30,A,475
1412,2279,2024-11-03 05:05:55,C,794
1413,2280,2024-04-08 11:13:44,A,23
1414,2281,2023-12-29 18:09:16,A,259
1415,2282,2024-04-26 15:07:50,A,5
1416,2283,2025-07-29 18:21:39,A,4
1417,2285,2026-06-08 17:37:27,A,926
1418,2286,2025-05-16 11:42:44,C,991
1419,2287,2026-06-17 14:30:10,A,199
1420,2288,2026-05-01 23:32:51,A,936
1421,2291,2025-06-15 09:59:11,C,931
1422,2295,2023-11-12 12:47:04,A,944
1423,2297,2023-05-15 18:04:42,B,923
1424,2298,2024-04-20 08:45:38,C,22
1425,2299,2026-08-09 23:51:03,A,168
1426,2300,2025-01-07 15:42:52,A,24
1427,2301,2024-07-04 12:35:44,A,439
1428,2302,2025-07-14 09:36:13,A,335
1429,2303,2024-09-05 05:13:07,A,656
1430,2305,2025-01-01 22:38:52,A,93
1431,2306,2024-02-24 00:48:21,A,550
1432,2307,2026-04-12 06:54:55,A,781
1433,2308,2024-05-02 01:08:32,B,365
1434,2309,2024-01-01 04:33:09,B,747
1435,2311,2025-04-01 10:22:37,A,469
1436,2312,2025-03-05 12:21:28,A,25
1437,2313,2026-12-06 13:51:34,B,14
1438,2314,2026-08-27 11:11:02,A,78
1439,2316,2023-09-11 18:14:52,A,973
1440,2317,2025-02-03 04:32:42,C,109
1441,2319,2025-01-18 22:48:35,A,453
1442,2320,2026-03-11 12:41:50,A,862
1443,2325,2025-09-27 07:52:32,C,707
1444,2326,2026-03-19 01:40:22,A,265
1445,2327,2025-06-12 05:38:39,C,943
1446,2328,2024-08-24 16:14:55,A,71
1447,2329,2025-06-22 08:16:25,A,116
1448,2330,2025-11-04 06:43:21,C,247
1449,2331,2025-03-21 03:05:05,A,549
1450,2332,2024-10-18 20:00:16,C,781
1451,2336,2023-07-02 16:51:25,A,796
1452,2337,2024-11-29 11:33:08,A,630
1453,2338,2023-12-01 20:31:15,C,374
1454,2342,2026-07-07 01:16:22,A,797
1455,2343,2026-01-08 23:29:09,C,491
1456,2344,2025-03-11 23:06:22,A,435
1457,2346,2024-01-23 05:21:03,A,500
1458,2348,2023-10-16 05:15:51,A,802
1459,2349,2024-04-18 04:02:26,A,807
1460,2350,2026-08-22 05:39:53,A,694
1461,2351,2024-07-29 15:39:24,A,760
1462,2352,2026-03-06 15:20:08,A,7
1463,2354,2023-08-01 16:37:08,A,980
1464,2355,2025-10-18 08:50:32,C,121
1465,2356,2024-02-14 15:17:20,C,283
1466,2357,2024-12-19 17:17:58,C,797
1467,2358,2025-12-24 19:18:26,A,797
1468,2359,2026-10-12 12:50:25,A,42
1469,2360,2026-06-27 03:31:10,C,510
1470,2363,2024-02-15 17:39:24,A,769
1471,2365,2025-06-22 18:19:32,C,814
1472,2366,2023-07-08 20:43:51,A,6
1473,2367,2024-05-11 00:20:26,C,810
1474,2369,2023-11-06 09:03:13,A,972
1475,2370,2025-03-24 04:53:57,B,323
1476,2372,2026-05-18 00:44:52,C,808
1477,2373,2024-07-20 06:05:12,A,2
1478,2374,2026-06-23 09:22:44,A,539
1479,2375,2024-10-02 07:52:52,C,1012
1480,2377,2025-01-09 16:00:53,A,40
1481,2379,2024-05-25 09:50:11,C,811
1482,2381,2026-03-13 10:07:04,A,21
1483,2382,2023-05-29 23:54:18,C,812
1484,2385,2025-09-15 00:16:19,A,102
1485,2386,2025-03-10 19:54:29,C,651
1486,2387,2026-10-21 09:54:06,A,782
1487,2388,2023-06-23 05:48:30,A,123
1488,2389,2025-08-12 09:44:10,A,783
1489,2390,2025-02-09 11:03:11,B,800
1490,2393,2024-10-10 18:28:18,A,419
1491,2395,2026-07-18 18:46:10,A,57
1492,2396,2023-10-09 07:41:45,A,286
1493,2397,2026-09-08 17:45:07,C,202
1494,2399,2025-05-29 00:26:56,B,414
1495,2400,2025-03-31 00:50:12,A,122
1496,2401,2023-10-08 01:53:35,A,105
1497,2402,2025-04-22 11:28:50,A,130
1498,2404,2025-08-22 21:29:34,C,262
1499,2405,2024-12-17 21:33:54,A,357
1500,2406,2025-02-22 23:00:38,A,802
1501,2407,2025-05-03 10:51:59,C,49
1502,2410,2025-08-18 09:29:01,A,857
1503,2412,2024-06-30 15:22:40,C,475
1504,2413,2025-12-11 07:36:36,A,878
1505,2414,2024-02-18 11:00:15,C,480
1506,2415,2023-08-15 11:50:21,A,813
1507,2416,2025-01-19 22:58:14,C,7
1508,2417,2026-06-10 08:58:48,A,401
1509,2418,2024-02-18 03:34:21,A,109
1510,2419,2025-07-02 10:42:35,A,3
1511,2421,2026-06-15 08:30:04,A,818
1512,2422,2025-02-09 02:58:41,A,22
1513,2423,2025-12-30 06:41:10,A,93
1514,2424,2023-10-23 09:11:27,C,103
1515,2425,2023-06-15 11:59:45,A,877
1516,2426,2024-12-27 08:34:11,C,93
1517,2428,2024-02-28 03:51:26,A,240
1518,2429,2024-01-24 04:48:07,C,645
1519,2431,2023-12-08 00:20:19,A,944
1520,2433,2025-03-24 06:24:33,A,799
1521,2435,2024-01-28 01:15:29,A,546
1522,2437,2023-08-23 12:23:32,A,71
1523,2438,2023-12-25 19:06:44,C,896
1524,2439,2025-05-24 08:42:23,A,464
1525,2442,2023-09-09 22:01:50,A,347
1526,2443,2024-07-11 19:29:14,A,537
1527,2444,2024-05-17 13:13:33,C,147
1528,2448,2025-07-10 03:19:01,A,58
1529,2450,2025-01-18 09:52:22,A,24
1530,2452,2026-02-20 23:11:21,C,85
1531,2454,2025-06-14 10:37:48,A,572
1532,2456,2025-07-15 13:37:40,A,105
1533,2458,2024-11-08 05:08:59,A,107
1534,2461,2024-09-16 08:15:28,A,841
1535,2462,2025-03-23 06:22:01,A,672
1536,2463,2025-09-23 04:18:04,C,860
1537,2464,2023-08-20 16:05:32,A,47
1538,2465,2025-07-03 00:40:19,A,798
1539,2470,2025-08-03 12:23:31,C,240
1540,2471,2024-12-22 11:27:47,A,799
1541,2472,2025-11-09 16:20:12,C,437
1542,2474,2025-07-06 16:38:26,A,790
1543,2475,2024-07-25 08:13:33,A,381
1544,2476,2026-02-06 20:20:57,A,558
1545,2477,2025-06-14 13:36:27,C,942
1546,2478,2026-06-29 08:10:02,A,255
1547,2480,2024-10-07 19:54:43,A,114
1548,2482,2025-04-23 03:40:45,A,849
1549,2483,2025-12-21 05:33:43,A,800
1550,2487,2025-03-05 14:01:27,C,806
1551,2489,2025-01-23 06:37:51,A,661
1552,2490,2025-06-12 16:52:36,C,1011
1553,2491,2026-03-16 19:04:51,B,927
1554,2492,2024-09-09 10:33:28,A,255
1555,2493,2023-04-08 21:14:45,C,538
1556,2494,2025-11-07 09:54:28,A,863
1557,2495,2026-03-14 00:19:39,A,661
1558,2496,2024-06-21 07:15:07,A,578
1559,2498,2025-12-19 22:14:00,A,92
1560,2500,2023-07-22 20:07:46,C,286
1561,2501,2024-02-09 11:46:03,C,109
1562,2502,2024-10-22 21:45:07,B,187
1563,2503,2024-04-11 11:17:34,A,785
1564,2504,2024-01-04 08:13:09,A,526
1565,2505,2024-04-23 16:20:55,A,33
1566,2506,2023-07-28 16:17:41,A,1013
1567,2507,2026-07-16 01:38:14,B,387
1568,2509,2023-06-04 08:08:43,A,659
1569,2512,2026-01-07 19:07:10,A,6
1570,2513,2023-05-18 12:28:33,B,486
1571,2514,2026-06-18 11:32:39,A,272
1572,2517,2023-06-26 22:52:57,C,392
1573,2518,2023-05-13 04:34:15,A,160
1574,2519,2025-06-10 19:34:27,C,5
1575,2520,2024-05-17 04:58:31,A,651
1576,2521,2024-05-23 21:02:39,C,324
1577,2522,2026-02-04 13:59:03,A,16
1578,2523,2026-05-26 08:30:46,A,607
1579,2527,2023-10-08 15:05:43,A,862
1580,2528,2025-02-27 05:23:32,A,510
1581,2531,2023-11-10 01:57:05,C,796
1582,2533,2024-06-08 16:01:45,A,822
1583,2535,2024-06-01 09:31:01,C,782
1584,2536,2025-06-27 14:29:17,C,97
1585,2538,2026-06-06 12:23:25,C,795
1586,2539,2024-03-12 00:40:36,A,267
1587,2540,2023-10-13 08:07:40,A,649
1588,2541,2024-02-24 22:41:44,A,1002
1589,2542,2023-08-23 11:12:38,B,64
1590,2543,2026-05-20 10:56:21,A,797
1591,2545,2024-11-11 20:04:59,A,959
1592,2548,2024-02-13 17:58:13,A,93
1593,2552,2024-05-09 12:32:51,A,395
1594,2553,2026-10-05 20:55:43,A,802
1595,2555,2023-11-23 06:28:48,A,443
1596,2556,2025-12-25 22:01:42,A,11
1597,2557,2023-10-07 02:57:19,C,99
1598,2558,2024-11-18 05:01:11,A,1010
1599,2561,2025-05-04 11:10:09,A,985
1600,2562,2024-02-01 22:07:38,A,732
1601,2563,2026-08-21 19:36:57,A,574
1602,2564,2026-04-20 14:56:42,A,194
1603,2565,2025-08-06 20:58:59,A,548
1604,2566,2024-04-13 17:16:44,A,27
1605,2567,2024-08-20 17:36:28,A,217
1606,2568,2026-02-17 04:13:58,A,1
1607,2569,2025-10-16 09:28:19,A,736
1608,2570,2024-07-17 14:41:56,A,121
1609,2572,2026-06-17 04:56:53,A,807
1610,2573,2023-12-15 05:29:00,A,270
1611,2574,2024-10-17 05:51:10,A,314
1612,2575,2023-07-19 14:35:49,C,158
1613,2577,2026-09-15 21:48:07,A,256
1614,2578,2026-05-06 23:06:06,A,567
1615,2579,2025-02-27 09:37:41,A,663
1616,2582,2026-03-26 19:38:34,A,390
1617,2583,2023-06-24 12:54:26,A,735
1618,2584,2025-12-28 17:21:17,A,3
1619,2585,2026-05-08 16:11:04,A,711
1620,2587,2023-10-31 23:00:15,C,11
1621,2589,2024-10-08 21:13:24,C,877
1622,2591,2024-08-03 09:48:57,C,111
1623,2592,2025-08-11 15:32:33,A,8
1624,2593,2026-02-10 10:25:49,A,581
1625,2595,2024-07-01 00:45:37,A,13
1626,2596,2025-01-25 23:37:04,A,394
1627,2601,2025-11-04 17:08:38,B,274
1628,2603,2025-10-03 05:09:11,A,18
1629,2604,2023-10-06 23:46:11,A,797
1630,2607,2024-03-17 20:08:03,A,73
1631,2608,2023-07-14 23:31:32,C,691
1632,2609,2025-07-25 16:08:20,A,10
1633,2610,2024-02-20 12:40:26,A,796
1634,2611,2024-12-06 19:55:35,C,493
1635,2613,2026-04-01 07:09:59,A,388
1636,2615,2023-08-16 18:59:49,A,850
1637,2618,2023-11-04 21:27:47,B,71
1638,2619,2025-03-18 05:45:40,A,855
1639,2623,2025-02-13 12:56:42,A,797
1640,2624,2024-11-05 08:06:29,A,435
1641,2625,2024-01-27 04:53:40,B,793
1642,2629,2026-02-18 19:12:45,B,808
1643,2630,2026-01-14 08:32:32,A,10
1644,2631,2026-04-21 11:28:30,A,511
1645,2634,2026-06-30 09:56:09,A,366
1646,2635,2026-05-30 19:13:54,B,775
1647,2639,2024-09-05 10:54:16,A,28
1648,2640,2026-10-17 11:00:54,C,878
1649,2642,2024-03-21 00:07:51,A,816
1650,2643,2024-01-27 16:03:08,A,78
1651,2646,2024-01-31 19:25:59,B,815
1652,2647,2025-12-19 16:26:56,A,11
1653,2648,2024-09-01 23:59:09,A,1008
1654,2649,2024-12-13 16:39:09,A,10
1655,2650,2024-11-18 14:58:27,A,24
1656,2655,2024-11-09 16:07:24,C,301
1657,2656,2023-10-31 14:05:54,A,28
1658,2658,2025-09-20 00:07:10,C,220
1659,2659,2024-02-28 01:19:18,A,60
1660,2660,2025-09-15 21:04:05,A,64
1661,2661,2024-01-15 05:27:14,A,4
1662,2662,2026-04-09 15:56:57,A,893
1663,2663,2023-08-14 19:10:32,C,437
1664,2664,2024-03-17 03:11:16,A,787
1665,2665,2025-01-12 06:48:38,A,79
1666,2666,2024-03-22 23:57:15,C,14
1667,2668,2024-12-17 20:56:37,B,71
1668,2669,2026-02-02 08:27:33,A,512
1669,2670,2026-08-10 14:54:37,A,770
1670,2671,2025-10-31 10:46:02,C,97
1671,2672,2024-10-29 08:52:54,A,97
1672,2673,2026-06-24 13:28:34,C,458
1673,2674,2025-07-27 03:52:56,A,228
1674,2675,2024-05-17 00:32:41,A,566
1675,2676,2025-07-08 04:01:53,A,15
1676,2677,2025-01-30 03:02:05,A,201
1677,2678,2023-12-14 16:12:08,B,937
1678,2680,2023-09-03 06:39:50,A,531
1679,2681,2026-07-09 20:23:59,C,248
1680,2683,2025-07-06 10:01:03,A,397
1681,2684,2024-12-29 08:13:41,A,466
1682,2685,2024-09-07 15:53:41,A,609
1683,2686,2025-05-27 06:17:50,B,787
1684,2687,2026-08-27 11:12:50,A,789
1685,2689,2023-11-06 13:07:36,A,460
1686,2691,2026-01-01 11:27:42,C,930
1687,2692,2023-04-30 02:19:34,C,26
1688,2693,2025-06-11 19:24:07,A,824
1689,2694,2023-08-04 12:48:21,A,3
1690,2696,2023-05-16 02:41:36,B,805
1691,2697,2025-01-29 05:18:24,A,789
1692,2698,2024-10-16 19:31:14,A,796
1693,2701,2026-09-05 20:24:47,C,701
1694,2703,2023-09-06 05:33:29,A,11
1695,2705,2024-03-01 20:06:15,A,814
1696,2707,2024-03-04 07:07:31,A,77
1697,2712,2025-04-19 19:07:22,A,430
1698,2713,2025-02-16 06:28:45,A,868
1699,2714,2023-08-17 22:15:13,C,326
1700,2719,2026-12-12 00:46:33,A,863
1701,2720,2024-04-08 08:58:21,C,532
1702,2721,2025-11-26 15:45:53,C,98
1703,2723,2025-10-15 20:57:30,A,821
1704,2725,2026-02-21 02:29:59,C,592
1705,2726,2025-01-31 06:56:34,A,461
1706,2727,2026-01-31 16:41:39,B,811
1707,2728,2025-05-29 00:09:09,A,86
1708,2730,2025-09-04 15:57:27,A,736
1709,2732,2026-06-15 08:22:04,C,791
1710,2736,2023-10-14 15:07:57,A,912
1711,2740,2023-08-13 05:27:40,A,436
1712,2741,2025-06-03 09:45:03,A,107
1713,2745,2023-07-24 18:06:45,A,888
1714,2746,2026-08-27 01:33:13,C,722
1715,2747,2026-05-09 00:06:04,A,789
1716,2751,2023-05-24 12:47:30,B,58
1717,2753,2026-04-16 22:48:24,A,114
1718,2754,2023-11-19 07:07:14,A,827
1719,2757,2024-01-09 13:08:42,A,76
1720,2758,2026-05-10 01:39:55,A,688
1721,2760,2024-01-14 14:08:24,A,795
1722,2761,2025-12-25 23:44:58,A,91
1723,2763,2026-06-29 01:33:07,A,77
1724,2764,2024-08-24 08:02:04,C,64
1725,2768,2024-07-08 19:24:08,A,801
1726,2769,2026-06-13 22:18:24,A,114
1727,2775,2026-05-23 11:27:58,C,788
1728,2778,2025-05-16 04:56:12,C,799
1729,2779,2023-06-01 08:28:27,C,979
1730,2780,2023-10-01 08:25:37,C,37
1731,2782,2023-11-16 12:59:36,A,516
1732,2783,2023-12-09 18:27:44,A,253
1733,2784,2023-10-28 08:56:19,A,999
1734,2786,2023-08-12 21:39:14,A,751
1735,2787,2026-05-07 17:00:51,B,788
1736,2789,2023-05-28 15:21:05,A,315
1737,2791,2026-10-11 12:41:08,B,578
1738,2793,2024-06-22 21:47:11,C,523
1739,2795,2023-08-15 03:34:17,C,884
1740,2796,2025-01-15 05:36:25,A,173
1741,2797,2025-08-05 13:29:14,A,710
1742,2798,2023-07-21 11:07:34,A,816
1743,2799,2024-02-10 17:55:38,A,591
1744,2800,2026-09-09 04:01:28,A,62
1745,2802,2025-11-21 06:46:36,B,962
1746,2803,2024-01-13 18:16:43,C,262
1747,2804,2023-05-22 17:50:41,A,462
1748,2807,2026-02-04 10:22:49,A,744
1749,2808,2024-01-17 08:40:11,B,513
1750,2810,2025-04-23 20:20:54,C,799
1751,2811,2026-07-26 09:07:30,C,19
1752,2812,2023-08-30 09:14:49,A,713
1753,2813,2024-11-05 02:28:25,A,564
1754,2814,2026-08-13 00:12:08,A,878
1755,2815,2023-07-05 11:40:36,A,802
1756,2819,2023-12-10 15:24:54,A,782
1757,2821,2023-03-18 10:32:42,C,163
1758,2822,2026-09-17 16:56:19,A,267
1759,2824,2023-12-02 15:54:45,A,815
1760,2826,2024-09-05 02:38:12,A,7
1761,2828,2023-10-19 06:08:41,C,7
1762,2830,2025-07-28 15:43:39,C,9
1763,2831,2024-06-01 09:37:40,C,832
1764,2834,2024-07-29 16:14:08,A,186
1765,2835,2024-08-09 06:22:18,A,499
1766,2837,2024-02-25 05:48:07,A,109
1767,2839,2026-07-04 23:36:56,A,317
1768,2840,2023-12-05 03:02:26,C,29
1769,2841,2024-06-06 10:00:01,A,822
1770,2842,2023-11-28 21:21:14,A,913
1771,2843,2025-03-20 03:38:03,C,880
1772,2844,2025-01-26 18:00:22,B,766
1773,2845,2025-03-30 01:50:19,C,33
1774,2846,2025-11-03 03:59:46,A,101
1775,2847,2026-06-01 12:44:54,A,396
1776,2848,2026-09-03 01:19:14,A,660
1777,2850,2024-06-07 18:11:41,A,118
1778,2852,2026-04-14 14:18:45,A,341
1779,2854,2026-08-01 05:14:33,A,743
1780,2856,2025-10-06 21:14:18,A,611
1781,2857,2025-04-01 09:32:10,C,13
1782,2858,2026-01-25 22:15:04,A,818
1783,2859,2026-08-15 09:59:24,C,820
1784,2860,2024-06-18 11:17:52,A,597
1785,2866,2024-10-22 04:43:33,A,110
1786,2867,2026-04-06 14:05:05,A,9
1787,2868,2024-04-07 22:33:19,A,568
1788,2870,2024-01-23 17:30:48,B,861
1789,2872,2023-06-04 00:25:07,B,714
1790,2873,2026-05-03 17:55:21,A,32
1791,2874,2026-03-25 14:31:45,A,396
1792,2875,2026-07-01 09:01:39,A,542
1793,2877,2024-09-05 09:01:34,A,329
1794,2881,2023-12-14 07:05:38,C,860
1795,2882,2025-02-10 16:20:58,A,306
1796,2884,2024-02-29 00:29:02,A,870
1797,2887,2026-07-19 15:18:11,B,838
1798,2889,2024-06-15 00:33:59,A,18
1799,2890,2025-02-24 07:18:22,A,123
1800,2891,2023-11-04 16:47:03,A,1
1801,2894,2026-01-01 14:38:32,B,764
1802,2895,2026-02-14 06:55:39,A,787
1803,2897,2024-01-22 01:22:36,A,722
1804,2898,2026-02-21 12:57:21,C,117
1805,2899,2025-10-26 23:47:12,A,467
1806,2900,2026-12-05 06:39:20,A,828
1807,2901,2024-11-05 23:17:08,A,507
1808,2902,2025-09-07 08:15:59,A,623
1809,2903,2024-07-31 21:16:28,A,891
1810,2904,2025-03-16 05:48:48,A,680
1811,2905,2023-10-24 21:58:00,A,417
1812,2906,2024-11-23 18:21:24,A,543
1813,2907,2023-09-08 06:02:14,A,127
1814,2908,2024-11-14 20:40:05,A,221
1815,2909,2025-02-28 21:12:09,A,10
1816,2910,2026-07-23 20:25:50,A,117
1817,2911,2023-06-13 01:03:47,C,858
1818,2912,2024-04-15 12:26:58,A,980
1819,2913,2026-08-28 00:22:05,C,124
1820,2914,2026-06-09 22:57:06,A,470
1821,2915,2023-05-19 06:32:52,A,795
1822,2917,2024-11-22 16:17:13,A,913
1823,2918,2025-07-18 12:00:38,A,122
1824,2921,2023-06-28 15:27:38,A,644
1825,2922,2026-06-19 00:19:34,C,114
1826,2923,2025-10-16 07:47:30,C,357
1827,2924,2023-11-26 02:23:47,A,469
1828,2926,2024-09-10 11:15:32,A,746
1829,2927,2026-03-05 22:36:41,B,807
1830,2928,2023-12-10 20:57:57,A,146
1831,2929,2025-09-20 10:40:57,A,165
1832,2930,2024-06-19 12:56:04,A,700
1833,2931,2024-12-14 03:43:10,A,775
1834,2932,2023-12-09 04:29:25,A,356
1835,2935,2023-06-26 14:54:22,A,343
1836,2937,2025-07-26 16:22:57,A,789
1837,2939,2025-04-29 22:54:34,C,107
1838,2940,2024-09-12 07:36:02,A,16
1839,2942,2024-11-18 23:53:30,A,887
1840,2943,2024-10-04 11:54:47,B,770
1841,2945,2025-03-30 06:47:43,C,620
1842,2946,2023-04-02 15:08:03,C,799
1843,2947,2026-03-23 13:29:27,C,119
1844,2948,2026-01-12 03:39:23,A,737
1845,2949,2025-07-19 23:29:28,A,13
1846,2950,2024-03-23 12:29:42,A,922
1847,2951,2024-05-15 17:04:43,A,823
1848,2954,2025-02-13 05:11:56,A,819
1849,2956,2023-10-16 10:25:18,A,152
1850,2957,2024-01-23 09:17:15,A,278
1851,2958,2026-06-21 17:12:00,A,734
1852,2960,2025-01-05 19:25:07,A,584
1853,2961,2026-05-13 05:15:26,C,109
1854,2964,2025-11-23 18:57:04,A,463
1855,2968,2025-09-05 04:33:55,C,364
1856,2969,2026-10-29 14:41:35,B,855
1857,2972,2025-06-04 13:23:20,A,855
1858,2973,2025-12-15 01:13:45,A,936
1859,2974,2025-01-20 01:05:53,C,557
1860,2975,2026-03-20 19:30:04,C,12
1861,2977,2023-09-04 08:38:32,C,229
1862,2979,2026-04-14 00:34:16,A,533
1863,2981,2026-07-19 01:18:23,A,109
1864,2982,2023-10-23 01:23:05,C,247
1865,2984,2024-12-10 22:02:41,A,833
1866,2985,2024-06-01 02:34:29,C,509
1867,2986,2025-07-09 05:34:12,C,992
1868,2988,2023-06-09 09:00:00,A,637
1869,2989,2026-04-17 05:47:37,C,516
1870,2990,2026-04-19 02:56:21,C,810
1871,2991,2023-08-18 05:38:54,A,423
1872,2994,2025-12-14 00:54:01,A,321
1873,2995,2024-05-07 19:52:17,A,800
1874,2996,2023-12-12 20:32:07,A,788
1875,2999,2024-05-08 15:58:18,A,1
1876,3000,2025-03-04 07:19:08,A,400
