EmployeeID,DistrictID,UnitID,RankID,DesignationID,KGID,FirstName,EmployeeDOB,GenderID,BloodGroupID,PhysicallyChallenged,AppointmentDate
1,1,1,7,1,KGID100001,Nagaraj,1977-08-05,1,2,0,2001-02-21
2,1,1,6,1,KGID100002,Manjunath,1977-12-01,1,4,0,2005-07-26
3,1,1,5,1,KGID100003,Raghavendra,1985-04-14,1,3,0,2013-11-16
4,1,1,4,1,KGID100004,Kiran,1995-12-24,1,7,0,2021-09-26
5,1,1,7,3,KGID100005,Shruthi,1997-06-18,2,2,0,2019-12-07
6,1,1,6,2,KGID100006,Venkatesh,1998-03-22,1,4,0,2027-04-03
7,1,2,4,3,KGID100007,Joseph,1972-09-18,1,5,0,1997-04-23
8,1,2,7,2,KGID100008,Sunitha,1982-02-02,2,2,0,2006-06-04
9,1,2,6,2,KGID100009,Peter,1975-07-24,1,4,0,2002-09-23
10,1,2,5,3,KGID100010,Savitha,1997-12-18,2,5,0,2020-04-22
11,1,2,6,3,KGID100011,Pooja,1977-03-27,2,8,0,2006-07-27
12,1,2,7,4,KGID100012,Peter,1988-05-04,1,7,0,2013-04-09
13,1,3,4,1,KGID100013,Kiran,1986-10-17,1,3,0,2009-10-18
14,1,3,6,3,KGID100014,Raghavendra,1983-02-03,1,5,0,2009-05-10
15,1,3,5,2,KGID100015,Lakshmi,1993-03-13,2,2,0,2021-03-15
16,1,3,6,1,KGID100016,Ravi,1987-01-13,1,5,0,2011-01-08
17,1,3,6,4,KGID100017,Vinay,1982-09-21,1,1,0,2006-07-08
18,1,3,5,1,KGID100018,Prakash,1998-04-19,1,4,0,2023-09-24
19,1,3,6,2,KGID100019,Rekha,1997-10-07,2,3,0,2020-07-11
20,1,3,6,2,KGID100020,Sunitha,1987-12-15,2,4,0,2016-09-27
21,1,3,6,1,KGID100021,Abdul,1984-11-27,1,4,0,2012-09-10
22,1,4,4,1,KGID100022,Venkatesh,1990-01-08,1,1,0,2014-06-23
23,1,4,5,3,KGID100023,Roopa,1987-06-30,2,4,0,2012-02-23
24,1,4,6,3,KGID100024,Anand,1986-01-31,1,4,0,2010-10-17
25,1,4,7,1,KGID100025,Umesh,1983-12-28,1,2,0,2011-03-18
26,1,4,5,4,KGID100026,Arun,1978-06-18,1,8,0,2002-08-05
27,1,4,6,1,KGID100027,Shivakumar,1972-07-25,1,1,0,1999-07-09
28,1,4,5,3,KGID100028,Ravi,1995-08-22,1,8,0,2020-04-10
29,1,4,6,2,KGID100029,Savitha,1982-11-23,2,8,0,2004-11-25
30,2,5,5,1,KGID100030,Basavaraj,1976-06-17,1,1,0,2001-10-09
31,2,5,5,1,KGID100031,Anand,1987-02-10,1,2,0,2015-01-19
32,2,5,6,2,KGID100032,Manjunath,1983-09-27,1,1,0,2007-01-25
33,2,5,5,2,KGID100033,Anand,1987-10-15,1,6,0,2013-04-26
34,2,5,4,1,KGID100034,Abdul,1985-07-23,1,8,0,2011-02-02
35,2,5,6,2,KGID100035,Prakash,1988-04-17,1,3,0,2012-09-01
36,2,5,6,4,KGID100036,Shobha,1979-09-12,2,5,0,2003-06-14
37,2,5,5,1,KGID100037,Mary,1992-09-21,2,3,0,2020-12-04
38,2,5,6,2,KGID100038,Divya,1979-04-08,2,6,0,2004-05-30
39,2,5,4,1,KGID100039,Nagaraj,1986-08-16,1,7,0,2011-06-04
40,2,6,5,3,KGID100040,Joseph,1991-09-05,1,7,0,2016-08-06
41,2,6,5,4,KGID100041,Salman,1988-07-25,1,3,0,2010-12-14
42,2,6,7,2,KGID100042,Umesh,1982-03-05,1,2,0,2006-07-07
43,2,6,5,2,KGID100043,Naveen,1991-02-13,1,3,0,2014-11-02
44,2,6,7,2,KGID100044,Peter,1996-08-15,1,5,0,2023-03-23
45,2,6,5,3,KGID100045,Lokesh,1986-01-06,1,6,0,2010-06-30
46,2,7,5,1,KGID100046,Abdul,1983-07-23,1,5,0,2009-03-22
47,2,7,4,2,KGID100047,Abdul,1981-04-08,1,3,0,2003-07-25
48,2,7,5,2,KGID100048,Savitha,1990-04-19,2,7,0,2017-02-25
49,2,7,4,3,KGID100049,Lokesh,1976-06-20,1,1,0,2001-04-23
50,2,7,7,2,KGID100050,Asha,1984-09-03,2,6,0,2007-06-11
51,2,7,6,2,KGID100051,Girish,1980-07-10,1,7,0,2009-12-26
52,2,7,7,2,KGID100052,Vinay,1992-08-16,1,5,0,2018-11-10
53,2,8,6,2,KGID100053,Vinay,1996-09-26,1,8,0,2025-03-23
54,2,8,7,1,KGID100054,Chandrashekar,1997-01-03,1,5,0,2020-11-23
55,2,8,7,2,KGID100055,Mahesh,1997-11-06,1,4,0,2022-06-20
56,2,8,4,3,KGID100056,Suresh,1986-03-02,1,7,0,2015-01-02
57,2,8,5,2,KGID100057,Salman,1986-10-27,1,1,0,2013-04-14
58,2,8,7,4,KGID100058,Manjula,1977-06-12,2,8,0,2001-05-27
59,3,9,7,4,KGID100059,Manjula,1974-07-16,2,6,0,2001-09-25
60,3,9,6,2,KGID100060,Shruthi,1984-07-09,2,8,0,2012-08-25
61,3,9,6,2,KGID100061,Karthik,1996-01-22,1,5,0,2023-11-21
62,3,9,6,1,KGID100062,Harish,1981-06-05,1,3,0,2006-12-30
63,3,9,6,2,KGID100063,Kiran,1972-03-09,1,8,0,1998-10-28
64,3,9,7,1,KGID100064,Raghavendra,1996-03-11,1,7,0,2024-09-22
65,3,9,6,4,KGID100065,Kavitha,1998-06-09,2,4,0,2025-02-13
66,3,10,7,3,KGID100066,Ravi,1981-06-09,1,3,0,2010-12-03
67,3,10,6,4,KGID100067,Shruthi,1970-12-02,2,1,0,1997-04-27
68,3,10,5,3,KGID100068,Naveen,1976-03-08,1,6,0,1998-09-24
69,3,10,5,1,KGID100069,Joseph,1979-06-21,1,8,1,2006-03-07
70,3,10,7,1,KGID100070,Umesh,1992-02-14,1,1,0,2014-11-16
71,3,10,6,1,KGID100071,Ravi,1978-02-12,1,4,0,2001-07-08
72,3,10,7,1,KGID100072,Umesh,1990-08-13,1,3,0,2019-05-30
73,3,10,6,3,KGID100073,Ravi,1989-08-04,1,4,0,2019-03-04
74,3,11,6,1,KGID100074,Joseph,1998-12-07,1,1,0,2028-08-03
75,3,11,5,1,KGID100075,Umesh,1987-03-20,1,7,0,2016-06-17
76,3,11,6,2,KGID100076,Umesh,1994-01-25,1,5,0,2017-10-07
77,3,11,5,2,KGID100077,Fathima,1984-10-27,2,4,0,2013-06-13
78,3,11,6,4,KGID100078,Shivakumar,1995-07-15,1,7,0,2022-09-24
79,3,11,5,2,KGID100079,Mahesh,1986-08-04,1,6,0,2010-12-14
80,3,11,5,1,KGID100080,Nagaraj,1970-05-07,1,4,0,1998-02-15
81,3,12,6,3,KGID100081,Harish,1991-12-24,1,1,0,2021-12-11
82,3,12,6,2,KGID100082,Salman,1980-06-02,1,8,0,2009-11-06
83,3,12,7,3,KGID100083,Peter,1981-04-03,1,5,0,2007-03-09
84,3,12,7,4,KGID100084,Peter,1980-09-26,1,3,0,2004-01-23
85,3,12,6,2,KGID100085,Nagaraj,1995-11-13,1,2,0,2023-09-25
86,3,12,7,4,KGID100086,Umesh,1980-04-14,1,3,0,2002-06-05
87,3,12,7,3,KGID100087,Divya,1993-09-24,2,2,0,2017-02-17
88,3,12,5,1,KGID100088,Basavaraj,1984-12-26,1,5,0,2010-10-16
89,3,12,4,4,KGID100089,Karthik,1983-08-20,1,1,0,2011-02-18
90,4,13,6,4,KGID100090,Rekha,1974-01-12,2,4,0,2002-04-10
91,4,13,5,4,KGID100091,Shivakumar,1990-01-09,1,1,0,2016-10-25
92,4,13,5,1,KGID100092,Joseph,1991-04-14,1,3,0,2015-08-20
93,4,13,7,4,KGID100093,Santosh,1983-11-25,1,8,0,2010-12-08
94,4,13,4,2,KGID100094,Salman,1993-12-02,1,5,0,2020-12-29
95,4,13,6,2,KGID100095,Abdul,1984-06-19,1,3,0,2007-09-27
96,4,13,6,4,KGID100096,Rekha,1975-08-25,2,5,0,2001-01-29
97,4,13,6,3,KGID100097,Girish,1979-04-07,1,8,0,2006-11-10
98,4,13,4,1,KGID100098,Raghavendra,1990-07-17,1,4,0,2015-05-02
99,4,13,5,4,KGID100099,Pooja,1970-09-15,2,1,0,2000-03-24
100,4,14,6,3,KGID100100,Imran,1979-06-19,1,8,0,2003-06-26
101,4,14,4,2,KGID100101,Raghavendra,1980-12-03,1,6,0,2010-06-03
102,4,14,4,3,KGID100102,Abdul,1997-09-06,1,2,0,2025-11-01
103,4,14,7,4,KGID100103,Joseph,1987-07-06,1,8,0,2009-07-04
104,4,14,4,2,KGID100104,Umesh,1991-04-13,1,5,0,2018-03-22
105,4,14,7,4,KGID100105,Ayesha,1974-02-18,2,4,0,1996-06-10
106,4,14,5,1,KGID100106,Ravi,1983-11-19,1,8,0,2006-11-29
107,4,15,5,3,KGID100107,Salman,1987-04-26,1,8,0,2017-03-18
108,4,15,6,4,KGID100108,Venkatesh,1983-01-20,1,3,0,2007-03-05
109,4,15,5,1,KGID100109,Arun,1981-07-25,1,5,0,2009-03-29
110,4,15,6,3,KGID100110,Pooja,1975-01-21,2,6,0,2002-01-18
111,4,15,7,2,KGID100111,Lokesh,1980-12-12,1,7,0,2005-01-17
112,4,15,7,3,KGID100112,Suresh,1995-05-04,1,7,0,2022-08-17
113,4,15,5,4,KGID100113,Imran,1986-11-08,1,6,0,2009-04-02
114,4,16,6,2,KGID100114,Shivakumar,1994-08-01,1,2,0,2018-03-08
115,4,16,5,4,KGID100115,Roopa,1992-02-10,2,7,0,2014-12-29
116,4,16,6,1,KGID100116,Joseph,1988-05-29,1,4,0,2010-10-18
117,4,16,7,1,KGID100117,Shobha,1984-10-07,2,8,0,2007-11-09
118,4,16,5,2,KGID100118,Ravi,1981-01-14,1,6,0,2003-08-26
119,4,16,5,2,KGID100119,Raghavendra,1993-03-14,1,2,0,2017-03-15
120,4,16,5,2,KGID100120,Abdul,1986-12-07,1,8,0,2015-06-16
121,4,16,5,4,KGID100121,Abdul,1997-05-18,1,3,0,2024-07-30
122,4,16,7,2,KGID100122,Pooja,1991-09-28,2,8,0,2018-06-25
123,5,17,6,2,KGID100123,Fathima,1978-01-26,2,5,0,2004-05-01
124,5,17,6,1,KGID100124,Karthik,1979-05-05,1,8,0,2001-06-01
125,5,17,5,4,KGID100125,Shobha,1977-06-14,2,5,0,2006-07-29
126,5,17,7,1,KGID100126,Abdul,1991-05-18,1,5,0,2014-06-13
127,5,17,5,3,KGID100127,Umesh,1973-01-25,1,3,0,1998-05-12
128,5,17,5,2,KGID100128,Umesh,1987-01-28,1,8,0,2012-02-12
129,5,17,6,1,KGID100129,Naveen,1997-05-13,1,3,0,2020-08-21
130,5,18,6,1,KGID100130,Meena,1982-06-12,2,5,0,2005-06-10
131,5,18,7,2,KGID100131,Abdul,1989-11-21,1,2,0,2016-02-23
132,5,18,5,1,KGID100132,Deepak,1981-02-28,1,8,0,2009-12-26
133,5,18,4,2,KGID100133,Raghavendra,1974-10-04,1,8,0,1997-04-01
134,5,18,5,4,KGID100134,Venkatesh,1983-03-23,1,7,0,2010-04-18
135,5,18,6,3,KGID100135,Raghavendra,1998-05-14,1,5,0,2025-11-02
136,5,18,4,2,KGID100136,Shivakumar,1978-01-13,1,6,0,2004-02-01
137,5,19,5,4,KGID100137,Prakash,1973-02-13,1,1,0,2002-07-15
138,5,19,6,2,KGID100138,Kiran,1976-12-25,1,4,0,1999-09-27
139,5,19,4,2,KGID100139,Joseph,1996-10-31,1,3,0,2025-07-02
140,5,19,4,2,KGID100140,Arun,1973-09-28,1,1,0,2003-02-20
141,5,19,5,1,KGID100141,Anand,1970-07-16,1,3,0,1994-06-23
142,5,19,5,4,KGID100142,Peter,1986-03-16,1,2,0,2013-03-20
143,5,19,6,2,KGID100143,Deepak,1994-09-29,1,8,0,2024-02-12
144,5,19,4,3,KGID100144,Basavaraj,1984-07-03,1,8,0,2014-03-08
145,5,20,6,4,KGID100145,Kiran,1974-04-18,1,6,0,1999-05-13
146,5,20,6,1,KGID100146,Girish,1987-03-15,1,2,0,2015-12-22
147,5,20,6,3,KGID100147,Joseph,1994-07-12,1,4,0,2018-12-03
148,5,20,5,3,KGID100148,Meena,1994-10-29,2,6,0,2017-11-16
149,5,20,4,1,KGID100149,Kiran,1972-04-14,1,7,0,1995-04-17
150,5,20,6,4,KGID100150,Arun,1988-12-06,1,6,0,2011-08-03
151,6,21,5,4,KGID100151,Abdul,1994-07-15,1,5,0,2017-02-04
152,6,21,5,1,KGID100152,Vinay,1992-05-06,1,6,0,2019-09-27
153,6,21,6,4,KGID100153,Joseph,1989-07-14,1,1,0,2014-01-20
154,6,21,5,2,KGID100154,Salman,1970-12-26,1,6,0,1994-12-28
155,6,21,4,2,KGID100155,Kiran,1992-05-14,1,1,0,2018-11-05
156,6,21,5,2,KGID100156,Lokesh,1985-06-08,1,5,0,2011-03-30
157,6,21,5,4,KGID100157,Anand,1971-10-16,1,1,0,1995-07-09
158,6,21,6,3,KGID100158,Abdul,1986-07-11,1,5,0,2015-04-26
159,6,21,7,4,KGID100159,Umesh,1973-10-10,1,8,0,1998-12-08
160,6,22,5,2,KGID100160,Lokesh,1970-04-06,1,3,0,1994-07-16
161,6,22,5,2,KGID100161,Prakash,1986-12-04,1,7,0,2013-09-26
162,6,22,7,1,KGID100162,Venkatesh,1972-06-14,1,7,1,1998-11-21
163,6,22,6,3,KGID100163,Roopa,1984-08-09,2,5,0,2013-01-07
164,6,22,6,2,KGID100164,Mahesh,1997-04-07,1,2,0,2026-03-07
165,6,22,4,3,KGID100165,Raghavendra,1983-08-17,1,5,0,2011-06-27
166,6,22,7,1,KGID100166,Joseph,1972-08-07,1,4,0,2000-04-22
167,6,22,5,2,KGID100167,Peter,1978-01-15,1,4,0,2001-03-06
168,6,23,6,3,KGID100168,Imran,1976-01-11,1,8,0,2005-01-20
169,6,23,5,3,KGID100169,Shruthi,1991-05-05,2,2,0,2016-11-13
170,6,23,5,4,KGID100170,Arun,1990-02-14,1,2,0,2012-09-26
171,6,23,4,1,KGID100171,Suresh,1998-04-19,1,7,0,2023-07-02
172,6,23,7,2,KGID100172,Arun,1985-04-21,1,6,0,2013-09-12
173,6,23,7,1,KGID100173,Suresh,1973-07-10,1,3,0,1999-05-11
174,6,23,5,2,KGID100174,Shivakumar,1987-10-15,1,6,0,2016-08-10
175,6,24,7,2,KGID100175,Mahesh,1996-11-08,1,2,0,2025-11-30
176,6,24,6,2,KGID100176,Lokesh,1978-07-29,1,6,0,2007-12-03
177,6,24,7,3,KGID100177,Umesh,1992-04-28,1,3,0,2022-02-20
178,6,24,5,2,KGID100178,Kavitha,1982-10-26,2,2,0,2012-01-07
179,6,24,5,2,KGID100179,Umesh,1982-05-04,1,6,0,2007-10-15
180,6,24,5,1,KGID100180,Harish,1975-04-10,1,1,0,1998-02-14
181,6,24,5,2,KGID100181,Shruthi,1990-04-28,2,3,0,2016-07-13
182,6,24,4,3,KGID100182,Arun,1994-07-16,1,6,0,2021-06-06
183,6,24,5,4,KGID100183,Shivakumar,1995-08-08,1,4,0,2022-08-14
184,7,25,6,3,KGID100184,Asha,1993-01-29,2,5,0,2021-06-17
185,7,25,6,2,KGID100185,Raghavendra,1997-10-17,1,5,0,2022-01-06
186,7,25,6,1,KGID100186,Umesh,1973-06-28,1,5,0,2003-06-14
187,7,25,4,2,KGID100187,Shivakumar,1975-01-06,1,8,0,2001-11-26
188,7,25,5,2,KGID100188,Bhagya,1983-06-28,2,7,0,2011-02-07
189,7,25,5,2,KGID100189,Ravi,1973-05-16,1,3,0,2002-08-24
190,7,25,6,3,KGID100190,Fathima,1995-10-27,2,1,0,2025-09-18
191,7,25,6,3,KGID100191,Vinay,1988-09-03,1,2,0,2017-06-26
192,7,25,7,4,KGID100192,Prakash,1978-02-11,1,8,0,2004-10-21
193,7,26,7,2,KGID100193,Ravi,1989-07-26,1,5,0,2014-04-06
194,7,26,7,1,KGID100194,Harish,1984-03-04,1,6,0,2008-04-04
195,7,26,6,3,KGID100195,Chandrashekar,1988-11-08,1,1,0,2011-01-25
196,7,26,5,2,KGID100196,Padma,1982-02-24,2,2,0,2004-11-21
197,7,26,6,2,KGID100197,Mahesh,1971-07-05,1,3,0,1997-06-11
198,7,26,5,1,KGID100198,Salman,1991-06-30,1,8,0,2015-07-10
199,7,26,5,4,KGID100199,Arun,1971-06-05,1,7,0,1996-12-12
200,7,26,5,2,KGID100200,Nagaraj,1995-08-19,1,6,0,2024-11-13
201,7,26,5,3,KGID100201,Imran,1979-04-19,1,7,0,2002-09-04
202,7,27,5,4,KGID100202,Santosh,1993-07-19,1,5,0,2021-02-09
203,7,27,6,2,KGID100203,Manjunath,1990-07-02,1,6,0,2014-07-05
204,7,27,7,3,KGID100204,Girish,1985-03-04,1,3,0,2013-11-30
205,7,27,5,1,KGID100205,Suresh,1990-12-03,1,2,0,2017-10-13
206,7,27,6,3,KGID100206,Chandrashekar,1971-01-23,1,1,0,1994-08-24
207,7,27,6,1,KGID100207,Imran,1982-04-28,1,3,0,2008-08-07
208,7,27,6,2,KGID100208,Vani,1995-12-19,2,6,0,2018-10-23
209,7,27,6,4,KGID100209,Harish,1970-11-19,1,7,0,1994-12-15
210,7,27,5,4,KGID100210,Joseph,1993-12-15,1,5,0,2020-12-10
211,7,28,7,3,KGID100211,Kiran,1985-05-19,1,2,0,2009-04-20
212,7,28,6,4,KGID100212,Roopa,1994-02-21,2,5,0,2016-11-07
213,7,28,4,2,KGID100213,Sunitha,1987-04-24,2,3,0,2011-10-23
214,7,28,6,4,KGID100214,Umesh,1989-06-22,1,3,0,2015-08-06
215,7,28,6,3,KGID100215,Girish,1994-05-24,1,7,0,2021-09-29
216,7,28,7,4,KGID100216,Mahesh,1985-04-24,1,6,0,2012-07-09
217,7,28,6,4,KGID100217,Divya,1976-03-11,2,1,0,1999-08-16
218,7,28,7,2,KGID100218,Girish,1975-07-06,1,6,0,2001-02-10
219,7,28,7,4,KGID100219,Girish,1978-07-12,1,5,0,2002-09-18
220,8,29,6,4,KGID100220,Manjunath,1991-10-23,1,3,0,2015-09-07
221,8,29,4,1,KGID100221,Deepak,1998-09-01,1,2,0,2026-12-21
222,8,29,6,3,KGID100222,Anand,1992-02-26,1,1,0,2016-07-02
223,8,29,7,3,KGID100223,Girish,1986-06-07,1,5,0,2011-03-01
224,8,29,6,2,KGID100224,Santosh,1984-02-22,1,6,0,2011-07-23
225,8,29,6,2,KGID100225,Salman,1994-12-25,1,6,0,2020-11-02
226,8,29,6,2,KGID100226,Harish,1974-03-03,1,3,0,1999-02-25
227,8,29,5,4,KGID100227,Lokesh,1978-06-13,1,6,0,2002-03-23
228,8,30,6,1,KGID100228,Chandrashekar,1986-12-21,1,2,0,2012-05-31
229,8,30,4,1,KGID100229,Harish,1989-11-06,1,5,0,2015-10-16
230,8,30,4,3,KGID100230,Fathima,1988-04-05,2,3,0,2010-05-03
231,8,30,6,1,KGID100231,Joseph,1982-06-14,1,4,0,2004-12-10
232,8,30,5,4,KGID100232,Lokesh,1985-04-28,1,2,0,2013-06-22
233,8,30,5,2,KGID100233,Umesh,1988-12-24,1,7,0,2015-01-24
234,8,30,6,3,KGID100234,Kiran,1997-05-10,1,3,0,2024-08-26
235,8,31,6,2,KGID100235,Deepak,1975-07-13,1,6,0,2001-12-02
236,8,31,4,2,KGID100236,Basavaraj,1980-03-14,1,6,0,2007-07-06
237,8,31,7,1,KGID100237,Pooja,1997-02-09,2,8,0,2026-10-23
238,8,31,7,1,KGID100238,Joseph,1989-08-27,1,8,0,2014-03-11
239,8,31,5,1,KGID100239,Deepak,1975-01-11,1,2,0,2004-08-24
240,8,31,5,3,KGID100240,Raghavendra,1984-01-20,1,8,0,2013-10-12
241,8,31,6,2,KGID100241,Suresh,1987-08-25,1,8,0,2011-12-16
242,8,31,6,2,KGID100242,Santosh,1988-02-21,1,5,0,2013-12-18
243,8,31,5,2,KGID100243,Harish,1988-12-27,1,5,0,2014-04-27
244,8,31,6,2,KGID100244,Basavaraj,1986-04-29,1,5,0,2012-03-21
245,8,32,5,1,KGID100245,Lokesh,1996-04-21,1,5,0,2019-12-06
246,8,32,5,2,KGID100246,Shivakumar,1995-06-06,1,5,0,2022-10-14
247,8,32,5,2,KGID100247,Kiran,1990-12-13,1,1,0,2019-07-07
248,8,32,6,2,KGID100248,Imran,1971-10-15,1,8,0,1994-11-23
249,8,32,7,3,KGID100249,Ravi,1975-05-17,1,8,0,2001-12-02
250,8,32,4,1,KGID100250,Girish,1979-09-18,1,4,0,2008-12-09
251,8,32,4,3,KGID100251,Suresh,1984-03-21,1,8,0,2008-03-05
252,8,32,5,4,KGID100252,Naveen,1971-04-11,1,2,0,1993-05-12
253,8,32,5,4,KGID100253,Shivakumar,1987-11-04,1,8,0,2015-05-14
254,8,32,7,2,KGID100254,Roopa,1994-11-17,2,3,1,2022-01-03
255,9,33,7,3,KGID100255,Anand,1975-12-21,1,7,0,2004-10-21
256,9,33,6,2,KGID100256,Abdul,1976-04-15,1,4,1,1999-11-06
257,9,33,6,4,KGID100257,Shivakumar,1981-03-20,1,1,0,2006-08-02
258,9,33,6,2,KGID100258,Harish,1992-09-20,1,3,0,2016-01-12
259,9,33,7,2,KGID100259,Salman,1993-06-27,1,6,0,2016-10-14
260,9,33,7,4,KGID100260,Kiran,1975-03-19,1,6,0,2002-04-19
261,9,33,5,2,KGID100261,Basavaraj,1997-04-15,1,2,0,2026-09-20
262,9,33,4,4,KGID100262,Umesh,1989-03-13,1,4,0,2012-06-09
263,9,34,7,2,KGID100263,Naveen,1985-01-13,1,8,0,2008-04-28
264,9,34,6,3,KGID100264,Arun,1985-06-06,1,8,0,2008-11-22
265,9,34,6,2,KGID100265,Abdul,1994-08-11,1,1,0,2016-11-02
266,9,34,4,4,KGID100266,Suresh,1981-09-21,1,1,0,2011-07-24
267,9,34,5,2,KGID100267,Basavaraj,1979-10-08,1,7,0,2006-05-03
268,9,34,7,4,KGID100268,Ayesha,1982-10-13,2,3,0,2005-08-31
269,9,34,5,2,KGID100269,Santosh,1983-05-17,1,1,0,2011-04-16
270,9,35,6,2,KGID100270,Peter,1984-06-06,1,4,0,2012-05-18
271,9,35,6,4,KGID100271,Vinay,1971-02-05,1,1,0,2000-06-26
272,9,35,7,1,KGID100272,Deepak,1985-03-11,1,4,0,2013-11-17
273,9,35,5,4,KGID100273,Harish,1977-05-24,1,5,0,2000-01-05
274,9,35,7,2,KGID100274,Pooja,1989-08-25,2,4,0,2018-05-04
275,9,35,5,2,KGID100275,Abdul,1977-07-10,1,1,0,2004-02-22
276,9,35,6,4,KGID100276,Peter,1991-04-20,1,8,0,2020-11-23
277,9,35,5,3,KGID100277,Imran,1996-09-26,1,7,0,2024-08-08
278,9,36,5,2,KGID100278,Venkatesh,1978-03-14,1,8,0,2002-09-17
279,9,36,6,2,KGID100279,Raghavendra,1988-01-13,1,5,0,2011-07-10
280,9,36,7,2,KGID100280,Shivakumar,1973-02-23,1,1,0,2001-02-19
281,9,36,6,4,KGID100281,Deepak,1972-06-23,1,4,0,1996-07-27
282,9,36,5,1,KGID100282,Roopa,1970-07-10,2,8,0,1994-11-18
283,9,36,6,2,KGID100283,Salman,1983-07-01,1,5,0,2008-03-01
284,9,36,6,3,KGID100284,Umesh,1978-11-25,1,8,0,2004-12-01
285,9,36,5,3,KGID100285,Fathima,1976-11-29,2,1,0,2003-01-20
286,9,36,6,4,KGID100286,Kiran,1978-11-15,1,7,0,2007-01-23
287,10,37,6,4,KGID100287,Lokesh,1998-05-10,1,6,0,2023-02-04
288,10,37,5,2,KGID100288,Fathima,1975-09-22,2,8,0,2001-08-28
289,10,37,7,1,KGID100289,Savitha,1971-02-25,2,1,0,1993-12-20
290,10,37,4,2,KGID100290,Shobha,1994-01-23,2,8,0,2017-09-27
291,10,37,4,1,KGID100291,Abdul,1992-06-07,1,7,1,2019-11-21
292,10,37,6,3,KGID100292,Nagaraj,1979-10-03,1,3,0,2001-12-06
293,10,37,6,2,KGID100293,Kiran,1976-07-13,1,6,0,2005-06-19
294,10,38,7,2,KGID100294,Lokesh,1989-03-23,1,5,0,2013-12-08
295,10,38,6,4,KGID100295,Savitha,1983-10-16,2,8,0,2010-01-10
296,10,38,7,2,KGID100296,Santosh,1987-01-04,1,2,0,2013-11-10
297,10,38,6,2,KGID100297,Shobha,1993-07-22,2,1,0,2021-11-23
298,10,38,4,2,KGID100298,Nagaraj,1989-03-05,1,6,1,2018-07-16
299,10,38,5,4,KGID100299,Kiran,1972-08-14,1,4,0,1997-12-16
300,10,38,7,1,KGID100300,Divya,1983-01-23,2,6,0,2006-08-13
301,10,38,6,4,KGID100301,Karthik,1981-08-03,1,7,0,2010-05-11
302,10,38,6,2,KGID100302,Imran,1996-08-29,1,6,0,2023-09-12
303,10,39,4,4,KGID100303,Abdul,1992-06-24,1,5,0,2018-09-22
304,10,39,7,2,KGID100304,Manjunath,1975-04-01,1,7,0,2001-06-29
305,10,39,5,1,KGID100305,Ravi,1985-02-17,1,3,0,2011-02-25
306,10,39,4,1,KGID100306,Venkatesh,1987-06-09,1,2,0,2013-12-30
307,10,39,5,3,KGID100307,Deepak,1983-02-09,1,7,0,2005-03-25
308,10,39,5,3,KGID100308,Venkatesh,1989-06-18,1,3,0,2017-04-16
309,10,39,6,2,KGID100309,Basavaraj,1972-02-26,1,7,0,1996-01-05
310,10,39,6,4,KGID100310,Umesh,1978-05-23,1,4,0,2007-05-21
311,10,39,6,2,KGID100311,Ravi,1981-04-21,1,8,0,2010-03-30
312,10,40,5,3,KGID100312,Mahesh,1986-04-19,1,6,0,2011-10-21
313,10,40,5,3,KGID100313,Basavaraj,1996-08-10,1,5,0,2021-04-23
314,10,40,6,2,KGID100314,Prakash,1976-10-19,1,1,0,2005-06-04
315,10,40,7,1,KGID100315,Salman,1984-12-01,1,7,0,2010-03-03
316,10,40,5,3,KGID100316,Girish,1978-08-07,1,7,0,2007-12-20
317,10,40,6,3,KGID100317,Fathima,1983-08-22,2,1,0,2011-08-13
318,10,40,4,1,KGID100318,Arun,1990-03-16,1,4,0,2019-05-06
319,10,40,7,3,KGID100319,Imran,1989-03-01,1,6,0,2018-05-20
320,10,40,6,4,KGID100320,Ravi,1978-10-21,1,4,0,2003-04-12
321,10,40,5,2,KGID100321,Joseph,1993-06-29,1,1,0,2021-02-01
322,11,41,5,2,KGID100322,Manjunath,1998-04-15,1,6,0,2021-11-10
323,11,41,6,3,KGID100323,Basavaraj,1986-03-15,1,6,0,2009-04-12
324,11,41,7,1,KGID100324,Salman,1970-10-08,1,3,0,1996-08-07
325,11,41,5,4,KGID100325,Chandrashekar,1988-10-11,1,7,0,2012-07-22
326,11,41,7,3,KGID100326,Lokesh,1976-05-05,1,7,0,2005-07-05
327,11,41,6,1,KGID100327,Vinay,1990-02-24,1,4,0,2016-12-13
328,11,41,6,2,KGID100328,Arun,1989-08-24,1,6,0,2012-10-08
329,11,41,5,4,KGID100329,Nagaraj,1987-12-16,1,7,0,2017-02-08
330,11,42,7,2,KGID100330,Umesh,1991-01-03,1,2,0,2014-12-04
331,11,42,5,2,KGID100331,Harish,1973-12-24,1,7,0,1998-01-06
332,11,42,7,4,KGID100332,Lokesh,1976-04-27,1,3,0,2003-10-06
333,11,42,6,1,KGID100333,Kiran,1980-09-14,1,6,0,2007-09-30
334,11,42,7,3,KGID100334,Vinay,1989-02-09,1,7,0,2016-10-05
335,11,42,4,4,KGID100335,Karthik,1986-08-18,1,1,0,2010-06-28
336,11,42,5,2,KGID100336,Suresh,1977-08-26,1,8,0,2005-08-31
337,11,42,6,1,KGID100337,Basavaraj,1987-05-20,1,5,0,2010-08-20
338,11,42,7,3,KGID100338,Vani,1997-12-28,2,4,0,2020-06-10
339,11,42,6,2,KGID100339,Karthik,1980-02-17,1,6,0,2002-06-23
340,11,43,7,2,KGID100340,Prakash,1977-02-21,1,7,0,2005-09-20
341,11,43,6,2,KGID100341,Vinay,1997-05-28,1,5,0,2020-01-21
342,11,43,5,4,KGID100342,Salman,1979-11-05,1,2,0,2008-04-01
343,11,43,5,2,KGID100343,Raghavendra,1979-06-09,1,4,0,2008-10-10
344,11,43,6,2,KGID100344,Harish,1986-08-27,1,7,0,2010-03-26
345,11,43,7,2,KGID100345,Arun,1983-09-16,1,6,0,2011-06-22
346,11,44,7,2,KGID100346,Ravi,1994-11-14,1,2,0,2021-12-29
347,11,44,5,2,KGID100347,Raghavendra,1986-11-01,1,6,0,2011-10-30
348,11,44,7,1,KGID100348,Naveen,1996-10-27,1,1,0,2022-08-29
349,11,44,6,3,KGID100349,Shivakumar,1974-03-24,1,1,0,1997-12-25
350,11,44,5,2,KGID100350,Salman,1992-02-12,1,2,0,2017-06-26
351,11,44,7,2,KGID100351,Umesh,1971-10-06,1,4,0,1998-03-11
352,11,44,4,2,KGID100352,Prakash,1977-04-06,1,4,0,2004-08-05
353,11,44,6,2,KGID100353,Ravi,1997-10-20,1,8,0,2021-02-19
354,11,44,5,2,KGID100354,Peter,1973-07-06,1,3,0,1999-01-04
355,12,45,6,1,KGID100355,Abdul,1972-04-30,1,3,0,2000-04-05
356,12,45,7,3,KGID100356,Imran,1984-01-04,1,4,0,2012-11-25
357,12,45,5,3,KGID100357,Joseph,1990-01-22,1,6,0,2016-05-07
358,12,45,6,4,KGID100358,Imran,1978-06-12,1,5,0,2006-08-20
359,12,45,6,4,KGID100359,Naveen,1976-12-28,1,4,0,2004-10-12
360,12,45,4,2,KGID100360,Suresh,1986-11-03,1,8,0,2013-02-24
361,12,45,6,4,KGID100361,Ravi,1980-10-07,1,7,0,2004-03-25
362,12,46,4,1,KGID100362,Joseph,1970-07-27,1,5,0,1999-02-20
363,12,46,7,4,KGID100363,Meena,1979-10-01,2,7,0,2008-10-12
364,12,46,5,2,KGID100364,Imran,1988-04-17,1,2,0,2017-03-09
365,12,46,6,4,KGID100365,Vinay,1988-04-02,1,2,0,2013-11-25
366,12,46,4,3,KGID100366,Naveen,1971-12-21,1,2,0,1996-09-11
367,12,46,7,2,KGID100367,Girish,1974-01-24,1,1,0,1996-03-10
368,12,46,5,2,KGID100368,Mary,1996-08-22,2,3,0,2021-07-13
369,12,47,5,4,KGID100369,Prakash,1981-05-26,1,2,0,2008-03-13
370,12,47,5,1,KGID100370,Rekha,1985-06-28,2,8,0,2013-03-15
371,12,47,6,1,KGID100371,Santosh,1996-04-24,1,4,0,2019-06-14
372,12,47,6,2,KGID100372,Naveen,1978-04-28,1,7,0,2000-10-27
373,12,47,6,2,KGID100373,Naveen,1988-10-23,1,6,0,2018-02-23
374,12,47,6,2,KGID100374,Roopa,1998-02-08,2,2,0,2020-12-18
375,12,47,4,3,KGID100375,Sunitha,1997-05-14,2,2,0,2025-02-18
376,12,47,6,1,KGID100376,Kavitha,1972-12-09,2,6,0,2001-02-15
377,12,48,6,3,KGID100377,Peter,1985-10-14,1,4,0,2011-11-25
378,12,48,6,1,KGID100378,Arun,1975-02-15,1,4,0,1997-03-07
379,12,48,7,3,KGID100379,Salman,1981-05-26,1,5,0,2003-05-26
380,12,48,5,2,KGID100380,Harish,1986-09-28,1,2,0,2009-05-25
381,12,48,5,3,KGID100381,Naveen,1984-01-21,1,2,0,2013-11-24
382,12,48,6,1,KGID100382,Imran,1972-07-18,1,7,0,2001-03-02
383,12,48,6,2,KGID100383,Girish,1998-12-14,1,6,0,2024-06-20
384,12,48,4,2,KGID100384,Vinay,1996-07-15,1,2,0,2025-01-28
385,12,48,5,3,KGID100385,Raghavendra,1988-03-27,1,5,0,2014-03-28
386,12,48,5,4,KGID100386,Rekha,1997-06-24,2,1,0,2027-02-27
387,13,49,6,1,KGID100387,Salman,1982-02-08,1,5,0,2008-07-14
388,13,49,7,4,KGID100388,Lakshmi,1985-05-21,2,4,0,2013-08-09
389,13,49,4,2,KGID100389,Arun,1974-02-18,1,3,0,1996-04-01
390,13,49,5,1,KGID100390,Abdul,1989-10-24,1,1,0,2018-05-15
391,13,49,4,2,KGID100391,Imran,1997-07-15,1,2,0,2020-12-18
392,13,49,6,1,KGID100392,Santosh,1984-09-27,1,7,0,2011-02-25
393,13,49,6,2,KGID100393,Vinay,1979-05-11,1,1,0,2004-06-24
394,13,49,6,3,KGID100394,Imran,1986-12-23,1,1,0,2013-07-31
395,13,50,6,1,KGID100395,Vinay,1978-06-24,1,7,0,2007-07-15
396,13,50,6,2,KGID100396,Venkatesh,1981-09-15,1,7,0,2010-01-12
397,13,50,4,3,KGID100397,Deepak,1970-12-31,1,6,0,1996-02-18
398,13,50,5,2,KGID100398,Sunitha,1978-06-08,2,1,0,2007-10-14
399,13,50,5,2,KGID100399,Pooja,1982-01-27,2,6,0,2006-01-02
400,13,50,5,4,KGID100400,Anand,1993-12-08,1,3,0,2023-10-11
401,13,50,5,3,KGID100401,Arun,1988-06-12,1,1,0,2013-11-23
402,13,50,4,2,KGID100402,Harish,1987-11-30,1,4,0,2015-04-04
403,13,50,5,4,KGID100403,Santosh,1972-01-11,1,3,0,1994-04-04
404,13,51,6,4,KGID100404,Rekha,1993-12-21,2,2,0,2023-05-20
405,13,51,6,2,KGID100405,Santosh,1996-12-10,1,3,0,2026-02-04
406,13,51,6,2,KGID100406,Deepak,1977-08-06,1,7,0,2007-01-17
407,13,51,7,4,KGID100407,Kiran,1994-10-19,1,7,0,2016-10-20
408,13,51,5,4,KGID100408,Anand,1976-03-12,1,4,0,2004-12-07
409,13,51,5,2,KGID100409,Basavaraj,1981-04-08,1,6,0,2004-02-15
410,13,51,5,2,KGID100410,Rekha,1985-03-13,2,4,0,2007-04-23
411,13,51,4,3,KGID100411,Arun,1994-07-06,1,8,0,2016-07-05
412,13,51,6,3,KGID100412,Bhagya,1982-11-20,2,2,0,2008-10-22
413,13,51,4,1,KGID100413,Anand,1975-07-15,1,5,0,2002-07-31
414,13,52,5,1,KGID100414,Rekha,1975-10-15,2,2,0,2001-12-24
415,13,52,5,4,KGID100415,Fathima,1984-09-04,2,7,0,2013-12-28
416,13,52,6,4,KGID100416,Vinay,1983-12-05,1,5,0,2013-09-23
417,13,52,6,3,KGID100417,Prakash,1983-05-15,1,3,0,2011-10-06
418,13,52,7,4,KGID100418,Manjunath,1998-01-13,1,8,0,2027-06-11
419,13,52,4,2,KGID100419,Santosh,1972-10-15,1,7,0,2000-01-31
420,13,52,6,2,KGID100420,Padma,1991-11-03,2,6,0,2019-12-04
421,13,52,6,2,KGID100421,Shivakumar,1978-12-17,1,4,0,2005-11-16
422,14,53,5,4,KGID100422,Joseph,1972-12-01,1,7,0,2002-05-24
423,14,53,6,3,KGID100423,Venkatesh,1998-08-11,1,8,0,2024-12-07
424,14,53,6,4,KGID100424,Girish,1983-06-08,1,3,0,2005-10-22
425,14,53,5,1,KGID100425,Santosh,1977-03-18,1,7,0,2001-05-10
426,14,53,5,2,KGID100426,Vinay,1998-05-19,1,2,0,2027-01-14
427,14,53,6,1,KGID100427,Venkatesh,1979-05-26,1,7,0,2007-03-18
428,14,53,4,4,KGID100428,Anand,1989-10-29,1,2,0,2012-12-07
429,14,53,7,3,KGID100429,Vani,1978-12-27,2,8,0,2005-04-07
430,14,53,5,2,KGID100430,Kiran,1971-04-27,1,1,0,1997-09-28
431,14,53,5,2,KGID100431,Vani,1981-06-30,2,8,0,2006-11-17
432,14,54,5,2,KGID100432,Shobha,1980-03-23,2,7,0,2007-03-06
433,14,54,7,3,KGID100433,Shivakumar,1998-01-13,1,6,0,2024-08-01
434,14,54,6,3,KGID100434,Santosh,1980-08-02,1,3,0,2010-07-12
435,14,54,5,1,KGID100435,Anand,1975-11-30,1,4,0,2000-01-22
436,14,54,6,4,KGID100436,Umesh,1979-04-28,1,7,0,2005-06-08
437,14,54,6,3,KGID100437,Ravi,1982-09-03,1,3,0,2010-02-20
438,14,55,7,1,KGID100438,Umesh,1975-07-26,1,5,0,2000-06-13
439,14,55,5,2,KGID100439,Naveen,1996-07-14,1,4,0,2020-12-02
440,14,55,7,2,KGID100440,Ravi,1986-02-17,1,1,0,2009-08-06
441,14,55,5,3,KGID100441,Girish,1984-06-02,1,5,0,2010-08-17
442,14,55,4,4,KGID100442,Chandrashekar,1989-11-20,1,6,0,2013-01-07
443,14,55,6,1,KGID100443,Girish,1993-04-15,1,6,0,2016-06-25
444,14,55,7,2,KGID100444,Naveen,1978-11-20,1,4,0,2008-03-24
445,14,55,7,2,KGID100445,Suresh,1992-06-22,1,1,0,2018-01-16
446,14,55,7,1,KGID100446,Padma,1983-10-08,2,4,0,2010-02-08
447,14,56,6,2,KGID100447,Imran,1992-11-10,1,3,0,2018-11-12
448,14,56,5,2,KGID100448,Sunitha,1973-04-27,2,3,0,2000-08-01
449,14,56,7,2,KGID100449,Rekha,1982-02-02,2,7,0,2006-07-30
450,14,56,4,3,KGID100450,Nagaraj,1980-01-03,1,1,0,2007-03-11
451,14,56,6,1,KGID100451,Deepak,1986-01-25,1,7,0,2010-03-26
452,14,56,5,3,KGID100452,Naveen,1974-09-04,1,8,0,1998-11-27
453,14,56,7,2,KGID100453,Sunitha,1986-08-04,2,6,0,2012-04-21
454,15,57,6,1,KGID100454,Vinay,1989-08-10,1,3,0,2013-05-14
455,15,57,4,1,KGID100455,Lokesh,1986-03-30,1,4,0,2012-07-11
456,15,57,7,1,KGID100456,Roopa,1976-06-26,2,4,0,1998-09-02
457,15,57,6,4,KGID100457,Kavitha,1973-06-30,2,5,0,1999-10-13
458,15,57,6,4,KGID100458,Kavitha,1985-07-07,2,6,0,2013-05-02
459,15,57,5,2,KGID100459,Kiran,1986-09-05,1,7,1,2012-09-09
460,15,58,6,4,KGID100460,Kiran,1994-12-23,1,3,0,2017-03-16
461,15,58,5,4,KGID100461,Arun,1982-10-07,1,1,0,2011-12-06
462,15,58,4,3,KGID100462,Prakash,1971-08-23,1,8,0,2001-05-12
463,15,58,7,1,KGID100463,Basavaraj,1976-12-28,1,5,0,2006-10-09
464,15,58,7,2,KGID100464,Chandrashekar,1991-03-11,1,7,0,2019-12-19
465,15,58,4,3,KGID100465,Peter,1979-08-15,1,4,0,2002-11-18
466,15,58,7,3,KGID100466,Karthik,1976-11-11,1,5,0,2002-11-11
467,15,59,4,1,KGID100467,Vinay,1981-04-01,1,2,0,2005-11-11
468,15,59,4,1,KGID100468,Fathima,1973-01-24,2,5,0,2000-10-14
469,15,59,4,2,KGID100469,Girish,1985-10-18,1,1,0,2008-05-05
470,15,59,4,1,KGID100470,Abdul,1984-06-30,1,1,0,2007-10-12
471,15,59,6,2,KGID100471,Santosh,1982-03-02,1,2,0,2009-01-21
472,15,59,5,3,KGID100472,Prakash,1983-08-15,1,8,0,2010-09-21
473,15,59,7,1,KGID100473,Arun,1973-11-06,1,3,0,1997-04-26
474,15,59,5,4,KGID100474,Fathima,1993-01-30,2,7,0,2019-12-24
475,15,59,4,3,KGID100475,Naveen,1986-06-09,1,8,0,2013-11-23
476,15,59,6,4,KGID100476,Mahesh,1993-12-22,1,4,0,2023-07-24
477,15,60,7,2,KGID100477,Salman,1984-09-23,1,8,0,2014-02-18
478,15,60,6,1,KGID100478,Lokesh,1998-07-20,1,1,0,2026-10-17
479,15,60,5,1,KGID100479,Naveen,1998-12-26,1,8,0,2026-07-12
480,15,60,6,3,KGID100480,Nagaraj,1987-04-01,1,7,0,2011-09-24
481,15,60,6,3,KGID100481,Shivakumar,1985-03-31,1,6,0,2008-03-20
482,15,60,6,1,KGID100482,Imran,1973-06-29,1,1,0,2000-01-01
483,15,60,5,3,KGID100483,Deepak,1987-04-19,1,6,0,2015-08-03
484,15,60,6,4,KGID100484,Harish,1981-04-18,1,8,0,2009-07-24
485,16,61,5,1,KGID100485,Prakash,1995-11-02,1,6,0,2025-03-17
486,16,61,5,1,KGID100486,Arun,1988-08-20,1,1,0,2016-06-22
487,16,61,6,2,KGID100487,Karthik,1973-08-22,1,4,0,1998-06-23
488,16,61,7,2,KGID100488,Asha,1998-01-21,2,2,0,2022-03-06
489,16,61,6,4,KGID100489,Imran,1974-03-12,1,3,0,2001-03-25
490,16,61,6,3,KGID100490,Peter,1988-10-28,1,3,0,2015-08-30
491,16,61,7,4,KGID100491,Karthik,1973-07-10,1,6,0,1999-11-07
492,16,61,5,2,KGID100492,Deepak,1979-04-24,1,8,0,2005-10-03
493,16,62,6,2,KGID100493,Salman,1980-03-03,1,4,0,2010-01-08
494,16,62,7,2,KGID100494,Girish,1992-11-16,1,6,0,2016-05-07
495,16,62,7,3,KGID100495,Venkatesh,1989-10-30,1,5,0,2018-03-19
496,16,62,6,2,KGID100496,Ravi,1973-08-16,1,1,0,1995-11-22
497,16,62,5,2,KGID100497,Joseph,1979-10-02,1,1,0,2009-05-26
498,16,62,6,1,KGID100498,Joseph,1971-02-06,1,4,0,1997-02-08
499,16,62,5,1,KGID100499,Harish,1996-09-08,1,7,0,2026-06-24
500,16,63,5,4,KGID100500,Savitha,1995-04-22,2,8,0,2020-02-09
501,16,63,5,2,KGID100501,Vani,1988-08-07,2,5,0,2017-05-08
502,16,63,4,3,KGID100502,Rekha,1975-11-30,2,1,0,2003-08-29
503,16,63,4,2,KGID100503,Kiran,1989-11-14,1,8,0,2014-09-18
504,16,63,7,4,KGID100504,Kiran,1990-04-23,1,5,0,2012-11-11
505,16,63,5,4,KGID100505,Umesh,1996-09-04,1,4,0,2026-08-06
506,16,63,6,4,KGID100506,Arun,1975-06-04,1,7,0,2002-01-26
507,16,63,5,2,KGID100507,Vinay,1981-04-07,1,8,0,2007-04-18
508,16,64,6,4,KGID100508,Umesh,1978-03-06,1,4,0,2007-05-13
509,16,64,6,2,KGID100509,Mahesh,1997-02-02,1,5,0,2020-05-06
510,16,64,6,3,KGID100510,Joseph,1987-07-02,1,1,0,2015-03-10
511,16,64,5,4,KGID100511,Mahesh,1972-10-20,1,1,0,1995-11-12
512,16,64,4,2,KGID100512,Imran,1993-04-27,1,7,0,2020-01-23
513,16,64,4,1,KGID100513,Geetha,1985-08-17,2,2,0,2011-05-01
514,17,65,6,3,KGID100514,Anand,1978-10-20,1,7,0,2005-05-10
515,17,65,7,4,KGID100515,Abdul,1988-03-13,1,2,0,2010-04-01
516,17,65,4,2,KGID100516,Salman,1982-03-04,1,5,0,2009-10-17
517,17,65,4,3,KGID100517,Shivakumar,1983-06-12,1,3,0,2012-11-02
518,17,65,5,2,KGID100518,Lokesh,1980-01-14,1,6,0,2009-02-17
519,17,65,4,1,KGID100519,Naveen,1974-10-23,1,7,0,1998-03-05
520,17,65,5,3,KGID100520,Kavitha,1995-06-18,2,3,0,2021-04-20
521,17,65,5,4,KGID100521,Karthik,1976-08-12,1,1,0,1999-11-19
522,17,66,4,2,KGID100522,Venkatesh,1979-11-22,1,2,0,2009-05-29
523,17,66,7,2,KGID100523,Mahesh,1974-05-13,1,2,0,2003-11-16
524,17,66,5,4,KGID100524,Vinay,1986-07-14,1,5,0,2013-07-27
525,17,66,6,2,KGID100525,Anand,1997-06-25,1,1,0,2023-01-05
526,17,66,5,2,KGID100526,Salman,1979-06-01,1,8,0,2005-06-06
527,17,66,5,4,KGID100527,Girish,1988-10-08,1,2,0,2011-12-22
528,17,66,7,1,KGID100528,Geetha,1976-09-07,2,2,0,2001-08-15
529,17,66,6,2,KGID100529,Lakshmi,1989-09-12,2,1,0,2016-03-23
530,17,66,5,3,KGID100530,Venkatesh,1992-04-01,1,4,0,2015-11-25
531,17,66,6,4,KGID100531,Naveen,1974-07-22,1,2,0,2001-10-01
532,17,67,5,3,KGID100532,Harish,1995-10-07,1,3,0,2023-07-07
533,17,67,5,3,KGID100533,Geetha,1982-03-17,2,4,0,2004-08-23
534,17,67,6,3,KGID100534,Suresh,1987-08-16,1,8,0,2013-08-28
535,17,67,6,2,KGID100535,Imran,1973-07-06,1,5,0,2003-05-22
536,17,67,7,1,KGID100536,Lokesh,1982-06-06,1,5,0,2011-01-02
537,17,67,6,3,KGID100537,Mary,1982-01-03,2,1,0,2007-11-11
538,17,67,7,2,KGID100538,Santosh,1972-08-16,1,4,0,2000-05-18
539,17,67,6,2,KGID100539,Deepak,1992-06-29,1,2,0,2017-01-22
540,17,67,6,1,KGID100540,Vinay,1975-06-27,1,4,0,2004-09-23
541,17,67,4,4,KGID100541,Santosh,1991-06-03,1,3,0,2019-02-25
542,17,68,7,1,KGID100542,Mary,1990-05-24,2,5,0,2018-09-12
543,17,68,5,3,KGID100543,Deepak,1986-05-22,1,3,0,2010-04-14
544,17,68,7,2,KGID100544,Sunitha,1979-01-01,2,8,0,2002-11-12
545,17,68,4,2,KGID100545,Lokesh,1974-07-02,1,7,0,1997-09-13
546,17,68,4,4,KGID100546,Santosh,1990-12-01,1,2,0,2019-08-17
547,17,68,7,3,KGID100547,Deepak,1998-02-27,1,7,0,2020-02-26
548,17,68,6,2,KGID100548,Chandrashekar,1977-10-22,1,2,0,2005-03-13
549,17,68,6,4,KGID100549,Joseph,1972-11-07,1,7,0,1998-01-05
550,18,69,4,4,KGID100550,Arun,1989-08-31,1,1,0,2017-07-05
551,18,69,4,2,KGID100551,Arun,1983-11-29,1,7,0,2009-12-15
552,18,69,5,4,KGID100552,Naveen,1984-05-30,1,5,0,2012-09-22
553,18,69,6,2,KGID100553,Vinay,1988-10-14,1,6,0,2017-01-08
554,18,69,6,2,KGID100554,Girish,1981-09-19,1,2,0,2011-08-12
555,18,69,6,3,KGID100555,Salman,1973-05-31,1,6,0,1997-10-20
556,18,70,7,1,KGID100556,Salman,1975-06-21,1,2,0,2001-10-25
557,18,70,5,2,KGID100557,Deepak,1972-12-31,1,6,0,1995-09-14
558,18,70,6,2,KGID100558,Lokesh,1990-11-22,1,1,0,2020-03-26
559,18,70,7,4,KGID100559,Fathima,1970-05-14,2,5,0,1994-08-12
560,18,70,6,2,KGID100560,Chandrashekar,1993-10-07,1,1,0,2018-05-07
561,18,70,5,3,KGID100561,Santosh,1979-05-23,1,7,0,2005-11-08
562,18,70,5,4,KGID100562,Peter,1973-01-25,1,6,0,2001-03-20
563,18,70,6,1,KGID100563,Shobha,1985-06-22,2,5,0,2011-12-27
564,18,70,5,1,KGID100564,Venkatesh,1987-02-14,1,5,0,2012-05-28
565,18,70,6,4,KGID100565,Pooja,1993-08-15,2,8,0,2020-07-27
566,18,71,6,1,KGID100566,Ayesha,1989-12-19,2,5,0,2012-04-04
567,18,71,6,2,KGID100567,Harish,1997-03-24,1,1,0,2022-10-02
568,18,71,7,2,KGID100568,Girish,1983-07-29,1,2,0,2013-02-10
569,18,71,5,2,KGID100569,Mahesh,1977-06-09,1,4,0,2005-11-08
570,18,71,5,2,KGID100570,Peter,1979-01-12,1,4,0,2003-05-02
571,18,71,7,3,KGID100571,Joseph,1974-01-29,1,1,0,1996-12-10
572,18,71,5,3,KGID100572,Suresh,1982-08-19,1,5,0,2011-07-30
573,18,71,6,2,KGID100573,Mary,1983-07-16,2,1,0,2008-01-05
574,18,72,6,2,KGID100574,Venkatesh,1987-02-05,1,8,0,2012-12-22
575,18,72,4,2,KGID100575,Shivakumar,1993-06-14,1,7,0,2015-07-13
576,18,72,5,2,KGID100576,Deepak,1976-05-14,1,5,0,2004-07-02
577,18,72,5,3,KGID100577,Umesh,1986-12-21,1,6,0,2013-09-16
578,18,72,6,2,KGID100578,Shivakumar,1989-06-11,1,2,0,2012-11-24
579,18,72,5,2,KGID100579,Divya,1982-12-17,2,8,0,2007-02-22
580,18,72,6,4,KGID100580,Basavaraj,1998-11-25,1,6,0,2027-12-16
581,18,72,4,2,KGID100581,Venkatesh,1971-08-16,1,1,0,1998-01-27
582,18,72,5,2,KGID100582,Karthik,1985-04-22,1,6,0,2011-01-16
583,19,73,6,2,KGID100583,Raghavendra,1981-12-12,1,3,0,2011-07-21
584,19,73,4,3,KGID100584,Mahesh,1986-08-03,1,5,0,2013-08-01
585,19,73,6,4,KGID100585,Sunitha,1984-05-09,2,7,0,2013-06-01
586,19,73,5,2,KGID100586,Santosh,1977-10-07,1,5,0,2003-04-08
587,19,73,6,3,KGID100587,Shivakumar,1995-06-13,1,7,0,2024-01-06
588,19,73,7,1,KGID100588,Geetha,1992-07-11,2,4,0,2017-05-01
589,19,73,4,3,KGID100589,Manjunath,1988-08-29,1,2,0,2011-04-01
590,19,73,5,2,KGID100590,Manjunath,1980-07-11,1,8,0,2005-01-30
591,19,74,5,2,KGID100591,Santosh,1971-03-13,1,8,0,2000-08-14
592,19,74,7,4,KGID100592,Padma,1985-02-19,2,3,0,2008-08-20
593,19,74,7,4,KGID100593,Peter,1984-10-19,1,5,0,2012-08-27
594,19,74,5,3,KGID100594,Harish,1985-01-13,1,5,0,2010-06-22
595,19,74,6,4,KGID100595,Chandrashekar,1981-09-13,1,1,0,2006-11-25
596,19,74,6,2,KGID100596,Joseph,1980-03-12,1,4,0,2002-04-13
597,19,74,6,2,KGID100597,Vinay,1989-01-27,1,3,0,2015-12-17
598,19,75,7,2,KGID100598,Shobha,1972-09-11,2,5,0,1999-06-01
599,19,75,4,2,KGID100599,Arun,1984-01-19,1,3,0,2008-02-22
600,19,75,6,3,KGID100600,Deepak,1979-04-05,1,4,0,2009-02-05
601,19,75,5,2,KGID100601,Venkatesh,1976-04-29,1,3,0,1999-06-16
602,19,75,6,2,KGID100602,Harish,1975-02-16,1,6,0,1997-04-11
603,19,75,4,2,KGID100603,Basavaraj,1985-10-11,1,2,0,2015-07-30
604,19,75,4,4,KGID100604,Savitha,1996-05-23,2,8,0,2022-10-11
605,19,75,4,2,KGID100605,Padma,1998-03-08,2,7,0,2020-04-22
606,19,75,7,1,KGID100606,Peter,1976-10-11,1,4,0,2003-12-06
607,19,76,6,1,KGID100607,Sunitha,1995-05-05,2,5,0,2023-06-28
608,19,76,4,2,KGID100608,Umesh,1992-09-07,1,7,0,2017-02-10
609,19,76,5,1,KGID100609,Nagaraj,1974-01-26,1,1,0,2000-06-29
610,19,76,5,2,KGID100610,Salman,1982-08-21,1,8,0,2005-08-16
611,19,76,7,2,KGID100611,Joseph,1972-01-13,1,2,0,1998-01-02
612,19,76,7,2,KGID100612,Venkatesh,1997-05-29,1,1,0,2024-04-23
613,19,76,7,3,KGID100613,Kiran,1971-05-06,1,5,0,1998-10-08
614,19,76,5,3,KGID100614,Anand,1988-06-30,1,5,0,2014-05-19
615,20,77,5,3,KGID100615,Divya,1972-05-05,2,5,0,2000-04-13
616,20,77,6,3,KGID100616,Shivakumar,1996-05-26,1,3,0,2025-07-16
617,20,77,7,4,KGID100617,Umesh,1980-11-29,1,7,0,2003-08-10
618,20,77,5,2,KGID100618,Joseph,1975-03-31,1,7,0,2004-02-08
619,20,77,5,1,KGID100619,Chandrashekar,1971-06-29,1,4,0,1994-12-06
620,20,77,7,3,KGID100620,Suresh,1991-11-02,1,5,0,2018-03-06
621,20,77,7,3,KGID100621,Salman,1970-06-12,1,2,0,1994-10-08
622,20,77,5,1,KGID100622,Umesh,1995-04-19,1,5,0,2021-12-11
623,20,77,6,1,KGID100623,Karthik,1972-08-26,1,2,0,1997-01-21
624,20,77,5,4,KGID100624,Vinay,1987-11-27,1,3,0,2017-04-03
625,20,78,6,3,KGID100625,Prakash,1982-03-07,1,2,0,2011-09-23
626,20,78,5,4,KGID100626,Lokesh,1981-06-26,1,8,0,2010-11-04
627,20,78,6,3,KGID100627,Divya,1998-09-30,2,6,0,2024-11-24
628,20,78,7,2,KGID100628,Vinay,1996-01-20,1,6,0,2024-03-16
629,20,78,5,4,KGID100629,Lokesh,1994-09-18,1,1,0,2017-01-31
630,20,78,5,2,KGID100630,Kavitha,1980-03-21,2,1,0,2004-09-09
631,20,78,6,4,KGID100631,Padma,1987-05-25,2,3,0,2015-08-14
632,20,78,6,2,KGID100632,Kiran,1979-01-07,1,4,0,2005-02-12
633,20,78,7,1,KGID100633,Anand,1989-05-13,1,6,0,2013-10-14
634,20,78,6,2,KGID100634,Karthik,1997-11-19,1,1,0,2020-12-08
635,20,79,5,3,KGID100635,Joseph,1996-03-25,1,7,0,2021-12-18
636,20,79,6,1,KGID100636,Joseph,1995-06-10,1,7,0,2024-09-28
637,20,79,5,4,KGID100637,Mahesh,1989-03-22,1,4,0,2012-11-18
638,20,79,6,4,KGID100638,Lokesh,1995-08-13,1,2,0,2024-04-09
639,20,79,4,3,KGID100639,Lokesh,1974-07-01,1,1,0,2000-04-01
640,20,79,5,2,KGID100640,Lokesh,1984-10-13,1,8,0,2014-08-05
641,20,79,6,4,KGID100641,Imran,1976-09-03,1,4,0,2004-12-13
642,20,79,4,1,KGID100642,Raghavendra,1993-04-19,1,7,0,2021-09-28
643,20,79,4,2,KGID100643,Mahesh,1990-03-17,1,3,0,2019-07-17
644,20,79,6,1,KGID100644,Arun,1991-03-16,1,4,0,2014-10-28
645,20,80,5,4,KGID100645,Peter,1973-10-28,1,3,0,1996-06-02
646,20,80,5,3,KGID100646,Lakshmi,1993-08-10,2,8,0,2016-11-02
647,20,80,6,2,KGID100647,Venkatesh,1976-12-07,1,8,0,2005-01-17
648,20,80,6,1,KGID100648,Lakshmi,1989-11-02,2,5,0,2019-04-06
649,20,80,7,1,KGID100649,Arun,1971-10-22,1,2,0,1999-01-02
650,20,80,5,3,KGID100650,Naveen,1973-09-02,1,4,0,1995-11-14
651,20,80,6,4,KGID100651,Salman,1980-09-25,1,2,0,2008-02-26
652,20,80,4,2,KGID100652,Shivakumar,1994-03-30,1,5,0,2016-06-20
653,21,81,5,2,KGID100653,Ravi,1993-04-14,1,4,0,2019-03-20
654,21,81,6,1,KGID100654,Padma,1991-04-18,2,5,0,2016-03-02
655,21,81,6,4,KGID100655,Lokesh,1972-12-27,1,4,0,1999-04-05
656,21,81,6,4,KGID100656,Raghavendra,1990-08-07,1,3,0,2016-04-10
657,21,81,7,4,KGID100657,Venkatesh,1974-09-13,1,3,0,2000-02-24
658,21,81,4,4,KGID100658,Geetha,1975-05-19,2,2,0,2000-12-03
659,21,81,6,3,KGID100659,Geetha,1996-01-17,2,5,0,2021-08-08
660,21,81,4,2,KGID100660,Padma,1996-07-05,2,3,0,2020-08-07
661,21,81,6,2,KGID100661,Shruthi,1990-08-10,2,4,0,2018-12-13
662,21,82,6,3,KGID100662,Salman,1974-07-25,1,6,0,2002-03-07
663,21,82,5,1,KGID100663,Basavaraj,1975-07-29,1,7,0,1999-09-22
664,21,82,5,2,KGID100664,Nagaraj,1977-07-28,1,2,0,2007-01-31
665,21,82,6,2,KGID100665,Ayesha,1993-05-28,2,7,0,2019-01-12
666,21,82,6,4,KGID100666,Peter,1994-07-04,1,1,0,2019-12-31
667,21,82,6,3,KGID100667,Karthik,1978-05-12,1,1,0,2006-02-28
668,21,83,6,2,KGID100668,Suresh,1979-11-28,1,5,0,2006-10-27
669,21,83,5,3,KGID100669,Deepak,1993-06-23,1,8,0,2021-04-04
670,21,83,5,3,KGID100670,Santosh,1993-09-08,1,7,0,2021-10-19
671,21,83,6,1,KGID100671,Shivakumar,1994-04-01,1,5,0,2018-07-01
672,21,83,4,1,KGID100672,Salman,1994-06-11,1,8,0,2017-10-24
673,21,83,6,2,KGID100673,Salman,1994-09-25,1,7,0,2022-06-15
674,21,83,5,2,KGID100674,Santosh,1989-03-29,1,3,0,2018-08-15
675,21,83,5,2,KGID100675,Raghavendra,1980-07-13,1,2,0,2007-07-09
676,21,83,6,3,KGID100676,Lakshmi,1970-06-01,2,1,0,1997-07-17
677,21,83,6,3,KGID100677,Vinay,1992-06-09,1,8,0,2019-10-04
678,21,84,6,2,KGID100678,Venkatesh,1991-02-02,1,1,0,2020-02-14
679,21,84,7,4,KGID100679,Umesh,1974-12-12,1,5,0,1997-04-17
680,21,84,7,2,KGID100680,Prakash,1976-01-25,1,3,0,1999-11-10
681,21,84,5,2,KGID100681,Umesh,1973-03-03,1,7,0,1998-07-05
682,21,84,6,2,KGID100682,Karthik,1972-03-17,1,2,0,1997-06-23
683,21,84,7,2,KGID100683,Chandrashekar,1987-11-08,1,1,0,2012-03-10
684,21,84,7,4,KGID100684,Imran,1972-12-25,1,5,0,2000-05-23
685,21,84,5,2,KGID100685,Padma,1989-07-27,2,8,0,2018-07-17
686,21,84,7,2,KGID100686,Basavaraj,1990-09-26,1,4,1,2015-05-01
687,21,84,6,3,KGID100687,Imran,1995-02-03,1,7,0,2019-05-27
688,22,85,5,2,KGID100688,Imran,1970-05-21,1,5,0,1999-07-21
689,22,85,4,2,KGID100689,Chandrashekar,1981-01-08,1,6,0,2003-01-28
690,22,85,5,3,KGID100690,Ravi,1976-08-08,1,8,0,2002-04-17
691,22,85,6,2,KGID100691,Basavaraj,1991-05-05,1,8,0,2018-06-28
692,22,85,5,4,KGID100692,Peter,1998-06-01,1,6,0,2026-03-30
693,22,85,4,2,KGID100693,Anand,1997-03-16,1,5,0,2023-02-26
694,22,85,6,4,KGID100694,Lokesh,1998-08-31,1,7,0,2022-07-05
695,22,85,7,1,KGID100695,Arun,1993-12-30,1,5,0,2019-07-05
696,22,86,5,4,KGID100696,Vani,1998-03-23,2,5,0,2023-08-08
697,22,86,6,1,KGID100697,Suresh,1973-02-24,1,8,0,2000-02-10
698,22,86,5,2,KGID100698,Mahesh,1994-12-03,1,3,0,2022-10-11
699,22,86,6,3,KGID100699,Chandrashekar,1976-12-24,1,2,1,1999-05-17
700,22,86,4,1,KGID100700,Shruthi,1981-05-04,2,5,0,2008-07-23
701,22,86,5,2,KGID100701,Imran,1980-12-01,1,5,0,2005-02-24
702,22,86,5,2,KGID100702,Abdul,1979-04-12,1,2,1,2002-12-08
703,22,86,5,4,KGID100703,Chandrashekar,1977-01-11,1,6,0,2005-02-05
704,22,86,4,2,KGID100704,Kavitha,1978-05-01,2,6,0,2002-03-27
705,22,87,4,1,KGID100705,Basavaraj,1973-08-09,1,7,0,1999-11-22
706,22,87,5,2,KGID100706,Anand,1990-12-21,1,4,0,2016-12-10
707,22,87,6,2,KGID100707,Venkatesh,1995-09-19,1,2,0,2022-12-03
708,22,87,7,3,KGID100708,Ayesha,1985-07-02,2,8,0,2010-12-19
709,22,87,5,2,KGID100709,Naveen,1982-05-14,1,6,0,2008-09-29
710,22,87,6,2,KGID100710,Basavaraj,1981-12-16,1,5,0,2009-04-23
711,22,88,5,4,KGID100711,Chandrashekar,1983-10-21,1,2,0,2006-12-27
712,22,88,6,2,KGID100712,Lokesh,1984-01-26,1,3,0,2008-09-23
713,22,88,6,3,KGID100713,Mahesh,1997-09-10,1,7,0,2027-06-17
714,22,88,7,1,KGID100714,Salman,1975-11-22,1,8,0,2005-04-22
715,22,88,5,2,KGID100715,Mahesh,1973-04-28,1,7,0,2000-04-19
716,22,88,7,1,KGID100716,Karthik,1981-02-20,1,2,0,2008-08-31
717,22,88,7,2,KGID100717,Anand,1995-10-05,1,8,0,2019-05-22
718,22,88,7,2,KGID100718,Anand,1976-08-28,1,5,0,2000-12-12
719,22,88,4,4,KGID100719,Kavitha,1994-06-04,2,1,0,2020-04-08
720,22,88,5,4,KGID100720,Naveen,1980-01-04,1,1,1,2002-09-10
721,23,89,5,3,KGID100721,Vani,1979-08-09,2,7,0,2001-12-08
722,23,89,5,2,KGID100722,Lokesh,1984-10-22,1,8,0,2012-11-26
723,23,89,5,2,KGID100723,Karthik,1998-07-31,1,3,0,2025-03-29
724,23,89,7,3,KGID100724,Ravi,1994-07-18,1,3,0,2021-12-26
725,23,89,6,3,KGID100725,Raghavendra,1996-11-04,1,3,0,2026-08-17
726,23,89,5,2,KGID100726,Karthik,1983-02-03,1,7,0,2009-01-22
727,23,89,5,3,KGID100727,Naveen,1994-03-26,1,6,0,2021-11-04
728,23,89,6,1,KGID100728,Basavaraj,1973-11-07,1,3,0,2002-05-05
729,23,89,4,4,KGID100729,Naveen,1985-10-27,1,2,0,2013-08-08
730,23,89,6,4,KGID100730,Abdul,1993-04-11,1,5,0,2022-05-14
731,23,90,6,4,KGID100731,Ravi,1985-06-13,1,6,0,2013-03-07
732,23,90,7,4,KGID100732,Kavitha,1975-09-13,2,5,0,1998-01-29
733,23,90,6,1,KGID100733,Suresh,1989-09-02,1,5,0,2013-07-20
734,23,90,6,1,KGID100734,Girish,1972-10-22,1,5,0,1996-03-19
735,23,90,6,2,KGID100735,Nagaraj,1970-06-26,1,3,0,1993-09-19
736,23,90,5,3,KGID100736,Santosh,1996-08-16,1,3,0,2026-06-20
737,23,90,5,3,KGID100737,Roopa,1974-12-08,2,7,0,2003-08-07
738,23,90,7,2,KGID100738,Shivakumar,1977-03-05,1,1,0,2005-08-21
739,23,91,6,4,KGID100739,Shivakumar,1986-03-16,1,4,0,2011-07-27
740,23,91,6,1,KGID100740,Basavaraj,1974-12-09,1,5,0,2002-11-14
741,23,91,4,1,KGID100741,Abdul,1988-01-16,1,6,0,2017-09-07
742,23,91,5,1,KGID100742,Imran,1981-05-25,1,5,0,2006-05-31
743,23,91,6,2,KGID100743,Joseph,1994-12-26,1,6,0,2024-07-03
744,23,91,4,1,KGID100744,Roopa,1970-05-12,2,1,0,1999-11-21
745,23,92,5,2,KGID100745,Shivakumar,1977-06-19,1,1,0,2002-08-17
746,23,92,4,1,KGID100746,Deepak,1990-05-24,1,2,0,2019-07-14
747,23,92,4,2,KGID100747,Abdul,1997-04-30,1,5,0,2021-05-20
748,23,92,7,2,KGID100748,Manjunath,1979-05-28,1,5,0,2006-03-05
749,23,92,5,1,KGID100749,Joseph,1983-01-10,1,5,0,2009-05-14
750,23,92,6,3,KGID100750,Shivakumar,1986-09-24,1,3,0,2010-12-18
751,23,92,7,1,KGID100751,Venkatesh,1977-06-07,1,8,0,2006-04-20
752,23,92,6,1,KGID100752,Manjunath,1989-06-10,1,8,0,2014-03-27
753,23,92,7,2,KGID100753,Suresh,1979-01-25,1,7,0,2002-10-01
754,23,92,6,1,KGID100754,Joseph,1986-04-09,1,4,1,2013-02-22
755,24,93,5,3,KGID100755,Venkatesh,1981-05-06,1,1,0,2010-12-22
756,24,93,4,3,KGID100756,Rekha,1988-03-11,2,5,0,2013-12-27
757,24,93,5,3,KGID100757,Suresh,1992-06-25,1,2,0,2016-08-10
758,24,93,5,1,KGID100758,Manjunath,1995-01-08,1,4,0,2019-02-17
759,24,93,6,2,KGID100759,Shobha,1983-03-25,2,8,0,2005-12-02
760,24,93,4,2,KGID100760,Ayesha,1971-04-06,2,1,0,1997-01-18
761,24,93,6,2,KGID100761,Imran,1985-08-06,1,4,0,2015-03-09
762,24,93,6,4,KGID100762,Kiran,1992-03-31,1,1,0,2014-06-12
763,24,93,5,1,KGID100763,Ravi,1991-07-12,1,8,0,2014-01-26
764,24,94,6,4,KGID100764,Karthik,1973-11-19,1,4,0,2001-06-11
765,24,94,7,4,KGID100765,Mahesh,1981-01-12,1,3,0,2004-05-15
766,24,94,5,1,KGID100766,Asha,1990-03-07,2,2,0,2014-02-09
767,24,94,6,2,KGID100767,Santosh,1988-10-30,1,1,0,2012-08-30
768,24,94,4,3,KGID100768,Imran,1996-06-17,1,2,1,2020-03-19
769,24,94,7,3,KGID100769,Manjunath,1979-08-28,1,3,0,2006-04-22
770,24,94,5,4,KGID100770,Chandrashekar,1984-01-08,1,1,0,2008-09-07
771,24,94,5,3,KGID100771,Deepak,1991-05-05,1,1,0,2016-09-13
772,24,94,6,4,KGID100772,Chandrashekar,1991-01-22,1,4,0,2017-02-06
773,24,94,4,2,KGID100773,Vinay,1971-10-22,1,8,0,1995-12-18
774,24,95,5,2,KGID100774,Suresh,1991-12-11,1,7,0,2018-01-04
775,24,95,7,1,KGID100775,Joseph,1971-06-23,1,3,0,1994-08-18
776,24,95,7,3,KGID100776,Chandrashekar,1972-05-30,1,6,0,1997-01-12
777,24,95,5,2,KGID100777,Mahesh,1996-07-03,1,2,0,2019-09-22
778,24,95,6,4,KGID100778,Vinay,1977-07-05,1,8,0,2000-04-26
779,24,95,5,2,KGID100779,Vinay,1976-01-22,1,8,0,2002-05-21
780,24,95,4,4,KGID100780,Nagaraj,1981-06-06,1,1,0,2004-11-03
781,24,96,5,2,KGID100781,Ayesha,1975-10-29,2,3,0,2001-08-30
782,24,96,5,1,KGID100782,Deepak,1989-09-02,1,7,0,2017-11-08
783,24,96,5,1,KGID100783,Vinay,1986-02-10,1,7,0,2013-04-14
784,24,96,6,2,KGID100784,Mahesh,1989-09-19,1,1,0,2014-03-12
785,24,96,6,3,KGID100785,Basavaraj,1971-02-22,1,8,0,1997-11-25
786,24,96,4,4,KGID100786,Prakash,1986-11-08,1,1,0,2011-07-15
787,25,97,7,1,KGID100787,Geetha,1980-01-24,2,1,0,2004-09-23
788,25,97,4,3,KGID100788,Salman,1989-05-29,1,8,0,2017-12-08
789,25,97,7,3,KGID100789,Meena,1996-11-16,2,1,0,2023-01-06
790,25,97,5,3,KGID100790,Salman,1988-01-25,1,5,0,2010-06-01
791,25,97,4,4,KGID100791,Anand,1996-10-20,1,6,0,2026-06-19
792,25,97,6,2,KGID100792,Abdul,1971-10-03,1,8,0,1994-12-25
793,25,97,6,2,KGID100793,Santosh,1993-12-25,1,3,0,2016-09-19
794,25,97,7,2,KGID100794,Prakash,1995-02-02,1,4,0,2023-07-31
795,25,97,4,2,KGID100795,Mary,1979-06-07,2,6,0,2002-01-10
796,25,98,7,4,KGID100796,Prakash,1994-02-25,1,5,0,2022-02-06
797,25,98,4,1,KGID100797,Abdul,1976-05-29,1,7,0,2003-07-12
798,25,98,4,2,KGID100798,Manjunath,1975-08-10,1,8,0,2000-09-07
799,25,98,7,4,KGID100799,Imran,1979-12-23,1,3,0,2006-08-19
800,25,98,4,1,KGID100800,Peter,1979-12-02,1,4,0,2004-01-09
801,25,98,7,2,KGID100801,Mahesh,1989-09-09,1,8,0,2015-07-09
802,25,98,5,4,KGID100802,Karthik,1985-02-24,1,3,0,2012-04-08
803,25,98,5,2,KGID100803,Arun,1977-09-19,1,1,0,2005-02-17
804,25,98,5,2,KGID100804,Santosh,1994-03-22,1,3,0,2022-03-17
805,25,98,4,1,KGID100805,Abdul,1975-06-28,1,6,0,2000-02-21
806,25,99,4,2,KGID100806,Santosh,1989-02-20,1,6,0,2019-01-20
807,25,99,4,3,KGID100807,Santosh,1980-04-05,1,8,0,2003-08-10
808,25,99,6,2,KGID100808,Roopa,1970-02-23,2,5,0,1998-04-04
809,25,99,6,3,KGID100809,Joseph,1992-09-09,1,6,0,2016-04-28
810,25,99,4,2,KGID100810,Suresh,1993-01-25,1,1,0,2021-03-25
811,25,99,4,4,KGID100811,Ayesha,1973-02-23,2,4,0,1998-10-16
812,25,99,4,4,KGID100812,Joseph,1976-08-29,1,8,0,1998-11-24
813,25,99,5,4,KGID100813,Mary,1976-08-13,2,1,0,2004-02-06
814,25,99,5,1,KGID100814,Kiran,1982-07-30,1,5,0,2008-11-21
815,25,100,7,3,KGID100815,Divya,1977-05-04,2,8,0,2004-04-21
816,25,100,6,1,KGID100816,Bhagya,1974-10-01,2,3,0,2003-04-27
817,25,100,6,3,KGID100817,Naveen,1981-05-31,1,2,1,2004-02-20
818,25,100,6,4,KGID100818,Nagaraj,1975-12-14,1,3,0,2004-03-02
819,25,100,5,4,KGID100819,Kavitha,1986-09-10,2,5,0,2009-02-23
820,25,100,5,2,KGID100820,Harish,1996-12-02,1,5,0,2018-12-07
821,25,100,5,3,KGID100821,Fathima,1992-03-31,2,3,0,2021-09-12
822,25,100,6,1,KGID100822,Harish,1974-01-23,1,6,0,1999-02-26
823,26,101,5,4,KGID100823,Nagaraj,1993-08-15,1,1,0,2016-12-11
824,26,101,7,2,KGID100824,Suresh,1980-11-16,1,6,0,2008-01-12
825,26,101,5,4,KGID100825,Raghavendra,1971-08-29,1,2,0,1996-11-22
826,26,101,6,2,KGID100826,Santosh,1990-05-17,1,6,0,2014-03-26
827,26,101,7,2,KGID100827,Girish,1993-04-28,1,2,0,2023-02-18
828,26,101,5,2,KGID100828,Kiran,1974-08-29,1,8,0,2002-06-15
829,26,101,6,2,KGID100829,Sunitha,1977-05-31,2,4,0,2001-02-17
830,26,101,7,4,KGID100830,Salman,1998-10-15,1,2,0,2026-09-27
831,26,101,5,2,KGID100831,Manjula,1970-08-04,2,6,0,1997-12-14
832,26,101,5,2,KGID100832,Deepak,1995-12-25,1,1,0,2021-10-20
833,26,102,5,2,KGID100833,Naveen,1993-05-30,1,4,0,2017-12-08
834,26,102,6,3,KGID100834,Salman,1972-08-24,1,1,0,1994-11-04
835,26,102,6,1,KGID100835,Abdul,1990-03-08,1,5,0,2012-10-30
836,26,102,6,2,KGID100836,Ravi,1996-08-14,1,4,0,2019-12-29
837,26,102,6,2,KGID100837,Manjunath,1998-10-13,1,6,0,2023-11-17
838,26,102,4,1,KGID100838,Peter,1987-03-07,1,1,0,2015-07-23
839,26,103,5,4,KGID100839,Sunitha,1970-02-23,2,8,0,1993-03-28
840,26,103,6,3,KGID100840,Shivakumar,1976-02-26,1,4,0,2002-02-12
841,26,103,4,4,KGID100841,Joseph,1974-03-17,1,3,0,2001-06-01
842,26,103,4,2,KGID100842,Girish,1994-07-28,1,8,0,2017-01-04
843,26,103,5,4,KGID100843,Deepak,1993-05-18,1,7,0,2020-05-04
844,26,103,7,2,KGID100844,Asha,1998-08-14,2,3,1,2025-12-08
845,26,103,6,1,KGID100845,Abdul,1983-06-27,1,2,0,2010-05-20
846,26,104,5,2,KGID100846,Prakash,1972-03-15,1,4,0,1998-04-07
847,26,104,7,3,KGID100847,Manjula,1998-07-08,2,5,0,2025-04-06
848,26,104,6,2,KGID100848,Anand,1995-09-26,1,8,0,2024-12-09
849,26,104,6,1,KGID100849,Fathima,1979-06-28,2,2,0,2003-02-15
850,26,104,7,1,KGID100850,Imran,1971-01-05,1,2,0,1994-02-10
851,26,104,5,2,KGID100851,Santosh,1990-07-28,1,5,0,2020-03-04
852,26,104,6,2,KGID100852,Manjunath,1996-02-13,1,5,0,2023-08-16
853,26,104,6,1,KGID100853,Nagaraj,1981-09-10,1,1,0,2009-09-27
854,26,104,6,3,KGID100854,Manjula,1985-04-25,2,8,0,2010-10-29
855,27,105,6,3,KGID100855,Naveen,1994-01-09,1,3,0,2017-11-06
856,27,105,6,4,KGID100856,Joseph,1989-05-10,1,8,0,2018-11-28
857,27,105,6,4,KGID100857,Mary,1983-04-26,2,7,0,2008-04-02
858,27,105,6,1,KGID100858,Girish,1972-02-03,1,3,0,1994-05-23
859,27,105,5,3,KGID100859,Peter,1970-12-01,1,2,0,1999-11-29
860,27,105,5,2,KGID100860,Bhagya,1971-12-03,2,4,0,2001-04-27
861,27,105,5,2,KGID100861,Salman,1980-05-17,1,1,0,2003-08-23
862,27,106,6,2,KGID100862,Naveen,1989-04-30,1,1,0,2017-01-31
863,27,106,5,4,KGID100863,Mahesh,1989-05-29,1,2,0,2015-10-08
864,27,106,6,2,KGID100864,Abdul,1981-06-07,1,3,0,2008-12-26
865,27,106,4,4,KGID100865,Raghavendra,1986-11-28,1,4,0,2016-01-07
866,27,106,6,1,KGID100866,Anand,1997-05-18,1,2,0,2021-11-23
867,27,106,5,2,KGID100867,Anand,1986-03-04,1,2,0,2012-12-11
868,27,107,5,2,KGID100868,Girish,1992-07-29,1,7,0,2020-08-12
869,27,107,7,4,KGID100869,Shivakumar,1976-02-23,1,3,0,1998-05-04
870,27,107,6,4,KGID100870,Karthik,1979-02-12,1,7,0,2008-04-02
871,27,107,6,2,KGID100871,Suresh,1976-10-29,1,4,0,2002-11-24
872,27,107,4,2,KGID100872,Girish,1983-12-17,1,7,0,2009-07-08
873,27,107,5,3,KGID100873,Santosh,1993-05-15,1,4,0,2022-02-04
874,27,107,6,3,KGID100874,Harish,1985-10-17,1,7,0,2013-03-22
875,27,107,5,2,KGID100875,Santosh,1974-08-23,1,3,0,1996-12-14
876,27,108,5,4,KGID100876,Fathima,1971-11-19,2,5,0,1994-10-22
877,27,108,4,3,KGID100877,Bhagya,1992-11-08,2,3,0,2022-03-18
878,27,108,6,4,KGID100878,Chandrashekar,1987-10-05,1,5,0,2017-03-11
879,27,108,5,4,KGID100879,Deepak,1996-04-22,1,7,0,2021-10-21
880,27,108,5,2,KGID100880,Raghavendra,1974-11-29,1,5,0,1998-02-03
881,27,108,5,1,KGID100881,Anand,1986-09-07,1,6,0,2014-08-26
882,28,109,7,2,KGID100882,Nagaraj,1982-05-09,1,5,0,2009-08-31
883,28,109,4,2,KGID100883,Shruthi,1998-08-19,2,5,0,2028-01-16
884,28,109,4,4,KGID100884,Salman,1997-08-21,1,4,0,2027-04-22
885,28,109,5,2,KGID100885,Lokesh,1980-03-28,1,4,0,2003-03-27
886,28,109,6,1,KGID100886,Shivakumar,1997-08-21,1,5,0,2026-11-06
887,28,109,5,3,KGID100887,Fathima,1995-01-28,2,2,0,2021-09-09
888,28,109,6,4,KGID100888,Chandrashekar,1981-12-21,1,6,0,2008-09-03
889,28,109,7,2,KGID100889,Suresh,1991-06-11,1,1,0,2018-05-26
890,28,109,5,2,KGID100890,Mahesh,1972-10-18,1,3,0,1996-01-09
891,28,110,5,2,KGID100891,Mahesh,1986-04-11,1,6,0,2009-10-03
892,28,110,6,4,KGID100892,Raghavendra,1976-03-10,1,4,0,2002-08-02
893,28,110,5,2,KGID100893,Venkatesh,1973-01-10,1,3,0,2000-03-13
894,28,110,5,2,KGID100894,Deepak,1975-01-29,1,2,1,1998-01-22
895,28,110,6,1,KGID100895,Joseph,1998-02-23,1,4,0,2027-09-08
896,28,110,6,2,KGID100896,Naveen,1979-10-19,1,7,0,2007-04-29
897,28,110,5,3,KGID100897,Karthik,1994-09-23,1,3,0,2024-04-21
898,28,110,6,2,KGID100898,Girish,1978-01-05,1,6,0,2006-12-04
899,28,110,5,3,KGID100899,Manjunath,1985-12-15,1,4,0,2009-06-07
900,28,111,4,1,KGID100900,Nagaraj,1973-03-30,1,6,0,2001-06-22
901,28,111,6,4,KGID100901,Umesh,1970-03-08,1,7,0,1995-01-04
902,28,111,6,2,KGID100902,Umesh,1989-01-14,1,5,0,2011-06-26
903,28,111,5,4,KGID100903,Mahesh,1974-06-28,1,7,0,1997-06-24
904,28,111,7,2,KGID100904,Suresh,1986-12-26,1,7,0,2012-02-13
905,28,111,6,2,KGID100905,Shruthi,1987-08-04,2,6,0,2013-01-31
906,28,111,6,1,KGID100906,Kiran,1992-05-15,1,4,0,2021-06-29
907,28,111,7,3,KGID100907,Suresh,1978-11-08,1,7,0,2002-09-02
908,28,111,7,4,KGID100908,Fathima,1985-01-09,2,8,0,2011-01-03
909,28,112,5,2,KGID100909,Geetha,1981-11-23,2,3,0,2004-12-05
910,28,112,6,2,KGID100910,Karthik,1989-03-01,1,1,0,2018-08-02
911,28,112,7,1,KGID100911,Raghavendra,1978-05-18,1,6,0,2005-12-12
912,28,112,6,1,KGID100912,Abdul,1983-05-31,1,6,0,2009-08-02
913,28,112,5,4,KGID100913,Karthik,1985-06-13,1,1,0,2014-06-24
914,28,112,5,2,KGID100914,Deepak,1981-01-20,1,1,0,2009-06-03
915,29,113,6,1,KGID100915,Suresh,1988-08-13,1,7,0,2017-05-09
916,29,113,5,2,KGID100916,Joseph,1973-01-13,1,7,0,1995-04-02
917,29,113,6,3,KGID100917,Joseph,1974-02-07,1,5,0,1999-06-08
918,29,113,6,2,KGID100918,Umesh,1998-04-24,1,8,0,2024-06-01
919,29,113,4,3,KGID100919,Nagaraj,1990-06-05,1,6,0,2017-02-25
920,29,113,5,3,KGID100920,Raghavendra,1971-05-18,1,4,0,1999-02-12
921,29,113,6,1,KGID100921,Basavaraj,1991-06-03,1,5,0,2020-08-30
922,29,113,5,2,KGID100922,Arun,1980-03-22,1,4,0,2003-11-15
923,29,114,4,4,KGID100923,Venkatesh,1971-07-15,1,7,0,1999-04-11
924,29,114,5,2,KGID100924,Peter,1997-08-28,1,2,0,2022-06-25
925,29,114,6,1,KGID100925,Peter,1976-02-10,1,2,0,2000-02-20
926,29,114,7,3,KGID100926,Mahesh,1994-08-21,1,5,0,2021-09-21
927,29,114,7,4,KGID100927,Sunitha,1976-04-19,2,5,0,1999-02-28
928,29,114,4,1,KGID100928,Venkatesh,1970-03-14,1,3,0,1996-08-11
929,29,114,6,2,KGID100929,Lokesh,1980-04-21,1,7,0,2009-03-23
930,29,114,4,2,KGID100930,Kiran,1976-06-29,1,1,0,1999-09-25
931,29,115,5,3,KGID100931,Raghavendra,1976-06-30,1,3,0,1999-06-12
932,29,115,6,3,KGID100932,Santosh,1995-02-20,1,8,1,2024-12-31
933,29,115,6,1,KGID100933,Harish,1980-01-13,1,6,1,2008-05-27
934,29,115,7,4,KGID100934,Salman,1984-02-22,1,5,0,2011-09-08
935,29,115,7,3,KGID100935,Chandrashekar,1994-08-28,1,4,0,2023-07-01
936,29,115,4,2,KGID100936,Raghavendra,1980-09-30,1,7,0,2008-12-08
937,29,115,6,1,KGID100937,Deepak,1985-04-03,1,3,0,2015-01-23
938,29,116,6,2,KGID100938,Shivakumar,1987-04-10,1,8,0,2011-09-20
939,29,116,7,2,KGID100939,Salman,1984-03-08,1,8,0,2013-09-19
940,29,116,7,1,KGID100940,Shruthi,1979-08-12,2,8,0,2009-05-05
941,29,116,6,2,KGID100941,Deepak,1973-06-07,1,4,0,2000-01-30
942,29,116,7,2,KGID100942,Ravi,1978-11-16,1,3,0,2004-11-11
943,29,116,4,4,KGID100943,Savitha,1981-06-29,2,4,0,2008-04-21
944,29,116,4,4,KGID100944,Nagaraj,1996-09-15,1,5,0,2022-09-04
945,30,117,4,1,KGID100945,Prakash,1984-11-24,1,2,0,2012-01-04
946,30,117,5,2,KGID100946,Prakash,1991-06-08,1,3,0,2014-09-28
947,30,117,5,2,KGID100947,Joseph,1986-12-16,1,6,0,2010-01-20
948,30,117,5,3,KGID100948,Vinay,1984-02-23,1,6,0,2006-03-15
949,30,117,5,2,KGID100949,Nagaraj,1994-05-03,1,3,0,2020-12-21
950,30,117,6,3,KGID100950,Arun,1974-09-11,1,8,0,2001-06-27
951,30,117,5,1,KGID100951,Abdul,1971-01-05,1,2,0,1997-12-16
952,30,117,6,1,KGID100952,Joseph,1984-10-08,1,3,0,2007-06-11
953,30,117,6,4,KGID100953,Imran,1980-01-24,1,5,0,2006-10-01
954,30,117,6,4,KGID100954,Umesh,1998-02-20,1,3,0,2023-04-05
955,30,118,7,3,KGID100955,Venkatesh,1993-09-24,1,4,0,2019-08-03
956,30,118,6,4,KGID100956,Venkatesh,1983-04-09,1,5,0,2006-09-01
957,30,118,5,1,KGID100957,Girish,1981-08-05,1,1,0,2010-09-15
958,30,118,7,3,KGID100958,Nagaraj,1998-04-26,1,2,0,2023-09-16
959,30,118,4,1,KGID100959,Padma,1982-01-23,2,8,0,2005-06-08
960,30,118,6,4,KGID100960,Shivakumar,1978-01-13,1,4,0,2006-07-17
961,30,118,7,3,KGID100961,Arun,1992-11-17,1,4,0,2016-06-07
962,30,118,5,3,KGID100962,Vinay,1985-06-16,1,7,0,2008-07-16
963,30,118,4,2,KGID100963,Kiran,1977-04-23,1,7,0,2004-04-18
964,30,119,7,3,KGID100964,Naveen,1989-11-18,1,8,0,2017-06-17
965,30,119,5,3,KGID100965,Bhagya,1974-11-29,2,8,0,2002-07-26
966,30,119,5,3,KGID100966,Naveen,1974-01-07,1,8,0,2003-10-16
967,30,119,6,1,KGID100967,Venkatesh,1974-01-15,1,2,0,2002-10-09
968,30,119,5,2,KGID100968,Chandrashekar,1974-01-03,1,5,0,2000-02-27
969,30,119,6,1,KGID100969,Kiran,1996-09-01,1,5,0,2025-04-07
970,30,119,6,2,KGID100970,Karthik,1970-01-26,1,2,0,1993-06-05
971,30,119,5,3,KGID100971,Anand,1989-04-02,1,8,0,2016-04-22
972,30,119,6,3,KGID100972,Geetha,1987-03-05,2,8,0,2016-04-17
973,30,119,6,2,KGID100973,Manjunath,1983-03-06,1,1,0,2007-10-09
974,30,120,4,4,KGID100974,Imran,1975-08-21,1,5,0,2005-07-20
975,30,120,6,4,KGID100975,Venkatesh,1976-07-19,1,1,0,2005-06-21
976,30,120,4,4,KGID100976,Joseph,1987-02-07,1,3,0,2009-04-18
977,30,120,6,3,KGID100977,Vinay,1998-03-26,1,2,0,2028-02-17
978,30,120,4,2,KGID100978,Lokesh,1971-07-14,1,7,0,1999-01-11
979,30,120,4,1,KGID100979,Chandrashekar,1982-12-31,1,2,0,2007-11-13
980,30,120,5,2,KGID100980,Santosh,1996-02-22,1,7,0,2019-02-18
981,30,120,5,3,KGID100981,Mahesh,1970-12-04,1,2,0,1993-07-25
982,30,120,4,2,KGID100982,Mahesh,1982-10-11,1,4,0,2006-02-12
983,31,121,5,1,KGID100983,Chandrashekar,1983-02-07,1,6,0,2006-05-18
984,31,121,5,1,KGID100984,Basavaraj,1983-11-13,1,5,0,2012-12-14
985,31,121,7,2,KGID100985,Prakash,1995-12-17,1,5,0,2024-03-01
986,31,121,5,4,KGID100986,Naveen,1976-12-03,1,3,0,2000-07-03
987,31,121,4,3,KGID100987,Raghavendra,1985-05-16,1,5,0,2007-10-29
988,31,121,5,3,KGID100988,Suresh,1979-04-20,1,6,0,2007-12-27
989,31,121,5,4,KGID100989,Karthik,1979-07-29,1,2,0,2002-01-25
990,31,121,5,3,KGID100990,Prakash,1994-09-02,1,4,0,2022-11-23
991,31,121,7,3,KGID100991,Roopa,1991-08-12,2,5,0,2016-07-11
992,31,121,5,1,KGID100992,Roopa,1985-08-24,2,3,0,2014-05-09
993,31,122,6,4,KGID100993,Ravi,1992-11-21,1,8,0,2016-10-26
994,31,122,7,3,KGID100994,Arun,1988-04-30,1,2,0,2010-08-29
995,31,122,7,1,KGID100995,Shruthi,1983-02-28,2,2,0,2007-02-17
996,31,122,5,2,KGID100996,Ayesha,1977-07-15,2,4,0,1999-09-29
997,31,122,5,1,KGID100997,Girish,1977-12-21,1,5,0,2005-06-29
998,31,122,7,3,KGID100998,Deepak,1970-03-30,1,2,0,1994-06-05
999,31,123,7,4,KGID100999,Santosh,1976-08-05,1,3,0,2005-12-23
1000,31,123,5,4,KGID101000,Manjunath,1978-11-01,1,5,0,2007-03-18
1001,31,123,7,4,KGID101001,Salman,1990-11-28,1,8,1,2015-09-23
1002,31,123,6,2,KGID101002,Abdul,1980-12-28,1,2,0,2007-10-29
1003,31,123,7,2,KGID101003,Umesh,1995-10-29,1,1,0,2018-04-19
1004,31,123,5,2,KGID101004,Shivakumar,1970-03-06,1,2,0,1996-07-22
1005,31,123,5,2,KGID101005,Shobha,1972-07-14,2,6,0,1997-04-27
1006,31,123,4,4,KGID101006,Prakash,1986-05-01,1,6,0,2013-02-27
1007,31,123,5,4,KGID101007,Basavaraj,1981-08-06,1,4,0,2004-03-10
1008,31,123,7,3,KGID101008,Deepak,1995-12-31,1,2,0,2019-01-20
1009,31,124,4,2,KGID101009,Meena,1998-11-04,2,1,0,2028-08-08
1010,31,124,7,1,KGID101010,Girish,1972-03-28,1,1,0,1995-05-14
1011,31,124,7,4,KGID101011,Prakash,1977-12-07,1,1,0,2006-08-22
1012,31,124,7,1,KGID101012,Raghavendra,1981-07-22,1,8,0,2010-11-03
1013,31,124,7,1,KGID101013,Prakash,1970-06-02,1,4,0,1999-01-28
1014,31,124,6,4,KGID101014,Chandrashekar,1982-02-03,1,8,0,2008-10-18
